etikett,selskaper,forste_dato,siste_dato,selsk_for_som,selsk_etter_som,vintage,metode,sn2007_kode,sn2007_navn,sn2025_kode,sn2025_navn,kanonisk_sn2007,kanonisk_navn,kanonisk_kilde,er_bygg_sn2007,er_bygg_sn2025,selskapstekst_kode
Oppføring av bygninger,1470,2018-10-19,2026-08-24,1169,301,begge,T1,41.200,Oppføring av bygninger,41.000,Oppføring av bygninger,41.200,Oppføring av bygninger,direkte,true,true,41.000
Drift av restauranter og kafeer,834,2019-10-22,2025-08-27,834,0,SN2007,T1,56.101,Drift av restauranter og kafeer,,,56.101,Drift av restauranter og kafeer,direkte,false,,
Snekkerarbeid,411,2021-02-10,2026-08-18,321,90,begge,T1,43.320,Snekkerarbeid,43.320,Snekkerarbeid,43.320,Snekkerarbeid,direkte,true,true,43.320
Godstransport på vei,384,2019-05-28,2026-08-17,282,102,begge,T1,49.410,Godstransport på vei,49.410,Godstransport på vei,49.410,Godstransport på vei,direkte,false,false,49.410
Grunnarbeid,333,2020-01-10,2026-08-24,242,91,begge,T1,43.120,Grunnarbeid,43.120,Grunnarbeid,43.120,Grunnarbeid,direkte,true,true,43.120
Drift av restauranter,309,2025-09-02,2026-08-24,0,309,SN2025,T2,,,56.110,Drift av restauranter,56.101|56.102,Drift av restauranter og kafeer | Drift av gatekjøkken,korrespondanse-1tilmange,false,false,56.110
Utleie av egen eller leid fast eiendom ellers,308,2017-12-20,2025-08-29,308,0,SN2007,T1,68.209,Utleie av egen eller leid fast eiendom ellers,,,68.209,Utleie av egen eller leid fast eiendom ellers,direkte,false,,
Utvikling og salg av egen fast eiendom ellers,296,2019-02-19,2025-08-29,296,0,SN2007,T1,41.109,Utvikling og salg av egen fast eiendom ellers,,,41.109,Utvikling og salg av egen fast eiendom ellers,direkte,true,,
Uoppgitt,290,2021-04-15,2026-08-24,191,99,begge,T4,,,00.000,Uoppgitt,,,,,false,00.000
Bedriftsrådgivning og annen administrativ rådgivning,273,2021-09-10,2026-08-17,186,87,begge,T1,70.220,Bedriftsrådgivning og annen administrativ rådgivning,70.200,Bedriftsrådgivning og annen administrativ rådgivning,70.220,Bedriftsrådgivning og annen administrativ rådgivning,direkte,false,false,70.200
Annen teknisk konsulentvirksomhet,267,2019-11-28,2026-08-21,205,62,begge,T1,71.129,Annen teknisk konsulentvirksomhet,71.129,Annen teknisk konsulentvirksomhet,71.129,Annen teknisk konsulentvirksomhet,direkte,false,false,71.129
Programmeringstjenester,202,2021-06-16,2025-08-27,202,0,SN2007,T1,62.010,Programmeringstjenester,,,62.010,Programmeringstjenester,direkte,false,,
Annen spesialisert bygge- og anleggsvirksomhet,189,2017-05-15,2025-08-26,189,0,SN2007,T1,43.990,Annen spesialisert bygge- og anleggsvirksomhet,,,43.990,Annen spesialisert bygge- og anleggsvirksomhet,direkte,true,,
Kjøp og salg av egen fast eiendom,176,2019-02-06,2026-08-21,119,57,begge,T1,68.100,Kjøp og salg av egen fast eiendom,68.110,Kjøp og salg av egen fast eiendom,68.100,Kjøp og salg av egen fast eiendom,direkte,false,false,68.110
Frisering og annen skjønnhetspleie,174,2022-08-19,2025-08-27,174,0,SN2007,T1,96.020,Frisering og annen skjønnhetspleie,,,96.020,Frisering og annen skjønnhetspleie,direkte,false,,
Rørleggerarbeid,170,2019-11-19,2026-08-21,152,18,begge,T1,43.221,Rørleggerarbeid,43.221,Rørleggerarbeid,43.221,Rørleggerarbeid,direkte,true,true,43.221
Butikkhandel med klær,165,2020-03-10,2025-08-21,165,0,SN2007,T1,47.710,Butikkhandel med klær,,,47.710,Butikkhandel med klær,direkte,false,,
"Vedlikehold og reparasjon av motorvogner, unntatt motorsykle",159,2022-02-14,2025-08-19,159,0,SN2007,T1,45.200,"Vedlikehold og reparasjon av motorvogner, unntatt motorsykler",,,45.200,"Vedlikehold og reparasjon av motorvogner, unntatt motorsykler",direkte,false,,
Elektrisk installasjonsarbeid,144,2019-10-28,2026-08-04,102,42,begge,T1,43.210,Elektrisk installasjonsarbeid,43.210,Elektrisk installasjonsarbeid,43.210,Elektrisk installasjonsarbeid,direkte,true,true,43.210
Rengjøring av bygninger,137,2020-03-10,2026-08-17,95,42,begge,T1,81.210,Rengjøring av bygninger,81.210,Rengjøring av bygninger,81.210,Rengjøring av bygninger,direkte,false,false,81.210
Utleie av egen eller leid fast eiendom,134,2025-09-01,2026-08-24,0,134,SN2025,T2,,,68.200,Utleie av egen eller leid fast eiendom,68.209,Utleie av egen eller leid fast eiendom ellers,korrespondanse-1til1,false,false,68.200
Drift av gatekjøkken,133,2020-04-17,2025-08-21,133,0,SN2007,T1,56.102,Drift av gatekjøkken,,,56.102,Drift av gatekjøkken,direkte,false,,
Malerarbeid,123,2022-03-01,2025-08-14,123,0,SN2007,T1,43.341,Malerarbeid,,,43.341,Malerarbeid,direkte,true,,43.341
Butikkhandel med bredt vareutvalg med hovedvekt på nærings-,114,2021-11-05,2025-08-19,114,0,SN2007,T1,47.111,Butikkhandel med bredt vareutvalg med hovedvekt på nærings- og nytelsesmidler,,,47.111,Butikkhandel med bredt vareutvalg med hovedvekt på nærings- og nytelsesmidler,direkte,false,,
"Detaljhandel med biler og lette motorvogner, unntatt motorsy",107,2021-07-08,2025-08-20,107,0,SN2007,T1,45.112,"Detaljhandel med biler og lette motorvogner, unntatt motorsykler",,,45.112,"Detaljhandel med biler og lette motorvogner, unntatt motorsykler",direkte,false,,
Utvikling og salg av byggeprosjekter,102,2025-09-08,2026-08-24,0,102,SN2025,T2,,,68.120,Utvikling og salg av byggeprosjekter,41.101|41.109|42.990,Boligbyggelag | Utvikling og salg av egen fast eiendom ellers | Bygging av andre anlegg ikke nevnt annet sted,korrespondanse-1tilmange,true,false,68.120
Byggeteknisk konsulentvirksomhet,98,2021-01-11,2026-06-22,68,30,begge,T1,71.121,Byggeteknisk konsulentvirksomhet,71.121,Byggeteknisk konsulentvirksomhet,71.121,Byggeteknisk konsulentvirksomhet,direkte,false,false,71.121
Postordre-/Internetthandel med annet spesialisert vareutvalg,95,2020-07-06,2025-08-15,95,0,SN2007,T1,47.919,Postordre-/Internetthandel med annet spesialisert vareutvalg,,,47.919,Postordre-/Internetthandel med annet spesialisert vareutvalg,direkte,false,,
Reklamebyråer,89,2022-09-02,2025-08-13,89,0,SN2007,T1,73.110,Reklamebyråer,,,73.110,Reklamebyråer,direkte,false,,
Andre post- og budtjenester,85,2021-10-05,2026-08-21,63,22,begge,T1,53.200,Andre post- og budtjenester,53.200,Andre post- og budtjenester,53.200,Andre post- og budtjenester,direkte,false,false,53.200
Utleie av arbeidskraft,83,2019-10-23,2025-08-19,83,0,SN2007,T1,78.200,Utleie av arbeidskraft,,,78.200,Utleie av arbeidskraft,direkte,false,,
Konsulentvirksomhet tilknyttet informasjonsteknologi,77,2022-08-23,2025-08-28,77,0,SN2007,T1,62.020,Konsulentvirksomhet tilknyttet informasjonsteknologi,,,62.020,Konsulentvirksomhet tilknyttet informasjonsteknologi,direkte,false,,
Dataprogrammeringstjenester,71,2025-09-01,2026-08-24,0,71,SN2025,T2,,,62.100,Dataprogrammeringstjenester,62.010,Programmeringstjenester,korrespondanse-1til1,false,false,62.100
Cateringvirksomhet,61,2022-01-26,2025-08-18,61,0,SN2007,T1,56.210,Cateringvirksomhet,,,56.210,Cateringvirksomhet,direkte,false,,
"Industridesign, produktdesign og annen teknisk designvirksom",60,2021-08-12,2025-08-28,60,0,SN2007,T1,74.101,"Industridesign, produktdesign og annen teknisk designvirksomhet",,,74.101,"Industridesign, produktdesign og annen teknisk designvirksomhet",direkte,false,,
Detaljhandel med drivstoff til motorvogner,57,2022-04-06,2026-03-13,46,11,begge,T1,47.300,Detaljhandel med drivstoff til motorvogner,47.300,Detaljhandel med drivstoff til motorvogner,47.300,Detaljhandel med drivstoff til motorvogner,direkte,false,false,47.300
Detaljhandel med klær,56,2025-09-01,2026-08-19,0,56,SN2025,T2,,,47.710,Detaljhandel med klær,47.710|47.820|47.912|47.990,"Butikkhandel med klær | Torghandel med tekstiler, klær, skotøy og utstyrsvarer | Postordre-/Internetthandel med tekstiler, utstyrsvarer, klær, skotøy, reiseeffekter og lærvarer | Detaljhandel utenom utsalgssted ellers",korrespondanse-1tilmange,false,false,47.710
"Produksjon av film, video og fjernsynsprogrammer",56,2022-04-29,2026-08-21,38,18,begge,T1,59.110,"Produksjon av film, video og fjernsynsprogrammer",59.110,"Produksjon av film, video og fjernsynsprogrammer",59.110,"Produksjon av film, video og fjernsynsprogrammer",direkte,false,false,59.110
Engroshandel med byggevarer ikke nevnt annet sted,56,2021-12-10,2025-07-08,56,0,SN2007,T1,46.739,Engroshandel med byggevarer ikke nevnt annet sted,,,46.739,Engroshandel med byggevarer ikke nevnt annet sted,direkte,false,,
Drift av puber,55,2022-09-28,2025-08-29,55,0,SN2007,T1,56.301,Drift av puber,,,56.301,Drift av puber,direkte,false,,
Detaljhandel utenom utsalgssted ellers,55,2023-01-19,2025-08-07,55,0,SN2007,T1,47.990,Detaljhandel utenom utsalgssted ellers,,,47.990,Detaljhandel utenom utsalgssted ellers,direkte,false,,
Produksjon av brød og ferske konditorvarer,53,2021-08-25,2026-06-04,39,14,begge,T1,10.710,Produksjon av brød og ferske konditorvarer,10.710,Produksjon av brød og ferske konditorvarer,10.710,Produksjon av brød og ferske konditorvarer,direkte,false,false,10.710
Butikkhandel med blomster og planter,51,2022-10-25,2025-06-30,51,0,SN2007,T1,47.761,Butikkhandel med blomster og planter,,,47.761,Butikkhandel med blomster og planter,direkte,false,,
Hav- og kystfiske,49,2021-09-06,2025-08-27,49,0,SN2007,T1,03.111,Hav- og kystfiske,,,03.111,Hav- og kystfiske,direkte,false,,
VVS-arbeid,48,2025-09-02,2026-04-13,0,48,SN2025,T3,43.22,VVS-arbeid,,,43.22,VVS-arbeid,direkte,true,,43.220
Reparasjon og vedlikehold av motorvogner,47,2025-09-05,2026-08-21,0,47,SN2025,T2,,,95.310,Reparasjon og vedlikehold av motorvogner,45.200,"Vedlikehold og reparasjon av motorvogner, unntatt motorsykler",korrespondanse-1til1,false,false,95.310
Gulvlegging og tapetsering,46,2022-09-14,2026-08-17,35,11,begge,T1,43.330,Gulvlegging og tapetsering,43.330,Gulvlegging og tapetsering,43.330,Gulvlegging og tapetsering,direkte,true,true,43.330
Butikkhandel med innredningsartikler ikke nevnt annet sted,45,2020-04-27,2025-08-26,45,0,SN2007,T1,47.599,Butikkhandel med innredningsartikler ikke nevnt annet sted,,,47.599,Butikkhandel med innredningsartikler ikke nevnt annet sted,direkte,false,,
Vaktmestertjenester,44,2022-02-17,2025-07-10,44,0,SN2007,T1,81.101,Vaktmestertjenester,,,81.101,Vaktmestertjenester,direkte,false,,
"Postordre-/Internetthandel med tekstiler, utstyrsvarer, klær",42,2022-09-14,2025-08-07,42,0,SN2007,T1,47.912,"Postordre-/Internetthandel med tekstiler, utstyrsvarer, klær, skotøy, reiseeffekter og lærvarer",,,47.912,"Postordre-/Internetthandel med tekstiler, utstyrsvarer, klær, skotøy, reiseeffekter og lærvarer",direkte,false,,
Frisering og barbering,42,2025-09-05,2026-08-13,0,42,SN2025,T2,,,96.210,Frisering og barbering,96.020,Frisering og annen skjønnhetspleie,korrespondanse-1til1,false,false,96.210
Detaljhandel med motorvogner,41,2025-09-08,2026-08-10,0,41,SN2025,T2,,,47.810,Detaljhandel med motorvogner,45.112|45.192,"Detaljhandel med biler og lette motorvogner, unntatt motorsykler | Detaljhandel med andre motorvogner, unntatt motorsykler",korrespondanse-1tilmange,false,false,47.810
Bearbeiding av metaller,39,2021-09-29,2026-08-20,29,10,begge,T1,25.620,Bearbeiding av metaller,25.530,Bearbeiding av metaller,25.620,Bearbeiding av metaller,direkte,false,false,25.530
Annen undervisning ikke nevnt annet sted,39,2021-08-18,2025-08-14,39,0,SN2007,T1,85.599,Annen undervisning ikke nevnt annet sted,,,85.599,Annen undervisning ikke nevnt annet sted,direkte,false,,
Detaljhandel med bredt vareutvalg med hovedvekt på nærings-,39,2025-09-02,2026-08-24,0,39,SN2025,T2,,,47.110,Detaljhandel med bredt vareutvalg med hovedvekt på nærings- og nytelsesmidler,47.111|47.112|47.810|47.911|47.990,"Butikkhandel med bredt vareutvalg med hovedvekt på nærings- og nytelsesmidler | Kioskhandel med bredt vareutvalg med hovedvekt på nærings- og nytelsesmidler | Torghandel med næringsmidler, drikkevarer og tobakksvarer | Postordre-/Internetthandel med bredt vareutvalg | Detaljhandel utenom utsalgssted ellers",korrespondanse-1tilmange,false,false,47.110
Utleie og leasing av biler og andre lette motorvogner,38,2019-11-07,2026-07-22,28,10,begge,T1,77.110,Utleie og leasing av biler og andre lette motorvogner,77.110,Utleie og leasing av biler og andre lette motorvogner,77.110,Utleie og leasing av biler og andre lette motorvogner,direkte,false,false,77.110
Flyttetransport,38,2022-01-25,2026-08-05,29,9,begge,T1,49.420,Flyttetransport,49.420,Flyttetransport,49.420,Flyttetransport,direkte,false,false,49.420
Rekruttering og formidling av arbeidskraft,38,2022-04-25,2026-07-14,29,9,begge,T1,78.100,Rekruttering og formidling av arbeidskraft,78.100,Rekruttering og formidling av arbeidskraft,78.100,Rekruttering og formidling av arbeidskraft,direkte,false,false,78.100
Maler- og glassarbeid,38,2025-09-03,2026-08-18,0,38,SN2025,T2,,,43.340,Maler- og glassarbeid,43.341|43.342|43.390,Malerarbeid | Glassarbeid | Annen ferdiggjøring av bygninger,korrespondanse-1tilmange,true,true,43.340
"Drift av hoteller, pensjonater og moteller med restaurant",38,2020-01-02,2025-07-03,38,0,SN2007,T1,55.101,"Drift av hoteller, pensjonater og moteller med restaurant",,,55.101,"Drift av hoteller, pensjonater og moteller med restaurant",direkte,false,,
Telefonsalg,38,2020-10-16,2025-07-22,38,0,SN2007,T1,82.202,Telefonsalg,,,82.202,Telefonsalg,direkte,false,,
Utleie og leasing av bygge- og anleggsmaskiner og -utstyr,37,2022-08-15,2026-07-09,29,8,begge,T1,77.320,Utleie og leasing av bygge- og anleggsmaskiner og -utstyr,77.320,Utleie og leasing av bygge- og anleggsmaskiner og -utstyr,77.320,Utleie og leasing av bygge- og anleggsmaskiner og -utstyr,direkte,false,false,77.320
Konsulentvirksomhet tilknyttet informasjonsteknologi og forv,37,2025-09-15,2026-07-13,0,37,SN2025,T2,,,62.200,Konsulentvirksomhet tilknyttet informasjonsteknologi og forvaltning og drift av IT-systemer,62.020|62.030,Konsulentvirksomhet tilknyttet informasjonsteknologi | Forvaltning og drift av IT-systemer,korrespondanse-1tilmange,false,false,62.200
Drift av web-portaler,36,2022-09-01,2025-07-29,36,0,SN2007,T1,63.120,Drift av web-portaler,,,63.120,Drift av web-portaler,direkte,false,,
Butikkhandel ikke nevnt annet sted,36,2019-09-03,2025-07-02,36,0,SN2007,T1,47.789,Butikkhandel ikke nevnt annet sted,,,47.789,Butikkhandel ikke nevnt annet sted,direkte,false,,
Butikkhandel med møbler,36,2022-07-22,2025-08-29,36,0,SN2007,T1,47.591,Butikkhandel med møbler,,,47.591,Butikkhandel med møbler,direkte,false,,
Tjenester tilknyttet underholdningsvirksomhet,36,2022-02-17,2025-07-03,36,0,SN2007,T1,90.020,Tjenester tilknyttet underholdningsvirksomhet,,,90.020,Tjenester tilknyttet underholdningsvirksomhet,direkte,false,,
Andre helsetjenester,35,2022-06-01,2025-08-28,35,0,SN2007,T1,86.909,Andre helsetjenester,,,86.909,Andre helsetjenester,direkte,false,,
Kioskhandel med bredt vareutvalg med hovedvekt på nærings- o,35,2018-10-16,2025-07-01,35,0,SN2007,T1,47.112,Kioskhandel med bredt vareutvalg med hovedvekt på nærings- og nytelsesmidler,,,47.112,Kioskhandel med bredt vareutvalg med hovedvekt på nærings- og nytelsesmidler,direkte,false,,
Butikkhandel med sportsutstyr,35,2020-02-03,2025-08-27,35,0,SN2007,T1,47.641,Butikkhandel med sportsutstyr,,,47.641,Butikkhandel med sportsutstyr,direkte,false,,
Drift av barer,34,2025-09-03,2026-08-19,0,34,SN2025,T2,,,56.300,Drift av barer,56.301|56.309,Drift av puber | Drift av barer ellers,korrespondanse-1tilmange,false,false,56.300
Reklamebyråvirksomhet,34,2025-09-19,2026-08-05,0,34,SN2025,T2,,,73.110,Reklamebyråvirksomhet,73.110,Reklamebyråer,korrespondanse-1til1,false,false,73.110
"Engroshandel med maskiner og utstyr til handel, transport og",33,2021-12-10,2025-08-15,33,0,SN2007,T1,46.694,"Engroshandel med maskiner og utstyr til handel, transport og tjenesteyting ellers",,,46.694,"Engroshandel med maskiner og utstyr til handel, transport og tjenesteyting ellers",direkte,false,,
Virksomhet knyttet til kroppspleie og fysisk velvære,32,2021-06-22,2025-08-14,32,0,SN2007,T1,96.040,Virksomhet knyttet til kroppspleie og fysisk velvære,,,96.040,Virksomhet knyttet til kroppspleie og fysisk velvære,direkte,false,,
Drosjebiltransport,32,2020-03-13,2025-08-27,32,0,SN2007,T1,49.320,Drosjebiltransport,,,49.320,Drosjebiltransport,direkte,false,,
Engroshandel med bredt utvalg av nærings- og nytelsesmidler,31,2021-12-10,2026-06-29,23,8,begge,T1,46.390,Engroshandel med bredt utvalg av nærings- og nytelsesmidler,46.390,Engroshandel med bredt utvalg av nærings- og nytelsesmidler,46.390,Engroshandel med bredt utvalg av nærings- og nytelsesmidler,direkte,false,false,46.390
Reparasjon og vedlikehold av skip og båter,31,2022-10-20,2025-06-13,31,0,SN2007,T1,33.150,Reparasjon og vedlikehold av skip og båter,,,33.150,Reparasjon og vedlikehold av skip og båter,direkte,false,,
Utleie og leasing av andre maskiner og annet utstyr og mater,30,2021-07-05,2026-05-21,24,6,begge,T1,77.390,Utleie og leasing av andre maskiner og annet utstyr og materiell ikke nevnt annet sted,77.390,Utleie og leasing av andre maskiner og annet utstyr og materiell ikke nevnt annet sted,77.390,Utleie og leasing av andre maskiner og annet utstyr og materiell ikke nevnt annet sted,direkte,false,false,77.390
"Interiørarkitekt, interiørdesign og interiørkonsulentvirksom",29,2022-11-02,2025-08-06,29,0,SN2007,,,,,,,,,,,
Eiendomsmegling,29,2019-09-10,2025-08-22,29,0,SN2007,T1,68.310,Eiendomsmegling,,,68.310,Eiendomsmegling,direkte,false,,
Fotografvirksomhet,29,2023-03-21,2026-06-30,21,8,begge,T1,74.200,Fotografvirksomhet,74.200,Fotografvirksomhet,74.200,Fotografvirksomhet,direkte,false,false,74.200
Beplantning av hager og parkanlegg,29,2021-08-31,2026-04-14,23,6,begge,T1,81.300,Beplantning av hager og parkanlegg,81.300,Beplantning av hager og parkanlegg,81.300,Beplantning av hager og parkanlegg,direkte,false,false,81.300
Ventilasjonsarbeid,28,2020-08-24,2026-04-27,26,2,begge,T1,43.223,Ventilasjonsarbeid,43.223,Ventilasjonsarbeid,43.223,Ventilasjonsarbeid,direkte,true,true,43.223
"Opplevelses-, arrangements- og aktivitetsarrangørvirksomhet",28,2023-03-07,2025-07-16,28,0,SN2007,T1,79.903,"Opplevelses-, arrangements- og aktivitetsarrangørvirksomhet",,,79.903,"Opplevelses-, arrangements- og aktivitetsarrangørvirksomhet",direkte,false,,
Produksjon av bygningsartikler,27,2022-01-21,2025-06-24,27,0,SN2007,T1,16.232,Produksjon av bygningsartikler,,,16.232,Produksjon av bygningsartikler,direkte,false,,
Drift av idrettsanlegg,27,2021-10-13,2025-10-17,25,2,begge,T1,93.110,Drift av idrettsanlegg,93.110,Drift av idrettsanlegg,93.110,Drift av idrettsanlegg,direkte,false,false,93.110
Takarbeid ellers,26,2022-01-25,2025-07-11,26,0,SN2007,T1,43.919,Takarbeid ellers,,,43.919,Takarbeid ellers,direkte,true,,
Annen forskning og annet utviklingsarbeid innen naturvitensk,26,2016-10-27,2025-08-26,26,0,SN2007,T1,72.190,Annen forskning og annet utviklingsarbeid innen naturvitenskap og teknikk,,,72.190,Annen forskning og annet utviklingsarbeid innen naturvitenskap og teknikk,direkte,false,,
Butikkhandel med spill og leker,26,2019-01-24,2025-08-19,26,0,SN2007,T1,47.650,Butikkhandel med spill og leker,,,47.650,Butikkhandel med spill og leker,direkte,false,,
Passasjertransport på forespørsel utført av fører med kjøret,26,2025-09-01,2026-06-08,0,26,SN2025,T2,,,49.330,Passasjertransport på forespørsel utført av fører med kjøretøy,49.320,Drosjebiltransport,korrespondanse-1til1,false,false,49.330
Catering for arrangementer,26,2025-09-18,2026-07-21,0,26,SN2025,T2,,,56.210,Catering for arrangementer,56.210,Cateringvirksomhet,korrespondanse-1til1,false,false,56.210
Andre tjenester tilknyttet kunstnerisk virksomhet og underho,26,2025-09-03,2026-08-20,0,26,SN2025,T2,,,90.390,Andre tjenester tilknyttet kunstnerisk virksomhet og underholdningsvirksomhet,90.020,Tjenester tilknyttet underholdningsvirksomhet,korrespondanse-1til1,false,false,90.390
"Annen faglig, vitenskapelig og teknisk virksomhet ikke nevnt",25,2022-09-12,2025-08-21,25,0,SN2007,T1,74.909,"Annen faglig, vitenskapelig og teknisk virksomhet ikke nevnt annet sted",,,74.909,"Annen faglig, vitenskapelig og teknisk virksomhet ikke nevnt annet sted",direkte,false,,
Reparasjon av maskiner,25,2022-02-01,2025-07-04,25,0,SN2007,T1,33.120,Reparasjon av maskiner,,,33.120,Reparasjon av maskiner,direkte,false,,
"Engroshandel med tømmer, trelast, byggevarer og sanitærutsty",25,2025-09-10,2026-08-13,0,25,SN2025,T2,,,46.830,"Engroshandel med tømmer, trelast, byggevarer og sanitærutstyr",46.731|46.732|46.733|46.739,Engroshandel med tømmer | Engroshandel med trelast | Engroshandel med fargevarer | Engroshandel med byggevarer ikke nevnt annet sted,korrespondanse-1tilmange,false,false,46.830
Annen forretningsmessig tjenesteyting ikke nevnt annet sted,25,2022-07-13,2026-07-01,22,3,begge,T1,82.990,Annen forretningsmessig tjenesteyting ikke nevnt annet sted,82.990,Annen forretningsmessig tjenesteyting ikke nevnt annet sted,82.990,Annen forretningsmessig tjenesteyting ikke nevnt annet sted,direkte,false,false,82.990
Treningssentre,23,2021-02-02,2025-07-10,23,0,SN2007,T1,93.130,Treningssentre,,,93.130,Treningssentre,direkte,false,,
Arkitekttjenester vedrørende byggverk,23,2021-05-03,2025-07-09,23,0,SN2007,T1,71.112,Arkitekttjenester vedrørende byggverk,,,71.112,Arkitekttjenester vedrørende byggverk,direkte,false,,
Kuldeanlegg- og varmepumpearbeid,23,2021-11-15,2025-08-25,23,0,SN2007,T1,43.222,Kuldeanlegg- og varmepumpearbeid,,,43.222,Kuldeanlegg- og varmepumpearbeid,direkte,true,,
Uspesifisert engroshandel,23,2023-06-13,2026-07-13,15,8,begge,T1,46.900,Uspesifisert engroshandel,46.900,Uspesifisert engroshandel,46.900,Uspesifisert engroshandel,direkte,false,false,46.900
"Detaljhandel med deler og utstyr til motorvogner, unntatt mo",23,2022-10-05,2025-08-22,23,0,SN2007,T1,45.320,"Detaljhandel med deler og utstyr til motorvogner, unntatt motorsykler",,,45.320,"Detaljhandel med deler og utstyr til motorvogner, unntatt motorsykler",direkte,false,,
Engroshandel med spesialisert utvalg av nærings- og nytelses,23,2022-06-14,2025-07-07,23,0,SN2007,T1,46.389,Engroshandel med spesialisert utvalg av nærings- og nytelsesmidler ikke nevnt annet sted,,,46.389,Engroshandel med spesialisert utvalg av nærings- og nytelsesmidler ikke nevnt annet sted,direkte,false,,
Engroshandel med klær,22,2022-08-15,2025-08-08,22,0,SN2007,T1,46.421,Engroshandel med klær,,,46.421,Engroshandel med klær,direkte,false,,
Butikkhandel med tekstiler og utstyrsvarer,22,2021-03-08,2025-06-24,22,0,SN2007,T1,47.510,Butikkhandel med tekstiler og utstyrsvarer,,,47.510,Butikkhandel med tekstiler og utstyrsvarer,direkte,false,,
Annet installasjonsarbeid,22,2021-06-23,2026-03-13,14,8,begge,T1,43.290,Annet installasjonsarbeid,43.240,Annet installasjonsarbeid,43.290,Annet installasjonsarbeid,direkte,true,true,43.240
Annen spesialisert bygge- og anleggsvirksomhet ikke nevnt an,22,2025-09-25,2026-08-14,0,22,SN2025,T2,,,43.990,Annen spesialisert bygge- og anleggsvirksomhet ikke nevnt annet sted,41.200|43.990,Oppføring av bygninger | Annen spesialisert bygge- og anleggsvirksomhet,korrespondanse-1tilmange,true,true,43.990
"Detaljhandel med andre motorvogner, unntatt motorsykler",21,2022-08-12,2024-12-23,21,0,SN2007,T1,45.192,"Detaljhandel med andre motorvogner, unntatt motorsykler",,,45.192,"Detaljhandel med andre motorvogner, unntatt motorsykler",direkte,false,,
Annen undervisning ellers,21,2025-09-17,2026-07-13,0,21,SN2025,T2,,,85.597,Annen undervisning ellers,85.599,Annen undervisning ikke nevnt annet sted,korrespondanse-1til1,false,false,85.597
Detaljhandel med sportsvarer,21,2025-10-01,2026-08-17,0,21,SN2025,T2,,,47.631,Detaljhandel med sportsvarer,47.641|47.789|47.890|47.919|47.990,Butikkhandel med sportsutstyr | Butikkhandel ikke nevnt annet sted | Torghandel med andre varer | Postordre-/Internetthandel med annet spesialisert vareutvalg | Detaljhandel utenom utsalgssted ellers,korrespondanse-1tilmange,false,false,47.631
Engroshandel med maskiner og utstyr ellers,21,2025-09-09,2026-08-21,0,21,SN2025,T2,,,46.640,Engroshandel med maskiner og utstyr ellers,46.431|46.640|46.691|46.692|46.693|46.694,"Engroshandel med elektriske husholdningsapparater og -maskiner | Engroshandel med maskiner og utstyr til tekstilproduksjon | Engroshandel med maskiner og utstyr til kraftproduksjon og installasjon | Engroshandel med skipsutstyr og fiskeredskap | Engroshandel med maskiner og utstyr til industri ellers | Engroshandel med maskiner og utstyr til handel, transport og tjenesteyting ellers",korrespondanse-1tilmange,false,false,46.640
Engroshandel med trelast,21,2021-03-15,2025-07-04,21,0,SN2007,T1,46.732,Engroshandel med trelast,,,46.732,Engroshandel med trelast,direkte,false,,
Trykking ellers,20,2019-10-09,2026-07-24,13,7,begge,T1,18.120,Trykking ellers,18.120,Trykking ellers,18.120,Trykking ellers,direkte,false,false,18.120
Grafisk og visuell kommunikasjonsdesign,20,2023-05-05,2025-08-07,20,0,SN2007,T1,74.102,Grafisk og visuell kommunikasjonsdesign,,,74.102,Grafisk og visuell kommunikasjonsdesign,direkte,false,,
"Engroshandel med maskiner og utstyr til bergverksdrift, olje",20,2019-07-29,2026-07-23,15,5,begge,T1,46.630,"Engroshandel med maskiner og utstyr til bergverksdrift, olje- og gassutvinning og bygge- og anleggsvirksomhet",46.630,"Engroshandel med maskiner og utstyr til bergverksdrift, olje- og gassutvinning og bygge- og anleggsvirksomhet",46.630,"Engroshandel med maskiner og utstyr til bergverksdrift, olje- og gassutvinning og bygge- og anleggsvirksomhet",direkte,false,false,46.630
Engroshandel med møbler,20,2022-10-17,2025-06-19,20,0,SN2007,T1,46.471,Engroshandel med møbler,,,46.471,Engroshandel med møbler,direkte,false,,
Utleie av arbeidskraft og andre personaladministrative tjene,20,2025-09-04,2026-07-09,0,20,SN2025,T2,,,78.200,Utleie av arbeidskraft og andre personaladministrative tjenester,78.200|78.300,Utleie av arbeidskraft | Andre personaladministrative tjenester,korrespondanse-1tilmange,false,false,78.200
Produksjon av møbler ellers,20,2021-03-11,2025-08-14,20,0,SN2007,T1,31.090,Produksjon av møbler ellers,,,31.090,Produksjon av møbler ellers,direkte,false,,
"Engroshandel med fisk, skalldyr og bløtdyr",20,2022-03-17,2026-07-02,15,5,begge,T1,46.381,"Engroshandel med fisk, skalldyr og bløtdyr",46.322,"Engroshandel med fisk, skalldyr og bløtdyr",46.381,"Engroshandel med fisk, skalldyr og bløtdyr",direkte,false,false,46.322
Eiendomsforvaltning,20,2021-09-08,2025-08-22,20,0,SN2007,T1,68.320,Eiendomsforvaltning,,,68.320,Eiendomsforvaltning,direkte,false,,
Undervisning innen idrett og rekreasjon,20,2023-02-13,2025-06-16,20,0,SN2007,T1,85.510,Undervisning innen idrett og rekreasjon,,,85.510,Undervisning innen idrett og rekreasjon,direkte,false,,
Familieeide egeninvesteringsselskaper,20,2023-10-12,2025-03-28,20,0,SN2007,T1,64.308,Familieeide egeninvesteringsselskaper,,,64.308,Familieeide egeninvesteringsselskaper,direkte,false,,
Postordre-/Internetthandel med bredt vareutvalg,20,2023-03-28,2025-08-20,20,0,SN2007,T1,47.911,Postordre-/Internetthandel med bredt vareutvalg,,,47.911,Postordre-/Internetthandel med bredt vareutvalg,direkte,false,,
Engroshandel med sportsutstyr,19,2020-02-03,2025-07-04,19,0,SN2007,T1,46.494,Engroshandel med sportsutstyr,,,46.494,Engroshandel med sportsutstyr,direkte,false,,
Butikkhandel med kjæledyr og fôr til kjæledyr,19,2023-02-14,2025-07-25,19,0,SN2007,,,,,,,,,,,
Eiendomsforvaltning på oppdrag,19,2025-09-02,2026-07-20,0,19,SN2025,T2,,,68.320,Eiendomsforvaltning på oppdrag,68.310|68.320,Eiendomsmegling | Eiendomsforvaltning,korrespondanse-1tilmange,false,false,68.320
Kombinerte tjenester tilknyttet eiendomsdrift,18,2025-10-09,2026-07-08,0,18,SN2025,T2,,,81.100,Kombinerte tjenester tilknyttet eiendomsdrift,81.101|81.109,Vaktmestertjenester | Andre kombinerte tjenester tilknyttet eiendomsdrift,korrespondanse-1tilmange,false,false,81.100
Engroshandel med husholdningsvarer og varer til personlig br,18,2022-09-28,2025-08-20,18,0,SN2007,T1,46.499,Engroshandel med husholdningsvarer og varer til personlig bruk ikke nevnt annet sted,,,46.499,Engroshandel med husholdningsvarer og varer til personlig bruk ikke nevnt annet sted,direkte,false,,
Aktiviteter utført av utflukts- og eventarrangører,18,2025-09-04,2026-07-27,0,18,SN2025,T2,,,79.121,Aktiviteter utført av utflukts- og eventarrangører,79.903,"Opplevelses-, arrangements- og aktivitetsarrangørvirksomhet",korrespondanse-1til1,false,false,79.121
Fiske og fangst i sjø,18,2025-09-10,2026-07-07,0,18,SN2025,T2,,,03.110,Fiske og fangst i sjø,03.111|03.112,Hav- og kystfiske | Hvalfangst,korrespondanse-1tilmange,false,false,03.110
"Postordre-/Internetthandel med belysningsutstyr, kjøkkenutst",17,2023-04-27,2025-05-30,17,0,SN2007,T1,47.913,"Postordre-/Internetthandel med belysningsutstyr, kjøkkenutstyr, møbler og innredningsartikler",,,47.913,"Postordre-/Internetthandel med belysningsutstyr, kjøkkenutstyr, møbler og innredningsartikler",direkte,false,,
Butikkhandel med elektriske husholdningsapparater,17,2022-02-01,2025-08-04,17,0,SN2007,T1,47.540,Butikkhandel med elektriske husholdningsapparater,,,47.540,Butikkhandel med elektriske husholdningsapparater,direkte,false,,
Blikkenslagerarbeid på tak,17,2022-12-08,2025-08-19,17,0,SN2007,,,,,,,,,,,
Produksjon av monteringsferdige hus,17,2020-10-01,2024-12-03,17,0,SN2007,T1,16.231,Produksjon av monteringsferdige hus,,,16.231,Produksjon av monteringsferdige hus,direkte,false,,
Riving av bygninger og andre konstruksjoner,16,2020-07-16,2025-08-27,16,0,SN2007,T1,43.110,Riving av bygninger og andre konstruksjoner,,,43.110,Riving av bygninger og andre konstruksjoner,direkte,true,,
"Detaljhandel med blomster, planter, gjødsel og plantevernmid",16,2025-09-24,2026-08-05,0,16,SN2025,T2,,,47.761,"Detaljhandel med blomster, planter, gjødsel og plantevernmidler",47.761|47.890|47.919|47.990,Butikkhandel med blomster og planter | Torghandel med andre varer | Postordre-/Internetthandel med annet spesialisert vareutvalg | Detaljhandel utenom utsalgssted ellers,korrespondanse-1tilmange,false,false,47.761
Butikkhandel med byggevarer ikke nevnt annet sted,16,2023-01-10,2025-07-30,16,0,SN2007,T1,47.529,Butikkhandel med byggevarer ikke nevnt annet sted,,,47.529,Butikkhandel med byggevarer ikke nevnt annet sted,direkte,false,,
Agenturhandel med spesialisert vareutvalg ellers,16,2023-06-19,2026-07-31,10,6,begge,T1,46.180,Agenturhandel med spesialisert vareutvalg ellers,46.180,Agenturhandel med spesialisert vareutvalg ellers,46.180,Agenturhandel med spesialisert vareutvalg ellers,direkte,false,false,46.180
Drift av barer ellers,16,2023-01-19,2025-05-05,16,0,SN2007,T1,56.309,Drift av barer ellers,,,56.309,Drift av barer ellers,direkte,false,,
Butikkhandel med drikkevarer ellers,15,2023-02-27,2025-04-22,15,0,SN2007,T1,47.259,Butikkhandel med drikkevarer ellers,,,47.259,Butikkhandel med drikkevarer ellers,direkte,false,,
"Engroshandel med jernvarer, rørleggerartikler og oppvarmings",15,2021-11-29,2026-07-03,12,3,begge,T1,46.740,"Engroshandel med jernvarer, rørleggerartikler og oppvarmingsutstyr",46.840,"Engroshandel med jernvarer, rørleggerartikler og oppvarmingsutstyr",46.740,"Engroshandel med jernvarer, rørleggerartikler og oppvarmingsutstyr",direkte,false,false,46.840
Tjenester tilknyttet skogbruk,15,2022-10-31,2026-08-24,6,9,begge,T1,02.400,Tjenester tilknyttet skogbruk,02.400,Tjenester tilknyttet skogbruk,02.400,Tjenester tilknyttet skogbruk,direkte,false,false,02.400
Takarbeid,15,2025-09-09,2026-08-24,0,15,SN2025,T2,,,43.410,Takarbeid,43.911|43.919|43.990,Blikkenslagerarbeid | Takarbeid ellers | Annen spesialisert bygge- og anleggsvirksomhet,korrespondanse-1tilmange,true,true,43.410
"Slakting, bearbeiding og konservering av fisk og fiskevarer",15,2020-02-20,2025-08-27,15,0,SN2007,T1,10.209,"Slakting, bearbeiding og konservering av fisk og fiskevarer ellers",,,10.209,"Slakting, bearbeiding og konservering av fisk og fiskevarer ellers",direkte,false,,
Skjønnhetspleie,15,2025-10-21,2026-07-24,0,15,SN2025,T2,,,96.220,Skjønnhetspleie,96.020,Frisering og annen skjønnhetspleie,korrespondanse-1til1,false,false,96.220
Butikkhandel med skotøy,15,2023-02-02,2025-08-21,15,0,SN2007,T1,47.721,Butikkhandel med skotøy,,,47.721,Butikkhandel med skotøy,direkte,false,,
Bygging av veier og motorveier,15,2021-04-26,2026-08-10,10,5,begge,T1,42.110,Bygging av veier og motorveier,42.110,Bygging av veier og motorveier,42.110,Bygging av veier og motorveier,direkte,true,true,42.110
Opplevelsesaktiviteter,15,2021-05-11,2026-08-05,11,4,begge,T1,93.291,Opplevelsesaktiviteter,93.291,Opplevelsesaktiviteter,93.291,Opplevelsesaktiviteter,direkte,false,false,93.291
Drift av hoteller,15,2025-09-11,2026-06-12,0,15,SN2025,T2,,,55.100,Drift av hoteller,55.101|55.102,"Drift av hoteller, pensjonater og moteller med restaurant | Drift av hoteller, pensjonater og moteller uten restaurant",korrespondanse-1tilmange,false,false,55.100
Forskning og eksperimentell utvikling innenfor naturvitenska,15,2025-10-03,2026-07-28,0,15,SN2025,T2,,,72.100,Forskning og eksperimentell utvikling innenfor naturvitenskap og teknikk,72.110|72.190,Forskning og utviklingsarbeid innen bioteknologi | Annen forskning og annet utviklingsarbeid innen naturvitenskap og teknikk,korrespondanse-1tilmange,false,false,72.100
Engroshandel med elektronikkutstyr og telekommunikasjonsutst,15,2022-06-23,2025-05-27,15,0,SN2007,T1,46.520,Engroshandel med elektronikkutstyr og telekommunikasjonsutstyr samt deler,,,46.520,Engroshandel med elektronikkutstyr og telekommunikasjonsutstyr samt deler,direkte,false,,
Butikkhandel med fargevarer,14,2022-08-31,2025-06-30,14,0,SN2007,T1,47.523,Butikkhandel med fargevarer,,,47.523,Butikkhandel med fargevarer,direkte,false,,
"All annen faglig, vitenskapelig og teknisk virksomhet ikke n",14,2025-10-14,2026-06-22,0,14,SN2025,T2,,,74.990,"All annen faglig, vitenskapelig og teknisk virksomhet ikke nevnt annet sted",74.901|74.902|74.903|74.909,"Takseringsvirksomhet | Modellbyråvirksomhet | Impresariovirksomhet | Annen faglig, vitenskapelig og teknisk virksomhet ikke nevnt annet sted",korrespondanse-1tilmange,false,false,74.990
Utvendig rengjøring av bygninger og industriell rengjøring,14,2023-05-10,2026-08-12,9,5,begge,T1,81.220,Utvendig rengjøring av bygninger og industriell rengjøring,81.220,Utvendig rengjøring av bygninger og industriell rengjøring,81.220,Utvendig rengjøring av bygninger og industriell rengjøring,direkte,false,false,81.220
Utgivelse av annen programvare,14,2019-09-23,2026-04-29,8,6,begge,T1,58.290,Utgivelse av annen programvare,58.290,Utgivelse av annen programvare,58.290,Utgivelse av annen programvare,direkte,false,false,58.290
Annen industriproduksjon ikke nevnt annet sted,14,2022-06-02,2026-02-13,12,2,begge,T1,32.990,Annen industriproduksjon ikke nevnt annet sted,32.990,Annen industriproduksjon ikke nevnt annet sted,32.990,Annen industriproduksjon ikke nevnt annet sted,direkte,false,false,32.990
"Butikkhandel med bredt utvalg av jernvarer, fargevarer og an",14,2022-02-16,2025-08-29,14,0,SN2007,T1,47.521,"Butikkhandel med bredt utvalg av jernvarer, fargevarer og andre byggevarer",,,47.521,"Butikkhandel med bredt utvalg av jernvarer, fargevarer og andre byggevarer",direkte,false,,
"Detaljhandel med jernvarer, byggevarer, fargevarer og glass",14,2025-09-11,2026-07-30,0,14,SN2025,T2,,,47.520,"Detaljhandel med jernvarer, byggevarer, fargevarer og glass",47.521|47.522|47.523|47.524|47.529|47.599|47.890|47.919|47.990,"Butikkhandel med bredt utvalg av jernvarer, fargevarer og andre byggevarer | Butikkhandel med jernvarer | Butikkhandel med fargevarer | Butikkhandel med trelast | Butikkhandel med byggevarer ikke nevnt annet sted | Butikkhandel med innredningsartikler ikke nevnt annet sted | Torghandel med andre varer | Postordre-/Internetthandel med annet spesialisert vareutvalg | Detaljhandel utenom utsalgssted ellers",korrespondanse-1tilmange,false,false,47.520
Butikkhandel med fritidsbåter og -utstyr,14,2021-04-22,2025-05-23,14,0,SN2007,T1,47.642,Butikkhandel med fritidsbåter og -utstyr,,,47.642,Butikkhandel med fritidsbåter og -utstyr,direkte,false,,
Turbiltransport,13,2022-05-23,2025-05-30,13,0,SN2007,T1,49.392,Turbiltransport,,,49.392,Turbiltransport,direkte,false,,
Andre helsetjenester ellers,13,2025-09-12,2026-06-30,0,13,SN2025,T2,,,86.993,Andre helsetjenester ellers,86.906|86.909,Medisinske laboratorietjenester | Andre helsetjenester,korrespondanse-1tilmange,false,false,86.993
Engroshandel med maskiner og utstyr til jordbruk og skogbruk,13,2022-06-09,2026-03-02,10,3,begge,T1,46.610,Engroshandel med maskiner og utstyr til jordbruk og skogbruk,46.610,Engroshandel med maskiner og utstyr til jordbruk og skogbruk,46.610,Engroshandel med maskiner og utstyr til jordbruk og skogbruk,direkte,false,false,46.610
Personlig tjenesteyting ikke nevnt annet sted,13,2022-05-24,2025-05-14,13,0,SN2007,T1,96.090,Personlig tjenesteyting ikke nevnt annet sted,,,96.090,Personlig tjenesteyting ikke nevnt annet sted,direkte,false,,
Glassarbeid,13,2022-09-19,2025-08-21,13,0,SN2007,T1,43.342,Glassarbeid,,,43.342,Glassarbeid,direkte,true,,
Annen ferdiggjøring av bygninger,13,2023-01-09,2026-05-15,11,2,begge,T1,43.390,Annen ferdiggjøring av bygninger,43.350,Annen ferdiggjøring av bygninger,43.390,Annen ferdiggjøring av bygninger,direkte,true,true,43.350
"Produksjon av andre trevarer og varer av kork, strå og flett",13,2023-05-02,2026-05-07,10,3,begge,T1,16.290,"Produksjon av andre trevarer og varer av kork, strå og flettematerialer",16.280,"Produksjon av andre trevarer og varer av kork, strå og flettematerialer",16.290,"Produksjon av andre trevarer og varer av kork, strå og flettematerialer",direkte,false,false,16.280
Engroshandel med parfyme og kosmetikk,13,2022-12-01,2026-06-16,8,5,begge,T1,46.450,Engroshandel med parfyme og kosmetikk,46.450,Engroshandel med parfyme og kosmetikk,46.450,Engroshandel med parfyme og kosmetikk,direkte,false,false,46.450
Engroshandel med andre husholdningsvarer,13,2025-09-05,2026-08-07,0,13,SN2025,T2,,,46.490,Engroshandel med andre husholdningsvarer,46.433|46.491|46.492|46.493|46.494|46.495|46.499,"Engroshandel med plater, musikk- og videokassetter og CD- og DVD-plater | Engroshandel med bøker, aviser og blader | Engroshandel med reiseeffekter og lærvarer | Engroshandel med fritidsbåter og -utstyr | Engroshandel med sportsutstyr | Engroshandel med spill og leker | Engroshandel med husholdningsvarer og varer til personlig bruk ikke nevnt annet sted",korrespondanse-1tilmange,false,false,46.490
Butikkhandel med nærings- og nytelsesmidler ikke nevnt annet,13,2023-05-23,2025-06-13,13,0,SN2007,T1,47.299,Butikkhandel med nærings- og nytelsesmidler ikke nevnt annet sted,,,47.299,Butikkhandel med nærings- og nytelsesmidler ikke nevnt annet sted,direkte,false,,
Private vakttjenester,13,2023-02-03,2025-01-31,13,0,SN2007,T1,80.100,Private vakttjenester,,,80.100,Private vakttjenester,direkte,false,,
Utleie og leasing av sports- og fritidsutstyr,13,2023-05-12,2026-07-28,9,4,begge,T1,77.210,Utleie og leasing av sports- og fritidsutstyr,77.210,Utleie og leasing av sports- og fritidsutstyr,77.210,Utleie og leasing av sports- og fritidsutstyr,direkte,false,false,77.210
Butikkhandel med brukte varer ellers,12,2022-11-28,2025-07-21,12,0,SN2007,T1,47.799,Butikkhandel med brukte varer ellers,,,47.799,Butikkhandel med brukte varer ellers,direkte,false,,
Utleie og leasing av andre husholdningsvarer og varer til pe,12,2023-01-06,2026-03-20,8,4,begge,T1,77.290,Utleie og leasing av andre husholdningsvarer og varer til personlig bruk,77.220,Utleie og leasing av andre husholdningsvarer og varer til personlig bruk,77.290,Utleie og leasing av andre husholdningsvarer og varer til personlig bruk,direkte,false,false,77.220
Regnskap og bokføring,12,2023-02-15,2025-06-10,12,0,SN2007,T1,69.201,Regnskap og bokføring,,,69.201,Regnskap og bokføring,direkte,false,,
"Databehandling, datalagring og tilknyttede tjenester",12,2023-05-24,2025-07-03,12,0,SN2007,T1,63.110,"Databehandling, datalagring og tilknyttede tjenester",,,63.110,"Databehandling, datalagring og tilknyttede tjenester",direkte,false,,
Arkitektvirksomhet,12,2025-09-09,2026-07-08,0,12,SN2025,T2,,,71.110,Arkitektvirksomhet,71.111|71.112|71.113,Plan- og reguleringsarbeid | Arkitekttjenester vedrørende byggverk | Landskapsarkitekttjenester,korrespondanse-1tilmange,false,false,71.110
Barnehager,12,2022-10-24,2025-04-14,12,0,SN2007,T1,88.911,Barnehager,,,88.911,Barnehager,direkte,false,,
Reparasjon og vedlikehold av maskiner,12,2025-09-22,2026-07-24,0,12,SN2025,T2,,,33.120,Reparasjon og vedlikehold av maskiner,33.120,Reparasjon av maskiner,korrespondanse-1til1,false,false,33.120
Bygging av andre anlegg ikke nevnt annet sted,12,2023-03-17,2026-06-30,6,6,begge,T1,42.990,Bygging av andre anlegg ikke nevnt annet sted,42.990,Bygging av andre anlegg ikke nevnt annet sted,42.990,Bygging av andre anlegg ikke nevnt annet sted,direkte,true,true,42.990
Engroshandel med tekstiler og utstyrsvarer,12,2023-02-20,2026-08-07,11,1,begge,T1,46.410,Engroshandel med tekstiler og utstyrsvarer,46.410,Engroshandel med tekstiler og utstyrsvarer,46.410,Engroshandel med tekstiler og utstyrsvarer,direkte,false,false,46.410
Tannhelsetjenester,12,2023-03-16,2025-05-20,12,0,SN2007,T1,86.230,Tannhelsetjenester,,,86.230,Tannhelsetjenester,direkte,false,,
Produksjon og utgivelse av musikk- og lydopptak,11,2023-06-19,2026-07-01,7,4,begge,T1,59.200,Produksjon og utgivelse av musikk- og lydopptak,59.200,Produksjon og utgivelse av musikk- og lydopptak,59.200,Produksjon og utgivelse av musikk- og lydopptak,direkte,false,false,59.200
Produksjon av metallkonstruksjoner og deler,11,2022-10-18,2026-04-23,9,2,begge,T1,25.110,Produksjon av metallkonstruksjoner og deler,25.110,Produksjon av metallkonstruksjoner og deler,25.110,Produksjon av metallkonstruksjoner og deler,direkte,false,false,25.110
"Butikkhandel med kjøkkenutstyr, glass og steintøy",11,2023-08-24,2025-07-04,11,0,SN2007,T1,47.593,"Butikkhandel med kjøkkenutstyr, glass og steintøy",,,47.593,"Butikkhandel med kjøkkenutstyr, glass og steintøy",direkte,false,,
Butikkhandel med bøker,11,2023-06-29,2024-12-20,11,0,SN2007,T1,47.610,Butikkhandel med bøker,,,47.610,Butikkhandel med bøker,direkte,false,,
Vaskeri- og renserivirksomhet,11,2022-05-09,2026-07-01,8,3,begge,T1,96.010,Vaskeri- og renserivirksomhet,96.100,Vaskeri- og renserivirksomhet,96.010,Vaskeri- og renserivirksomhet,direkte,false,false,96.100
"Kuldeanlegg-, varmepumpearbeid og installasjon av peiser",11,2026-05-13,2026-08-21,0,11,SN2025,T2,,,43.222,"Kuldeanlegg-, varmepumpearbeid og installasjon av peiser",43.222|43.990,Kuldeanlegg- og varmepumpearbeid | Annen spesialisert bygge- og anleggsvirksomhet,korrespondanse-1tilmange,true,true,43.222
Tjenester tilknyttet hav- og kystbasert fiskeoppdrett,11,2023-01-09,2025-08-21,11,0,SN2007,,,,,,,,,,,
Drift av gods- og transportsentraler,11,2022-08-01,2026-08-05,4,7,begge,T1,52.211,Drift av gods- og transportsentraler,52.211,Drift av gods- og transportsentraler,52.211,Drift av gods- og transportsentraler,direkte,false,false,52.211
Juridisk tjenesteyting,11,2022-10-04,2026-06-09,9,2,begge,T1,69.100,Juridisk tjenesteyting,69.100,Juridisk tjenesteyting,69.100,Juridisk tjenesteyting,direkte,false,false,69.100
"Industri-, produkt- og motedesignvirksomhet",11,2025-10-27,2026-08-14,0,11,SN2025,T2,,,74.110,"Industri-, produkt- og motedesignvirksomhet",74.101,"Industridesign, produktdesign og annen teknisk designvirksomhet",korrespondanse-1til1,false,false,74.110
Annen detaljhandel med andre nye varer,11,2025-11-05,2026-07-24,0,11,SN2025,T2,,,47.780,Annen detaljhandel med andre nye varer,47.781|47.782|47.789|47.890|47.919|47.990,Butikkhandel med fotoutstyr | Butikkhandel med optiske artikler | Butikkhandel ikke nevnt annet sted | Torghandel med andre varer | Postordre-/Internetthandel med annet spesialisert vareutvalg | Detaljhandel utenom utsalgssted ellers,korrespondanse-1tilmange,false,false,47.780
Engroshandel med belysningsutstyr,11,2023-03-29,2025-06-25,11,0,SN2007,T1,46.473,Engroshandel med belysningsutstyr,,,46.473,Engroshandel med belysningsutstyr,direkte,false,,
Engroshandel med maskiner og utstyr til industri ellers,11,2022-10-27,2025-06-13,11,0,SN2007,T1,46.693,Engroshandel med maskiner og utstyr til industri ellers,,,46.693,Engroshandel med maskiner og utstyr til industri ellers,direkte,false,,
Engroshandel med drikkevarer ellers,11,2022-10-11,2025-01-02,11,0,SN2007,T1,46.349,Engroshandel med drikkevarer ellers,,,46.349,Engroshandel med drikkevarer ellers,direkte,false,,
Utgivelse av bøker,10,2023-08-03,2026-01-14,9,1,begge,T1,58.110,Utgivelse av bøker,58.110,Utgivelse av bøker,58.110,Utgivelse av bøker,direkte,false,false,58.110
Overflatebehandling av metaller,10,2018-09-25,2026-06-29,8,2,begge,T1,25.610,Overflatebehandling av metaller,25.510,Overflatebehandling av metaller,25.610,Overflatebehandling av metaller,direkte,false,false,25.510
Bygging av anlegg for elektrisitet og telekommunikasjon,10,2021-09-20,2024-11-29,10,0,SN2007,T1,42.220,Bygging av anlegg for elektrisitet og telekommunikasjon,,,42.220,Bygging av anlegg for elektrisitet og telekommunikasjon,direkte,true,,
Tjenester tilknyttet landtransport ellers,10,2022-05-30,2025-05-06,10,0,SN2007,T1,52.219,Tjenester tilknyttet landtransport ellers,,,52.219,Tjenester tilknyttet landtransport ellers,direkte,false,,
Produksjon av næringsmidler ikke nevnt annet sted,10,2020-05-07,2026-07-24,4,6,begge,T1,10.890,Produksjon av næringsmidler ikke nevnt annet sted,10.890,Produksjon av næringsmidler ikke nevnt annet sted,10.890,Produksjon av næringsmidler ikke nevnt annet sted,direkte,false,false,10.890
Produksjon av øl,10,2022-10-07,2026-03-20,9,1,begge,T1,11.050,Produksjon av øl,11.050,Produksjon av øl,11.050,Produksjon av øl,direkte,false,false,11.050
Butikkhandel med jernvarer,10,2023-08-07,2025-08-25,10,0,SN2007,T1,47.522,Butikkhandel med jernvarer,,,47.522,Butikkhandel med jernvarer,direkte,false,,
Agentur- og engroshandel med deler og utstyr til motorvogner,10,2023-04-24,2025-06-17,10,0,SN2007,T1,45.310,"Agentur- og engroshandel med deler og utstyr til motorvogner, unntatt motorsykler",,,45.310,"Agentur- og engroshandel med deler og utstyr til motorvogner, unntatt motorsykler",direkte,false,,
Produksjon av betongprodukter for bygge- og anleggsvirksomhe,10,2023-02-20,2026-06-18,7,3,begge,T1,23.610,Produksjon av betongprodukter for bygge- og anleggsvirksomhet,23.610,Produksjon av betongprodukter for bygge- og anleggsvirksomhet,23.610,Produksjon av betongprodukter for bygge- og anleggsvirksomhet,direkte,false,false,23.610
Andre egeninvesteringsselskaper,10,2025-10-28,2026-07-29,0,10,SN2025,T2,,,64.323,Andre egeninvesteringsselskaper,64.308,Familieeide egeninvesteringsselskaper,korrespondanse-1til1,false,false,64.323
Formidlingstjenester tilknyttet detaljhandel med spesialiser,10,2025-11-28,2026-08-24,0,10,SN2025,T2,,,47.920,Formidlingstjenester tilknyttet detaljhandel med spesialisert vareutvalg,45.112|45.192|45.320|45.402|47.210|47.220|47.230|47.241|47.242|47.251|47.259|47.260|47.291|47.292|47.299|47.300|47.410|47.420|47.430|47.510|47.521|47.522|47.523|47.524|47.529|47.531|47.532|47.533|47.540|47.591|47.592|47.593|47.594|47.599|47.610|47.620|47.630|47.641|47.642|47.650|47.710|47.721|47.722|47.730|47.740|47.750|47.761|47.762|47.771|47.772|47.781|47.782|47.789|47.791|47.792|47.799|47.810|47.820|47.912|47.913|47.914|47.915|47.916|47.917|47.919|47.990|82.990,"Detaljhandel med biler og lette motorvogner, unntatt motorsykler | Detaljhandel med andre motorvogner, unntatt motorsykler | Detaljhandel med deler og utstyr til motorvogner, unntatt motorsykler | Detaljhandel med motorsykler, deler og utstyr | Butikkhandel med frukt og grønnsaker | Butikkhandel med kjøtt og kjøttvarer | Butikkhandel med fisk, skalldyr og bløtdyr | Butikkhandel med bakervarer og konditorvarer | Butikkhandel med sukkervarer | Butikkhandel med vin og brennevin | Butikkhandel med drikkevarer ellers | Butikkhandel med tobakksvarer | Butikkhandel med helsekost | Butikkhandel med kaffe og te | Butikkhandel med nærings- og nytelsesmidler ikke nevnt annet sted | Detaljhandel med drivstoff til motorvogner | Butikkhandel med datamaskiner og utstyr til datamaskiner | Butikkhandel med telekommunikasjonsutstyr | Butikkhandel med audio- og videoutstyr | Butikkhandel med tekstiler og utstyrsvarer | Butikkhandel med bredt utvalg av jernvarer, fargevarer og andre byggevarer | Butikkhandel med jernvarer | Butikkhandel med fargevarer | Butikkhandel med trelast | Butikkhandel med byggevarer ikke nevnt annet sted | Butikkhandel med tapeter og gulvbelegg | Butikkhandel med tepper | Butikkhandel med gardiner | Butikkhandel med elektriske husholdningsapparater | Butikkhandel med møbler | Butikkhandel med belysningsutstyr | Butikkhandel med kjøkkenutstyr, glass og steintøy | Butikkhandel med musikkinstrumenter og noter | Butikkhandel med innredningsartikler ikke nevnt annet sted | Butikkhandel med bøker | Butikkhandel med aviser og papirvarer | Butikkhandel med innspillinger av musikk og video | Butikkhandel med sportsutstyr | Butikkhandel med fritidsbåter og -utstyr | Butikkhandel med spill og leker | Butikkhandel med klær | Butikkhandel med skotøy | Butikkhandel med reiseeffekter av lær og lærimitasjoner og varer av lær | Butikkhandel med apotekvarer | Butikkhandel med medisinske og ortopediske artikler | Butikkhandel med kosmetikk og toalettartikler | Butikkhandel med blomster og planter | Butikkhandel med kjæledyr og fôrvarer til kjæledyr | Butikkhandel med ur og klokker | Butikkhandel med gull- og sølvvarer | Butikkhandel med fotoutstyr | Butikkhandel med optiske artikler | Butikkhandel ikke nevnt annet sted | Butikkhandel med antikviteter | Butikkhandel med brukte klær | Butikkhandel med brukte varer ellers | Torghandel med næringsmidler, drikkevarer og tobakksvarer | Torghandel med tekstiler, klær, skotøy og utstyrsvarer | Postordre-/Internetthandel med tekstiler, utstyrsvarer, klær, skotøy, reiseeffekter og lærvarer | Postordre-/Internetthandel med belysningsutstyr, kjøkkenutstyr, møbler og innredningsartikler | Postordre-/Internetthandel med elektriske husholdningsapparater, radio, fjernsyn, plater, kassetter og musikkinstrumenter | Postordre-/internetthandel med bøker, papir, aviser og blader | Postordre-/Internetthandel med IKT-utstyr | Postordre-/Internetthandel med helsekost | Postordre-/Internetthandel med annet spesialisert vareutvalg | Detaljhandel utenom utsalgssted ellers | Annen forretningsmessig tjenesteyting ikke nevnt annet sted",korrespondanse-1tilmange,false,false,47.920
"Dyrking av grønnsaker, meloner, rot- og knollvekster",10,2022-08-15,2026-01-08,6,4,begge,T1,01.130,"Dyrking av grønnsaker, meloner, rot- og knollvekster",01.130,"Dyrking av grønnsaker, meloner, rot- og knollvekster",01.130,"Dyrking av grønnsaker, meloner, rot- og knollvekster",direkte,false,false,01.130
Telefonvakttjenester og telefonsalg,10,2026-01-21,2026-08-17,0,10,SN2025,T3,82.20,Telefonvakttjenester og telefonsalg,,,82.20,Telefonvakttjenester og telefonsalg,direkte,false,,82.200
Selvstendig kunstnerisk virksomhet innen visuell kunst,9,2023-03-02,2025-08-12,9,0,SN2007,T1,90.031,Selvstendig kunstnerisk virksomhet innen visuell kunst,,,90.031,Selvstendig kunstnerisk virksomhet innen visuell kunst,direkte,false,,
Detaljhandel med innredningsartikler ikke nevnt annet sted,9,2025-10-01,2026-08-14,0,9,SN2025,T2,,,47.559,Detaljhandel med innredningsartikler ikke nevnt annet sted,47.599|47.789|47.890|47.913|47.990,"Butikkhandel med innredningsartikler ikke nevnt annet sted | Butikkhandel ikke nevnt annet sted | Torghandel med andre varer | Postordre-/Internetthandel med belysningsutstyr, kjøkkenutstyr, møbler og innredningsartikler | Detaljhandel utenom utsalgssted ellers",korrespondanse-1tilmange,false,false,47.559
"Detaljhandel med møbler, gjelder også madrasser",9,2025-09-25,2026-05-29,0,9,SN2025,T2,,,47.551,"Detaljhandel med møbler, gjelder også madrasser",47.591|47.890|47.913|47.990,"Butikkhandel med møbler | Torghandel med andre varer | Postordre-/Internetthandel med belysningsutstyr, kjøkkenutstyr, møbler og innredningsartikler | Detaljhandel utenom utsalgssted ellers",korrespondanse-1tilmange,false,false,47.551
Butikkhandel med bredt vareutvalg ellers,9,2022-12-21,2025-05-14,9,0,SN2007,T1,47.190,Butikkhandel med bredt vareutvalg ellers,,,47.190,Butikkhandel med bredt vareutvalg ellers,direkte,false,,
Drift av ferieleiligheter,9,2023-06-27,2025-06-05,9,0,SN2007,T1,55.202,Drift av ferieleiligheter,,,55.202,Drift av ferieleiligheter,direkte,false,,
Enheten er slettet,9,2023-03-30,2026-04-15,6,3,begge,,,,,,,,,,,
Butikkhandel med optiske artikler,9,2023-03-31,2025-06-23,9,0,SN2007,T1,47.782,Butikkhandel med optiske artikler,,,47.782,Butikkhandel med optiske artikler,direkte,false,,
Detaljhandel med deler og utstyr til motorvogner,9,2025-09-16,2026-08-21,0,9,SN2025,T2,,,47.820,Detaljhandel med deler og utstyr til motorvogner,45.320,"Detaljhandel med deler og utstyr til motorvogner, unntatt motorsykler",korrespondanse-1til1,false,false,47.820
Fritidsetablissement,9,2022-10-10,2025-08-04,9,0,SN2007,T1,93.292,Fritidsetablissement,,,93.292,Fritidsetablissement,direkte,false,,
Produksjon av møbler,9,2025-09-08,2026-07-02,0,9,SN2025,T2,,,31.000,Produksjon av møbler,23.420|31.010|31.020|31.030|31.090,Produksjon av sanitærutstyr av keramisk materiale | Produksjon av kontor- og butikkmøbler | Produksjon av kjøkkenmøbler | Produksjon av madrasser | Produksjon av møbler ellers,korrespondanse-1tilmange,false,false,31.000
Engroshandel med frukt og grønnsaker,9,2023-11-08,2026-02-23,7,2,begge,T1,46.310,Engroshandel med frukt og grønnsaker,46.310,Engroshandel med frukt og grønnsaker,46.310,Engroshandel med frukt og grønnsaker,direkte,false,false,46.310
Detaljhandel med bredt vareutvalg ellers,9,2025-11-03,2026-08-17,0,9,SN2025,T2,,,47.120,Detaljhandel med bredt vareutvalg ellers,47.190|47.820|47.890|47.911|47.990,"Butikkhandel med bredt vareutvalg ellers | Torghandel med tekstiler, klær, skotøy og utstyrsvarer | Torghandel med andre varer | Postordre-/Internetthandel med bredt vareutvalg | Detaljhandel utenom utsalgssted ellers",korrespondanse-1tilmange,false,false,47.120
Engroshandel med vin og brennevin,9,2023-05-23,2025-03-11,9,0,SN2007,T1,46.341,Engroshandel med vin og brennevin,,,46.341,Engroshandel med vin og brennevin,direkte,false,,
Interiørdesignvirksomhet,9,2025-09-04,2026-08-11,0,9,SN2025,T2,,,74.130,Interiørdesignvirksomhet,74.103,"Interiørarkitekt-, interiørdesign- og interiørkonsulentvirksomhet",korrespondanse-1til1,false,false,74.130
Selvstendig kunstnerisk virksomhet innen litteratur,9,2023-10-06,2025-02-10,9,0,SN2007,T1,90.034,Selvstendig kunstnerisk virksomhet innen litteratur,,,90.034,Selvstendig kunstnerisk virksomhet innen litteratur,direkte,false,,
"Spesialisert legetjeneste, unntatt psykiatrisk legetjeneste",9,2022-07-13,2024-07-03,9,0,SN2007,T1,86.221,"Spesialisert legetjeneste, unntatt psykiatrisk legetjeneste",,,86.221,"Spesialisert legetjeneste, unntatt psykiatrisk legetjeneste",direkte,false,,
Annen forebyggende helsetjeneste,9,2023-06-07,2025-07-31,9,0,SN2007,T1,86.904,Annen forebyggende helsetjeneste,,,86.904,Annen forebyggende helsetjeneste,direkte,false,,
Treningssentervirksomhet,9,2025-10-08,2026-08-14,0,9,SN2025,T2,,,93.130,Treningssentervirksomhet,85.510|93.130,Undervisning innen idrett og rekreasjon | Treningssentre,korrespondanse-1tilmange,false,false,93.130
Butikkhandel med helsekost,8,2023-05-22,2025-07-04,8,0,SN2007,T1,47.291,Butikkhandel med helsekost,,,47.291,Butikkhandel med helsekost,direkte,false,,
"Engroshandel med datamaskiner, tilleggsutstyr til datamaskin",8,2023-05-12,2025-05-05,8,0,SN2007,T1,46.510,"Engroshandel med datamaskiner, tilleggsutstyr til datamaskiner samt programvare",,,46.510,"Engroshandel med datamaskiner, tilleggsutstyr til datamaskiner samt programvare",direkte,false,,
Detaljhandel med kosmetikk og toalettartikler,8,2025-09-23,2026-04-24,0,8,SN2025,T2,,,47.750,Detaljhandel med kosmetikk og toalettartikler,47.750|47.890|47.919|47.990,Butikkhandel med kosmetikk og toalettartikler | Torghandel med andre varer | Postordre-/Internetthandel med annet spesialisert vareutvalg | Detaljhandel utenom utsalgssted ellers,korrespondanse-1tilmange,false,false,47.750
Postordre-/Internetthandel med elektriske husholdningsappara,8,2022-09-06,2025-05-26,8,0,SN2007,T1,47.914,"Postordre-/Internetthandel med elektriske husholdningsapparater, radio, fjernsyn, plater, kassetter og musikkinstrumenter",,,47.914,"Postordre-/Internetthandel med elektriske husholdningsapparater, radio, fjernsyn, plater, kassetter og musikkinstrumenter",direkte,false,,
Produksjon av matfisk og skalldyr i hav- og kystbasert fiske,8,2023-05-16,2025-03-28,8,0,SN2007,,,,,,,,,,,
Detaljhandel med nærings- og nytelsesmidler ellers,8,2025-09-26,2026-06-18,0,8,SN2025,T2,,,47.270,Detaljhandel med nærings- og nytelsesmidler ellers,47.291|47.292|47.299|47.810|47.917|47.919|47.990,"Butikkhandel med helsekost | Butikkhandel med kaffe og te | Butikkhandel med nærings- og nytelsesmidler ikke nevnt annet sted | Torghandel med næringsmidler, drikkevarer og tobakksvarer | Postordre-/Internetthandel med helsekost | Postordre-/Internetthandel med annet spesialisert vareutvalg | Detaljhandel utenom utsalgssted ellers",korrespondanse-1tilmange,false,false,47.270
Spedisjon,8,2021-05-27,2024-12-16,8,0,SN2007,T1,52.291,Spedisjon,,,52.291,Spedisjon,direkte,false,,
Detaljhandel med tekstiler og utstyrsvarer,8,2025-09-03,2026-03-19,0,8,SN2025,T2,,,47.510,Detaljhandel med tekstiler og utstyrsvarer,47.510|47.820|47.912|47.990,"Butikkhandel med tekstiler og utstyrsvarer | Torghandel med tekstiler, klær, skotøy og utstyrsvarer | Postordre-/Internetthandel med tekstiler, utstyrsvarer, klær, skotøy, reiseeffekter og lærvarer | Detaljhandel utenom utsalgssted ellers",korrespondanse-1tilmange,false,false,47.510
Teknisk prøving og analyse,8,2023-03-31,2026-08-20,6,2,begge,T1,71.200,Teknisk prøving og analyse,71.200,Teknisk prøving og analyse,71.200,Teknisk prøving og analyse,direkte,false,false,71.200
Engroshandel med drikkevarer,8,2025-09-18,2026-08-10,0,8,SN2025,T2,,,46.340,Engroshandel med drikkevarer,46.341|46.349,Engroshandel med vin og brennevin | Engroshandel med drikkevarer ellers,korrespondanse-1tilmange,false,false,46.340
Kabelbasert telekommunikasjon,8,2023-06-23,2025-08-08,8,0,SN2007,T1,61.100,Kabelbasert telekommunikasjon,,,61.100,Kabelbasert telekommunikasjon,direkte,false,,
Engroshandel med sykepleie- og apotekvarer,8,2022-06-08,2025-07-09,8,0,SN2007,T1,46.460,Engroshandel med sykepleie- og apotekvarer,,,46.460,Engroshandel med sykepleie- og apotekvarer,direkte,false,,
Butikkhandel med kosmetikk og toalettartikler,8,2019-10-21,2025-08-29,8,0,SN2007,T1,47.750,Butikkhandel med kosmetikk og toalettartikler,,,47.750,Butikkhandel med kosmetikk og toalettartikler,direkte,false,,
Utenriks sjøfart med gods,8,2023-05-25,2026-05-12,6,2,begge,T1,50.201,Utenriks sjøfart med gods,50.201,Utenriks sjøfart med gods,50.201,Utenriks sjøfart med gods,direkte,false,false,50.201
Reisearrangørvirksomhet,8,2022-10-10,2025-06-13,8,0,SN2007,T1,79.120,Reisearrangørvirksomhet,,,79.120,Reisearrangørvirksomhet,direkte,false,,
Bygging av vann- og kloakkanlegg,8,2021-02-05,2026-03-04,6,2,begge,T1,42.210,Bygging av vann- og kloakkanlegg,42.210,Bygging av vann- og kloakkanlegg,42.210,Bygging av vann- og kloakkanlegg,direkte,true,true,42.210
Andre sportsaktiviteter,8,2023-05-23,2025-08-25,8,0,SN2007,T1,93.190,Andre sportsaktiviteter,,,93.190,Andre sportsaktiviteter,direkte,false,,
Engroshandel med maskiner og utstyr til kraftproduksjon og i,8,2023-05-11,2025-05-28,8,0,SN2007,T1,46.691,Engroshandel med maskiner og utstyr til kraftproduksjon og installasjon,,,46.691,Engroshandel med maskiner og utstyr til kraftproduksjon og installasjon,direkte,false,,
Eiendomsmegling og andre formidlingstjenester for eiendom,8,2025-10-13,2026-07-01,0,8,SN2025,T2,,,68.310,Eiendomsmegling og andre formidlingstjenester for eiendom,68.310,Eiendomsmegling,korrespondanse-1til1,false,false,68.310
"Agenturhandel med tekstiler, klær, pelsskinn, skotøy og lærv",8,2022-12-06,2026-06-16,7,1,begge,T1,46.160,"Agenturhandel med tekstiler, klær, pelsskinn, skotøy og lærvarer",46.160,"Agenturhandel med tekstiler, klær, pelsskinn, skotøy og lærvarer",46.160,"Agenturhandel med tekstiler, klær, pelsskinn, skotøy og lærvarer",direkte,false,false,46.160
Regnskapsføring og bokføring,8,2025-10-16,2026-07-06,0,8,SN2025,T2,,,69.202,Regnskapsføring og bokføring,69.201,Regnskap og bokføring,korrespondanse-1til1,false,false,69.202
Reparasjon av kommunikasjonsutstyr,8,2022-10-27,2025-07-02,8,0,SN2007,T1,95.120,Reparasjon av kommunikasjonsutstyr,,,95.120,Reparasjon av kommunikasjonsutstyr,direkte,false,,
Detaljhandel med brukte varer,7,2025-09-01,2026-06-26,0,7,SN2025,T2,,,47.790,Detaljhandel med brukte varer,47.791|47.792|47.799|47.820|47.890|47.911|47.912|47.913|47.914|47.915|47.916|47.919|47.990,"Butikkhandel med antikviteter | Butikkhandel med brukte klær | Butikkhandel med brukte varer ellers | Torghandel med tekstiler, klær, skotøy og utstyrsvarer | Torghandel med andre varer | Postordre-/Internetthandel med bredt vareutvalg | Postordre-/Internetthandel med tekstiler, utstyrsvarer, klær, skotøy, reiseeffekter og lærvarer | Postordre-/Internetthandel med belysningsutstyr, kjøkkenutstyr, møbler og innredningsartikler | Postordre-/Internetthandel med elektriske husholdningsapparater, radio, fjernsyn, plater, kassetter og musikkinstrumenter | Postordre-/internetthandel med bøker, papir, aviser og blader | Postordre-/Internetthandel med IKT-utstyr | Postordre-/Internetthandel med annet spesialisert vareutvalg | Detaljhandel utenom utsalgssted ellers",korrespondanse-1tilmange,false,false,47.790
Andre tjenester tilknyttet utvinning av råolje og naturgass,7,2022-03-25,2025-11-28,5,2,begge,T1,09.109,Andre tjenester tilknyttet utvinning av råolje og naturgass,09.109,Andre tjenester tilknyttet utvinning av råolje og naturgass,09.109,Andre tjenester tilknyttet utvinning av råolje og naturgass,direkte,false,false,09.109
Agenturhandel med bredt vareutvalg,7,2023-05-26,2026-06-25,3,4,begge,T1,46.190,Agenturhandel med bredt vareutvalg,46.190,Agenturhandel med bredt vareutvalg,46.190,Agenturhandel med bredt vareutvalg,direkte,false,false,46.190
Butikkhandel med datamaskiner og utstyr til datamaskiner,7,2022-06-30,2025-05-23,7,0,SN2007,T1,47.410,Butikkhandel med datamaskiner og utstyr til datamaskiner,,,47.410,Butikkhandel med datamaskiner og utstyr til datamaskiner,direkte,false,,
Forskning og utviklingsarbeid innen bioteknologi,7,2023-02-16,2025-04-22,7,0,SN2007,T1,72.110,Forskning og utviklingsarbeid innen bioteknologi,,,72.110,Forskning og utviklingsarbeid innen bioteknologi,direkte,false,,
Klinisk psykologtjeneste,7,2023-06-14,2025-07-29,7,0,SN2007,T1,86.905,Klinisk psykologtjeneste,,,86.905,Klinisk psykologtjeneste,direkte,false,,
Fjernsynskringkasting,7,2022-05-13,2024-08-05,7,0,SN2007,T1,60.200,Fjernsynskringkasting,,,60.200,Fjernsynskringkasting,direkte,false,,
PR og kommunikasjonstjenester,7,2021-11-23,2025-05-12,7,0,SN2007,T1,70.210,PR og kommunikasjonstjenester,73.300,PR og kommunikasjonstjenester,70.210,PR og kommunikasjonstjenester,direkte,false,false,
Oversettelses- og tolkevirksomhet,7,2023-10-30,2025-10-29,6,1,begge,T1,74.300,Oversettelses- og tolkevirksomhet,74.300,Oversettelses- og tolkevirksomhet,74.300,Oversettelses- og tolkevirksomhet,direkte,false,false,74.300
"Kongress-, messe- og utstillingsvirksomhet",7,2022-02-18,2026-05-07,6,1,begge,T1,82.300,"Kongress-, messe- og utstillingsvirksomhet",82.300,"Kongress-, messe- og utstillingsvirksomhet",82.300,"Kongress-, messe- og utstillingsvirksomhet",direkte,false,false,82.300
Detaljhandel med kjæledyr og varer til kjæledyr,7,2025-09-17,2026-06-10,0,7,SN2025,T2,,,47.762,Detaljhandel med kjæledyr og varer til kjæledyr,47.762|47.890|47.919|47.990,Butikkhandel med kjæledyr og fôrvarer til kjæledyr | Torghandel med andre varer | Postordre-/Internetthandel med annet spesialisert vareutvalg | Detaljhandel utenom utsalgssted ellers,korrespondanse-1tilmange,false,false,47.762
Engroshandel med klær og skotøy,7,2025-10-22,2026-08-11,0,7,SN2025,T2,,,46.420,Engroshandel med klær og skotøy,46.421|46.422,Engroshandel med klær | Engroshandel med skotøy,korrespondanse-1tilmange,false,false,46.420
Engroshandel med kontormøbler,7,2023-05-31,2025-05-30,7,0,SN2007,T1,46.650,Engroshandel med kontormøbler,,,46.650,Engroshandel med kontormøbler,direkte,false,,
Annen virksomhet for distribuering av innhold,7,2025-09-16,2026-06-26,0,7,SN2025,T2,,,60.390,Annen virksomhet for distribuering av innhold,47.915|47.916|63.110|63.120,"Postordre-/internetthandel med bøker, papir, aviser og blader | Postordre-/Internetthandel med IKT-utstyr | Databehandling, datalagring og tilknyttede tjenester | Drift av web-portaler",korrespondanse-1tilmange,false,false,60.390
"Datainfrastruktur, -behandling, -lagring og tilknyttede tjen",7,2025-10-21,2026-08-07,0,7,SN2025,T2,,,63.100,"Datainfrastruktur, -behandling, -lagring og tilknyttede tjenester",52.100|63.110,"Lagring | Databehandling, datalagring og tilknyttede tjenester",korrespondanse-1tilmange,false,false,63.100
Reisebyråvirksomhet,7,2020-12-08,2025-06-27,7,0,SN2007,T1,79.110,Reisebyråvirksomhet,79.110,Reisebyråvirksomhet,79.110,Reisebyråvirksomhet,direkte,false,false,79.110
Innsamling av ikke-farlig avfall,7,2020-06-23,2025-11-12,6,1,begge,T1,38.110,Innsamling av ikke-farlig avfall,38.110,Innsamling av ikke-farlig avfall,38.110,Innsamling av ikke-farlig avfall,direkte,false,false,38.110
Produksjon av annet yttertøy,6,2023-09-13,2025-02-26,6,0,SN2007,T1,14.130,Produksjon av annet yttertøy,,,14.130,Produksjon av annet yttertøy,direkte,false,,
Murerarbeid,6,2025-12-19,2026-08-18,0,6,SN2025,T2,,,43.910,Murerarbeid,43.990,Annen spesialisert bygge- og anleggsvirksomhet,korrespondanse-1til1,true,true,43.910
Utleie og leasing av sjøtransportmateriell,6,2024-04-25,2025-07-09,6,0,SN2007,T1,77.340,Utleie og leasing av sjøtransportmateriell,77.340,Utleie og leasing av sjøtransportmateriell,77.340,Utleie og leasing av sjøtransportmateriell,direkte,false,false,77.340
Produksjon av batterier og akkumulatorer,6,2024-04-11,2026-05-07,3,3,begge,T1,27.200,Produksjon av batterier og akkumulatorer,27.200,Produksjon av batterier og akkumulatorer,27.200,Produksjon av batterier og akkumulatorer,direkte,false,false,27.200
Butikkhandel med kjøtt og kjøttvarer,6,2022-03-17,2025-05-14,6,0,SN2007,T1,47.220,Butikkhandel med kjøtt og kjøttvarer,,,47.220,Butikkhandel med kjøtt og kjøttvarer,direkte,false,,
Detaljhandel med kulturvarer ikke nevnt annet sted,6,2026-02-24,2026-08-12,0,6,SN2025,T2,,,47.690,Detaljhandel med kulturvarer ikke nevnt annet sted,47.594|47.630|47.789|47.890|47.914|47.919|47.990,"Butikkhandel med musikkinstrumenter og noter | Butikkhandel med innspillinger av musikk og video | Butikkhandel ikke nevnt annet sted | Torghandel med andre varer | Postordre-/Internetthandel med elektriske husholdningsapparater, radio, fjernsyn, plater, kassetter og musikkinstrumenter | Postordre-/Internetthandel med annet spesialisert vareutvalg | Detaljhandel utenom utsalgssted ellers",korrespondanse-1tilmange,false,false,47.690
Bearbeiding og konservering av kjøtt,6,2022-01-14,2025-08-05,6,0,SN2007,T1,10.110,Bearbeiding og konservering av kjøtt,,,10.110,Bearbeiding og konservering av kjøtt,direkte,false,,
Produksjon av sportsartikler,6,2024-10-22,2026-06-18,2,4,begge,T1,32.300,Produksjon av sportsartikler,32.300,Produksjon av sportsartikler,32.300,Produksjon av sportsartikler,direkte,false,false,32.300
"Produksjon av andre tekstilvarer, unntatt klær",6,2023-01-02,2025-01-20,6,0,SN2007,T1,13.929,"Produksjon av andre tekstilvarer, unntatt klær",,,13.929,"Produksjon av andre tekstilvarer, unntatt klær",direkte,false,,
Sortering og bearbeiding av avfall for materialgjenvinning,6,2022-09-14,2024-09-24,6,0,SN2007,T1,38.320,Sortering og bearbeiding av avfall for materialgjenvinning,,,38.320,Sortering og bearbeiding av avfall for materialgjenvinning,direkte,false,,
Engroshandel med andre næringsmidler,6,2025-12-16,2026-07-31,0,6,SN2025,T2,,,46.380,Engroshandel med andre næringsmidler,46.389,Engroshandel med spesialisert utvalg av nærings- og nytelsesmidler ikke nevnt annet sted,korrespondanse-1til1,false,false,46.380
Trafikkskoleundervisning,6,2022-10-07,2025-08-14,6,0,SN2007,T1,85.530,Trafikkskoleundervisning,,,85.530,Trafikkskoleundervisning,direkte,false,,
Detaljhandel med spill og leker,6,2025-10-14,2026-07-16,0,6,SN2025,T2,,,47.640,Detaljhandel med spill og leker,47.650|47.890|47.919|47.990,Butikkhandel med spill og leker | Torghandel med andre varer | Postordre-/Internetthandel med annet spesialisert vareutvalg | Detaljhandel utenom utsalgssted ellers,korrespondanse-1tilmange,false,false,47.640
Engroshandel med elektriske husholdningsapparater og -maskin,6,2020-10-26,2025-06-06,6,0,SN2007,T1,46.431,Engroshandel med elektriske husholdningsapparater og -maskiner,,,46.431,Engroshandel med elektriske husholdningsapparater og -maskiner,direkte,false,,
Geologiske undersøkelser,6,2024-09-04,2025-07-25,6,0,SN2007,T1,71.122,Geologiske undersøkelser,71.122,Geologiske undersøkelser,71.122,Geologiske undersøkelser,direkte,false,false,71.122
Fritidsvirksomhet ellers,6,2023-07-05,2026-07-23,1,5,begge,T1,93.299,Fritidsvirksomhet ellers,93.292,Fritidsvirksomhet ellers,93.299,Fritidsvirksomhet ellers,direkte,false,false,93.292
"Aktiviteter i dagspa, badstue og dampbad",6,2025-10-14,2026-05-13,0,6,SN2025,T2,,,96.230,"Aktiviteter i dagspa, badstue og dampbad",96.040,Virksomhet knyttet til kroppspleie og fysisk velvære,korrespondanse-1til1,false,false,96.230
Kantiner drevet som selvstendig virksomhet,6,2023-08-16,2025-04-24,6,0,SN2007,T1,56.290,Kantiner drevet som selvstendig virksomhet,,,56.290,Kantiner drevet som selvstendig virksomhet,direkte,false,,
Skogskjøtsel og andre skogbruksaktiviteter,6,2023-07-24,2026-05-19,4,2,begge,T1,02.100,Skogskjøtsel og andre skogbruksaktiviteter,02.100,Skogskjøtsel og andre skogbruksaktiviteter,02.100,Skogskjøtsel og andre skogbruksaktiviteter,direkte,false,false,02.100
Reparasjon av andre husholdningsvarer og varer til personlig,6,2023-04-19,2025-06-06,6,0,SN2007,T1,95.290,Reparasjon av andre husholdningsvarer og varer til personlig bruk,,,95.290,Reparasjon av andre husholdningsvarer og varer til personlig bruk,direkte,false,,
Telekommunikasjon ellers,6,2023-12-12,2025-01-10,6,0,SN2007,T1,61.900,Telekommunikasjon ellers,61.900,Telekommunikasjon ellers,61.900,Telekommunikasjon ellers,direkte,false,false,61.900
"Leasing av immateriell eiendom og lignende produkter, unntat",6,2024-08-16,2026-06-16,3,3,begge,T1,77.400,"Leasing av immateriell eiendom og lignende produkter, unntatt opphavsrettsbeskyttede verker",77.400,"Leasing av immateriell eiendom og lignende produkter, unntatt opphavsrettsbeskyttede verker",77.400,"Leasing av immateriell eiendom og lignende produkter, unntatt opphavsrettsbeskyttede verker",direkte,false,false,77.400
Undervisning innenfor idrett og rekreasjon,6,2025-09-22,2026-08-17,0,6,SN2025,T2,,,85.510,Undervisning innenfor idrett og rekreasjon,85.510,Undervisning innen idrett og rekreasjon,korrespondanse-1til1,false,false,85.510
Handel med elektrisitet,6,2023-05-30,2026-08-24,4,2,begge,T1,35.140,Handel med elektrisitet,35.150,Handel med elektrisitet,35.140,Handel med elektrisitet,direkte,false,false,35.150
"Engroshandel med husholdnings-, kontor- og butikkmøbler, gul",6,2025-09-16,2026-07-27,0,6,SN2025,T2,,,46.470,"Engroshandel med husholdnings-, kontor- og butikkmøbler, gulvtepper og belysningsutstyr",46.471|46.472|46.473|46.650,Engroshandel med møbler | Engroshandel med gulvtepper | Engroshandel med belysningsutstyr | Engroshandel med kontormøbler,korrespondanse-1tilmange,false,false,46.470
"Agentur- og engroshandel med biler og lette motorvogner, unn",6,2022-10-05,2025-06-11,6,0,SN2007,T1,45.111,"Agentur- og engroshandel med biler og lette motorvogner, unntatt motorsykler",,,45.111,"Agentur- og engroshandel med biler og lette motorvogner, unntatt motorsykler",direkte,false,,
"Saging, høvling og impregnering av tre",6,2023-05-16,2025-01-28,6,0,SN2007,T1,16.100,"Saging, høvling og impregnering av tre",,,16.100,"Saging, høvling og impregnering av tre",direkte,false,,
Forsikringsformidling,6,2022-05-18,2025-01-21,6,0,SN2007,T1,66.220,Forsikringsformidling,66.220,Forsikringsformidling,66.220,Forsikringsformidling,direkte,false,false,66.220
Pr og kommunikasjonstjenester,6,2025-10-24,2026-08-20,0,6,SN2025,T4,,,73.300,Pr og kommunikasjonstjenester,70.210,PR og kommunikasjonstjenester,korrespondanse-1til1,false,false,73.300
"Agentur- og engroshandel med andre motorvogner, unntatt moto",5,2024-07-03,2025-06-25,5,0,SN2007,T1,45.191,"Agentur- og engroshandel med andre motorvogner, unntatt motorsykler",,,45.191,"Agentur- og engroshandel med andre motorvogner, unntatt motorsykler",direkte,false,,
"Aktiviteter innenfor tradisjonell, komplementær og alternati",5,2026-01-22,2026-08-05,0,5,SN2025,T2,,,86.960,"Aktiviteter innenfor tradisjonell, komplementær og alternativ medisin",86.909,Andre helsetjenester,korrespondanse-1til1,false,false,86.960
Allmenn legetjeneste,5,2024-03-11,2025-07-14,5,0,SN2007,T1,86.211,Allmenn legetjeneste,,,86.211,Allmenn legetjeneste,direkte,false,,
Andre personlige tjenester ikke nevnt annet sted,5,2025-09-15,2026-06-30,0,5,SN2025,T2,,,96.990,Andre personlige tjenester ikke nevnt annet sted,96.090,Personlig tjenesteyting ikke nevnt annet sted,korrespondanse-1til1,false,false,96.990
Andre tjenester tilknyttet finansieringsvirksomhet,5,2023-03-16,2024-10-18,5,0,SN2007,T1,66.190,Andre tjenester tilknyttet finansieringsvirksomhet,,,66.190,Andre tjenester tilknyttet finansieringsvirksomhet,direkte,false,,
Andre tjenester tilknyttet forsikringsvirksomhet og pensjons,5,2020-03-12,2024-03-04,5,0,SN2007,T1,66.290,Andre tjenester tilknyttet forsikringsvirksomhet og pensjonskasser,,,66.290,Andre tjenester tilknyttet forsikringsvirksomhet og pensjonskasser,direkte,false,,
Andre tjenester tilknyttet informasjonsteknologi,5,2023-02-07,2026-05-06,4,1,begge,T1,62.090,Andre tjenester tilknyttet informasjonsteknologi,62.900,Andre tjenester tilknyttet informasjonsteknologi,62.090,Andre tjenester tilknyttet informasjonsteknologi,direkte,false,false,62.900
Butikkhandel med brukte klær,5,2022-12-30,2025-07-15,5,0,SN2007,T1,47.792,Butikkhandel med brukte klær,,,47.792,Butikkhandel med brukte klær,direkte,false,,
Butikkhandel med sukkervarer,5,2023-10-02,2025-01-24,5,0,SN2007,T1,47.242,Butikkhandel med sukkervarer,,,47.242,Butikkhandel med sukkervarer,direkte,false,,
Bygging av skip og skrog over 100 br.tonn,5,2020-07-06,2025-03-03,5,0,SN2007,T1,30.111,Bygging av skip og skrog over 100 br.tonn,,,30.111,Bygging av skip og skrog over 100 br.tonn,direkte,false,,
Detaljhandel med elektriske husholdningsapparater,5,2025-11-24,2026-07-03,0,5,SN2025,T2,,,47.540,Detaljhandel med elektriske husholdningsapparater,47.540|47.890|47.914|47.990,"Butikkhandel med elektriske husholdningsapparater | Torghandel med andre varer | Postordre-/Internetthandel med elektriske husholdningsapparater, radio, fjernsyn, plater, kassetter og musikkinstrumenter | Detaljhandel utenom utsalgssted ellers",korrespondanse-1tilmange,false,false,47.540
"Detaljhandel med motorsykler, deler og utstyr",5,2023-06-02,2025-06-25,5,0,SN2007,T1,45.402,"Detaljhandel med motorsykler, deler og utstyr",,,45.402,"Detaljhandel med motorsykler, deler og utstyr",direkte,false,,
Drift av taxisentraler og annen formidling av persontranspor,5,2024-06-03,2025-08-05,5,0,SN2007,T1,52.214,Drift av taxisentraler og annen formidling av persontransport,,,52.214,Drift av taxisentraler og annen formidling av persontransport,direkte,false,,
Dyrking av ettårige vekster ellers,5,2024-02-26,2026-02-25,3,2,begge,T1,01.190,Dyrking av ettårige vekster ellers,01.190,Dyrking av ettårige vekster ellers,01.190,Dyrking av ettårige vekster ellers,direkte,false,false,01.190
Engroshandel med apotekvarer og medisinske varer,5,2025-10-10,2026-08-14,0,5,SN2025,T2,,,46.460,Engroshandel med apotekvarer og medisinske varer,46.460,Engroshandel med sykepleie- og apotekvarer,korrespondanse-1til1,false,false,46.460
Engroshandel med innsatsvarer ikke nevnt annet sted,5,2023-07-05,2025-03-21,5,0,SN2007,T1,46.769,Engroshandel med innsatsvarer ikke nevnt annet sted,,,46.769,Engroshandel med innsatsvarer ikke nevnt annet sted,direkte,false,,
"Engroshandel med meierivarer, egg, matolje og -fett",5,2022-08-30,2024-11-19,5,0,SN2007,T1,46.330,"Engroshandel med meierivarer, egg, matolje og -fett",46.330,"Engroshandel med meierivarer, egg, matolje og -fett",46.330,"Engroshandel med meierivarer, egg, matolje og -fett",direkte,false,false,46.330
Engroshandel med rengjøringsmidler,5,2023-06-21,2025-02-25,5,0,SN2007,T1,46.442,Engroshandel med rengjøringsmidler,,,46.442,Engroshandel med rengjøringsmidler,direkte,false,,
Forvaltning og drift av IT-systemer,5,2023-05-15,2025-03-11,5,0,SN2007,T1,62.030,Forvaltning og drift av IT-systemer,,,62.030,Forvaltning og drift av IT-systemer,direkte,false,,
Hogging og bearbeiding av monument- og bygningsstein,5,2023-04-03,2026-02-02,2,3,begge,T1,23.700,Hogging og bearbeiding av monument- og bygningsstein,23.700,Hogging og bearbeiding av monument- og bygningsstein,23.700,Hogging og bearbeiding av monument- og bygningsstein,direkte,false,false,23.700
Impresariovirksomhet,5,2022-11-30,2024-07-09,5,0,SN2007,T1,74.903,Impresariovirksomhet,,,74.903,Impresariovirksomhet,direkte,false,,
Innenriks sjøfart med gods,5,2023-04-17,2026-07-31,1,4,begge,T1,50.202,Innenriks sjøfart med gods,50.202,Innenriks sjøfart med gods,50.202,Innenriks sjøfart med gods,direkte,false,false,50.202
Innrednings- og installasjonsarbeid utført på skip over 100,5,2021-07-26,2024-09-04,5,0,SN2007,T1,30.115,Innrednings- og installasjonsarbeid utført på skip over 100 br.tonn,,,30.115,Innrednings- og installasjonsarbeid utført på skip over 100 br.tonn,direkte,false,,
"Kabelbasert, satellittbasert og trådløs telekommunikasjon",5,2026-01-09,2026-07-24,0,5,SN2025,T2,,,61.100,"Kabelbasert, satellittbasert og trådløs telekommunikasjon",61.100|61.200|61.300,Kabelbasert telekommunikasjon | Trådløs telekommunikasjon | Satellittbasert telekommunikasjon,korrespondanse-1tilmange,false,false,61.100
"Miljørydding, miljørensing og lignende virksomhet",5,2022-04-07,2024-04-05,5,0,SN2007,T1,39.000,"Miljørydding, miljørensing og lignende virksomhet",,,39.000,"Miljørydding, miljørensing og lignende virksomhet",direkte,false,,
Passasjertransport utenom rutetabell,5,2025-11-04,2026-07-01,0,5,SN2025,T2,,,49.320,Passasjertransport utenom rutetabell,49.392,Turbiltransport,korrespondanse-1til1,false,false,49.320
Produksjon av andre bygningsartikler,5,2025-09-22,2026-07-09,0,5,SN2025,T2,,,16.230,Produksjon av andre bygningsartikler,16.231|16.232,Produksjon av monteringsferdige hus | Produksjon av bygningsartikler,korrespondanse-1tilmange,false,false,16.230
Produksjon av annet elektrisk utstyr,5,2024-07-05,2026-01-30,4,1,begge,T1,27.900,Produksjon av annet elektrisk utstyr,27.900,Produksjon av annet elektrisk utstyr,27.900,Produksjon av annet elektrisk utstyr,direkte,false,false,27.900
Produksjon av dører og vinduer av metall,5,2024-04-04,2025-10-16,3,2,begge,T1,25.120,Produksjon av dører og vinduer av metall,25.120,Produksjon av dører og vinduer av metall,25.120,Produksjon av dører og vinduer av metall,direkte,false,false,25.120
Produksjon av ferdigmat,5,2023-10-06,2026-02-03,4,1,begge,T1,10.850,Produksjon av ferdigmat,10.850,Produksjon av ferdigmat,10.850,Produksjon av ferdigmat,direkte,false,false,10.850
Produksjon av maskiner og utstyr til nærings- og nytelsesmid,5,2022-09-06,2025-04-03,5,0,SN2007,T1,28.930,Produksjon av maskiner og utstyr til nærings- og nytelsesmiddelindustri,,,28.930,Produksjon av maskiner og utstyr til nærings- og nytelsesmiddelindustri,direkte,false,,
Produksjon av meierivarer,5,2020-07-02,2025-09-02,4,1,begge,T1,10.510,Produksjon av meierivarer,10.510,Produksjon av meierivarer,10.510,Produksjon av meierivarer,direkte,false,false,10.510
"Spesialiserte legetjenester, unntatt psykiatriske legetjenes",5,2025-09-18,2026-06-30,0,5,SN2025,T2,,,86.221,"Spesialiserte legetjenester, unntatt psykiatriske legetjenester",86.212|86.221,"Somatiske poliklinikker | Spesialisert legetjeneste, unntatt psykiatrisk legetjeneste",korrespondanse-1tilmange,false,false,86.221
Tannlegetjenester,5,2025-09-10,2026-05-11,0,5,SN2025,T2,,,86.230,Tannlegetjenester,86.230,Tannhelsetjenester,korrespondanse-1til1,false,false,86.230
"Tjenester tilknyttet fiske, fangst og akvakultur",5,2025-10-22,2026-06-30,0,5,SN2025,T2,,,03.300,"Tjenester tilknyttet fiske, fangst og akvakultur",03.111|03.120|03.213|03.223|33.110,Hav- og kystfiske | Ferskvannsfiske | Tjenester tilknyttet hav- og kystbasert akvakultur | Tjenester tilknyttet ferskvannsbasert akvakultur | Reparasjon av bearbeidede metallprodukter,korrespondanse-1tilmange,false,false,03.300
Tjenester tilknyttet husdyrhold,5,2024-01-05,2026-01-30,3,2,begge,T1,01.620,Tjenester tilknyttet husdyrhold,01.620,Tjenester tilknyttet husdyrhold,01.620,Tjenester tilknyttet husdyrhold,direkte,false,false,01.620
Utgivelse av aviser,5,2022-07-05,2026-03-25,4,1,begge,T1,58.130,Utgivelse av aviser,58.120,Utgivelse av aviser,58.130,Utgivelse av aviser,direkte,false,false,58.120
Utgivelse av blader og tidsskrifter,5,2023-05-19,2026-06-03,4,1,begge,T1,58.140,Utgivelse av blader og tidsskrifter,58.130,Utgivelse av blader og tidsskrifter,58.140,Utgivelse av blader og tidsskrifter,direkte,false,false,58.130
"Utvinning fra grus- og sandtak, og utvinning av leire og kao",5,2023-05-03,2025-10-14,4,1,begge,T1,08.120,"Utvinning fra grus- og sandtak, og utvinning av leire og kaolin",08.120,"Utvinning fra grus- og sandtak, og utvinning av leire og kaolin",08.120,"Utvinning fra grus- og sandtak, og utvinning av leire og kaolin",direkte,false,false,08.120
Veterinærtjenester,5,2024-01-09,2025-09-15,4,1,begge,T1,75.000,Veterinærtjenester,75.000,Veterinærtjenester,75.000,Veterinærtjenester,direkte,false,false,75.000
Engroshandel med kjemiske produkter,4,2023-01-03,2024-09-20,4,0,SN2007,T1,46.750,Engroshandel med kjemiske produkter,46.850,Engroshandel med kjemiske produkter,46.750,Engroshandel med kjemiske produkter,direkte,false,false,46.850
"Produksjon av måle-, kontroll- og navigasjonsinstrumenter",4,2024-01-26,2025-08-12,4,0,SN2007,T1,26.510,"Produksjon av måle-, kontroll- og navigasjonsinstrumenter",26.510,"Produksjon av måle-, kontroll- og navigasjonsinstrumenter",26.510,"Produksjon av måle-, kontroll- og navigasjonsinstrumenter",direkte,false,false,26.510
"Etterarbeid knyttet til produksjon av film, video og fjernsy",4,2023-08-21,2025-07-04,4,0,SN2007,T1,59.120,"Etterarbeid knyttet til produksjon av film, video og fjernsynsprogrammer",59.120,"Etterarbeid knyttet til produksjon av film, video og fjernsynsprogrammer",59.120,"Etterarbeid knyttet til produksjon av film, video og fjernsynsprogrammer",direkte,false,false,59.120
Engroshandel med informasjons- og kommunikasjonsteknologiuts,4,2025-10-21,2026-06-26,0,4,SN2025,T2,,,46.500,Engroshandel med informasjons- og kommunikasjonsteknologiutstyr,46.510|46.520|46.660,"Engroshandel med datamaskiner, tilleggsutstyr til datamaskiner samt programvare | Engroshandel med elektronikkutstyr og telekommunikasjonsutstyr samt deler | Engroshandel med maskiner og utstyr til kontor ellers",korrespondanse-1tilmange,false,false,46.500
Utøvende kunstnere og underholdningsvirksomhet innen sceneku,4,2023-06-09,2025-04-24,4,0,SN2007,T1,90.012,Utøvende kunstnere og underholdningsvirksomhet innen scenekunst,,,90.012,Utøvende kunstnere og underholdningsvirksomhet innen scenekunst,direkte,false,,
Undervisning i kunstfag,4,2024-04-17,2025-07-10,4,0,SN2007,T1,85.522,Undervisning i kunstfag,,,85.522,Undervisning i kunstfag,direkte,false,,
Produksjon av løfte- og håndteringsutstyr til skip og båter,4,2022-09-22,2023-08-18,4,0,SN2007,T1,28.221,Produksjon av løfte- og håndteringsutstyr til skip og båter,,,28.221,Produksjon av løfte- og håndteringsutstyr til skip og båter,direkte,false,,
Bygging av jernbaner og undergrunnsbaner,4,2023-05-15,2026-06-24,2,2,begge,T1,42.120,Bygging av jernbaner og undergrunnsbaner,42.120,Bygging av jernbaner og undergrunnsbaner,42.120,Bygging av jernbaner og undergrunnsbaner,direkte,true,true,42.120
Lagring,4,2024-08-26,2026-04-30,1,3,begge,T1,52.100,Lagring,52.100,Lagring,52.100,Lagring,direkte,false,false,52.100
Engroshandel med metaller og metallholdig malm,4,2024-04-02,2026-02-23,3,1,begge,T1,46.720,Engroshandel med metaller og metallholdig malm,46.820,Engroshandel med metaller og metallholdig malm,46.720,Engroshandel med metaller og metallholdig malm,direkte,false,false,46.820
Engroshandel med motorvogner,4,2025-09-01,2026-06-16,0,4,SN2025,T2,,,46.710,Engroshandel med motorvogner,45.111|45.191,"Agentur- og engroshandel med biler og lette motorvogner, unntatt motorsykler | Agentur- og engroshandel med andre motorvogner, unntatt motorsykler",korrespondanse-1tilmange,false,false,46.710
Guider og reiseledere,4,2023-10-11,2025-08-25,4,0,SN2007,T1,79.902,Guider og reiseledere,,,79.902,Guider og reiseledere,direkte,false,,
Bygging av anlegg for elektrisitet og telekommunikasjon på l,4,2026-01-09,2026-04-07,0,4,SN2025,T2,,,42.222,Bygging av anlegg for elektrisitet og telekommunikasjon på land,42.220,Bygging av anlegg for elektrisitet og telekommunikasjon,korrespondanse-1til1,true,true,42.222
Materialgjenvinning,4,2025-11-24,2026-07-14,0,4,SN2025,T2,,,38.210,Materialgjenvinning,38.210|38.310|38.320,Behandling og disponering av ikke-farlig avfall | Demontering av vrakede gjenstander | Sortering og bearbeiding av avfall for materialgjenvinning,korrespondanse-1tilmange,false,false,38.210
Butikkhandel med ur og klokker,4,2023-06-29,2025-04-15,4,0,SN2007,T1,47.771,Butikkhandel med ur og klokker,,,47.771,Butikkhandel med ur og klokker,direkte,false,,
Tjenester tilknyttet landtransport ikke nevnt annet sted,4,2025-09-26,2026-06-12,0,4,SN2025,T2,,,52.219,Tjenester tilknyttet landtransport ikke nevnt annet sted,52.213|52.216|52.219,Drift av bomstasjoner | Kondensering av gass med henblikk på transport | Tjenester tilknyttet landtransport ellers,korrespondanse-1tilmange,false,false,52.219
Produksjon av elektrisitet fra vannkraft,4,2025-05-26,2025-12-22,2,2,begge,T1,35.111,Produksjon av elektrisitet fra vannkraft,35.121,Produksjon av elektrisitet fra vannkraft,35.111,Produksjon av elektrisitet fra vannkraft,direkte,false,false,35.121
Butikkhandel med apotekvarer,4,2022-10-25,2024-02-23,4,0,SN2007,T1,47.730,Butikkhandel med apotekvarer,,,47.730,Butikkhandel med apotekvarer,direkte,false,,
Detaljhandel med informasjons- og kommunikasjonsteknologiuts,4,2026-01-16,2026-06-22,0,4,SN2025,T2,,,47.400,Detaljhandel med informasjons- og kommunikasjonsteknologiutstyr,47.410|47.420|47.430|47.890|47.914|47.916|47.990,"Butikkhandel med datamaskiner og utstyr til datamaskiner | Butikkhandel med telekommunikasjonsutstyr | Butikkhandel med audio- og videoutstyr | Torghandel med andre varer | Postordre-/Internetthandel med elektriske husholdningsapparater, radio, fjernsyn, plater, kassetter og musikkinstrumenter | Postordre-/Internetthandel med IKT-utstyr | Detaljhandel utenom utsalgssted ellers",korrespondanse-1tilmange,false,false,47.400
"Produksjon av fisk, bløtdyr, krepsdyr og pigghuder i sjø og",4,2025-09-18,2026-04-27,0,4,SN2025,T2,,,03.211,"Produksjon av fisk, bløtdyr, krepsdyr og pigghuder i sjø og brakkvann",03.211,"Produksjon av matfisk, bløtdyr, krepsdyr og pigghuder i hav- og kystbasert akvakultur",korrespondanse-1til1,false,false,03.211
"Produksjon av maskiner og utstyr til generell bruk, ikke nev",4,2020-03-24,2025-01-28,4,0,SN2007,T1,28.290,"Produksjon av maskiner og utstyr til generell bruk, ikke nevnt annet sted",,,28.290,"Produksjon av maskiner og utstyr til generell bruk, ikke nevnt annet sted",direkte,false,,
Drift av parkeringsplasser og parkeringshus,4,2023-09-13,2026-05-12,3,1,begge,T1,52.212,Drift av parkeringsplasser og parkeringshus,52.212,Drift av parkeringsplasser og parkeringshus,52.212,Drift av parkeringsplasser og parkeringshus,direkte,false,false,52.212
Kontortjenester,4,2025-10-03,2026-04-13,0,4,SN2025,T2,,,82.100,Kontortjenester,82.110|82.190,"Kombinerte kontortjenester | Fotokopiering, forberedelse av dokumenter og andre spesialiserte kontortjenester",korrespondanse-1tilmange,false,false,82.100
Produksjon av papir og papp,4,2017-12-19,2017-12-20,4,0,SN2007,T1,17.120,Produksjon av papir og papp,17.120,Produksjon av papir og papp,17.120,Produksjon av papir og papp,direkte,false,false,17.120
Husdyrhold ellers,4,2023-03-30,2025-06-10,4,0,SN2007,T1,01.490,Husdyrhold ellers,,,01.490,Husdyrhold ellers,direkte,false,,
Butikkhandel med telekommunikasjonsutstyr,4,2023-05-08,2024-10-08,4,0,SN2007,T1,47.420,Butikkhandel med telekommunikasjonsutstyr,,,47.420,Butikkhandel med telekommunikasjonsutstyr,direkte,false,,
Forlagsvirksomhet ellers,4,2024-01-17,2025-05-15,4,0,SN2007,T1,58.190,Forlagsvirksomhet ellers,,,58.190,Forlagsvirksomhet ellers,direkte,false,,
Utleie og leasing av lastebiler,4,2024-04-23,2025-10-16,3,1,begge,T1,77.120,Utleie og leasing av lastebiler,77.120,Utleie og leasing av lastebiler,77.120,Utleie og leasing av lastebiler,direkte,false,false,77.120
Avvirkning,4,2022-10-31,2024-12-03,4,0,SN2007,T1,02.200,Avvirkning,02.200,Avvirkning,02.200,Avvirkning,direkte,false,false,02.200
Drift av mobile serveringssteder,4,2026-02-13,2026-06-25,0,4,SN2025,T2,,,56.120,Drift av mobile serveringssteder,56.102,Drift av gatekjøkken,korrespondanse-1til1,false,false,56.120
Drift av fornøyelses- og temaparker,4,2024-12-02,2026-07-27,3,1,begge,T1,93.210,Drift av fornøyelses- og temaparker,93.210,Drift av fornøyelses- og temaparker,93.210,Drift av fornøyelses- og temaparker,direkte,false,false,93.210
Lufttransport med passasjerer,4,2023-02-01,2025-12-03,3,1,begge,T1,51.100,Lufttransport med passasjerer,51.100,Lufttransport med passasjerer,51.100,Lufttransport med passasjerer,direkte,false,false,51.100
Produksjon av medisinske og tanntekniske instrumenter og uts,4,2023-06-20,2026-03-11,3,1,begge,T1,32.500,Produksjon av medisinske og tanntekniske instrumenter og utstyr,32.500,Produksjon av medisinske og tanntekniske instrumenter og utstyr,32.500,Produksjon av medisinske og tanntekniske instrumenter og utstyr,direkte,false,false,32.500
Engroshandel med blomster og planter,4,2023-03-22,2025-08-21,4,0,SN2007,T1,46.220,Engroshandel med blomster og planter,46.220,Engroshandel med blomster og planter,46.220,Engroshandel med blomster og planter,direkte,false,false,46.220
"Produksjon av elektrisitet fra biobrensel, avfallsforbrennin",4,2024-08-08,2025-08-19,4,0,SN2007,,,,,,,,,,,
Detaljhandel med apotekvarer,4,2026-04-08,2026-06-26,0,4,SN2025,T2,,,47.730,Detaljhandel med apotekvarer,47.730|47.919,Butikkhandel med apotekvarer | Postordre-/Internetthandel med annet spesialisert vareutvalg,korrespondanse-1tilmange,false,false,47.730
Agenturhandel med nærings- og nytelsesmidler,4,2024-09-17,2026-04-15,2,2,begge,T1,46.170,Agenturhandel med nærings- og nytelsesmidler,46.170,Agenturhandel med nærings- og nytelsesmidler,46.170,Agenturhandel med nærings- og nytelsesmidler,direkte,false,false,46.170
Inkasso- og kredittopplysningsvirksomhet,4,2024-11-15,2026-05-05,3,1,begge,T1,82.910,Inkasso- og kredittopplysningsvirksomhet,82.910,Inkasso- og kredittopplysningsvirksomhet,82.910,Inkasso- og kredittopplysningsvirksomhet,direkte,false,false,82.910
Sportsaktiviteter ikke nevnt annet sted,4,2026-01-02,2026-08-13,0,4,SN2025,T2,,,93.190,Sportsaktiviteter ikke nevnt annet sted,93.190|93.299,Andre sportsaktiviteter | Fritidsvirksomhet ellers,korrespondanse-1tilmange,false,false,93.190
Andre tjenester tilknyttet undervisning,4,2023-04-11,2025-01-08,4,0,SN2007,T1,85.609,Andre tjenester tilknyttet undervisning,,,85.609,Andre tjenester tilknyttet undervisning,direkte,false,,
Grafisk design og visuell kommunikasjonsdesign,4,2025-12-11,2026-06-29,0,4,SN2025,T2,,,74.120,Grafisk design og visuell kommunikasjonsdesign,74.102,Grafisk og visuell kommunikasjonsdesign,korrespondanse-1til1,false,false,74.120
Bearbeiding og konservering av frukt og grønnsaker ellers,4,2022-04-06,2026-02-18,3,1,begge,T1,10.390,Bearbeiding og konservering av frukt og grønnsaker ellers,10.390,Bearbeiding og konservering av frukt og grønnsaker ellers,10.390,Bearbeiding og konservering av frukt og grønnsaker ellers,direkte,false,false,10.390
Utgivelse av programvare for dataspill,4,2022-11-04,2026-02-02,3,1,begge,T1,58.210,Utgivelse av programvare for dataspill,58.210,Utgivelse av programvare for dataspill,58.210,Utgivelse av programvare for dataspill,direkte,false,false,58.210
Bygging av fritidsbåter,4,2023-09-21,2025-02-04,4,0,SN2007,T1,30.120,Bygging av fritidsbåter,30.120,Bygging av fritidsbåter,30.120,Bygging av fritidsbåter,direkte,false,false,30.120
Reparasjon av datamaskiner og tilleggsutstyr,4,2023-05-19,2024-07-01,4,0,SN2007,T1,95.110,Reparasjon av datamaskiner og tilleggsutstyr,,,95.110,Reparasjon av datamaskiner og tilleggsutstyr,direkte,false,,
Barneverntjenester,4,2025-09-10,2026-08-11,0,4,SN2025,T1,88.991,Barneverntjenester,88.991,Barneverntjenester,88.991,Barneverntjenester,direkte,false,false,88.991
Detaljhandel med medisinske og ortopediske artikler,4,2025-09-04,2026-03-27,0,4,SN2025,T2,,,47.740,Detaljhandel med medisinske og ortopediske artikler,47.740|47.782|47.890|47.919|47.990,Butikkhandel med medisinske og ortopediske artikler | Butikkhandel med optiske artikler | Torghandel med andre varer | Postordre-/Internetthandel med annet spesialisert vareutvalg | Detaljhandel utenom utsalgssted ellers,korrespondanse-1tilmange,false,false,47.740
"Psykolog- og psykoterapitjenester, unntatt legetjenester inn",4,2025-10-16,2025-12-29,0,4,SN2025,T2,,,86.930,"Psykolog- og psykoterapitjenester, unntatt legetjenester innenfor psykiatri",86.905|86.909,Klinisk psykologtjeneste | Andre helsetjenester,korrespondanse-1tilmange,false,false,86.930
Andre sosialtjenester uten botilbud ellers,4,2025-11-19,2026-07-21,0,4,SN2025,T2,,,88.996,Andre sosialtjenester uten botilbud ellers,88.995|88.999,Sosiale velferdsorganisasjoner | Andre sosialtjenester uten botilbud,korrespondanse-1tilmange,false,false,88.996
Produksjon av kjøtt- og fjørfevarer,4,2021-08-09,2026-06-05,3,1,begge,T1,10.130,Produksjon av kjøtt- og fjørfevarer,10.130,Produksjon av kjøtt- og fjørfevarer,10.130,Produksjon av kjøtt- og fjørfevarer,direkte,false,false,10.130
Kysttrafikk ellers med passasjerer,4,2022-09-05,2024-09-04,4,0,SN2007,T1,50.109,Kysttrafikk ellers med passasjerer,,,50.109,Kysttrafikk ellers med passasjerer,direkte,false,,
Investeringsselskaper og lignende lukket for allmennheten,4,2020-12-10,2023-09-18,4,0,SN2007,,,,,,,,,,,
Engroshandel med kjøtt og kjøttvarer,4,2024-01-03,2025-10-02,3,1,begge,T1,46.320,Engroshandel med kjøtt og kjøttvarer,46.321,Engroshandel med kjøtt og kjøttvarer,46.320,Engroshandel med kjøtt og kjøttvarer,direkte,false,false,46.321
Bygging av bruer og tunneler,4,2018-12-06,2023-04-14,4,0,SN2007,T1,42.130,Bygging av bruer og tunneler,,,42.130,Bygging av bruer og tunneler,direkte,true,,
"Engroshandel med kjøkkenutstyr, glass og steintøy",4,2023-12-06,2025-06-10,4,0,SN2007,T1,46.441,"Engroshandel med kjøkkenutstyr, glass og steintøy",,,46.441,"Engroshandel med kjøkkenutstyr, glass og steintøy",direkte,false,,
"Detaljhandel med ur, klokker og smykker",4,2026-02-19,2026-08-24,0,4,SN2025,T2,,,47.770,"Detaljhandel med ur, klokker og smykker",47.771|47.772|47.890|47.919|47.990,Butikkhandel med ur og klokker | Butikkhandel med gull- og sølvvarer | Torghandel med andre varer | Postordre-/Internetthandel med annet spesialisert vareutvalg | Detaljhandel utenom utsalgssted ellers,korrespondanse-1tilmange,false,false,47.770
"Engroshandel med korn, råtobakk, såvarer og fôrvarer",4,2023-09-28,2025-06-10,4,0,SN2007,T1,46.210,"Engroshandel med korn, råtobakk, såvarer og fôrvarer",46.210,"Engroshandel med korn, råtobakk, såvarer og fôrvarer",46.210,"Engroshandel med korn, råtobakk, såvarer og fôrvarer",direkte,false,false,46.210
Vedlikehold og reparasjon av motorsykler,3,2025-01-03,2025-06-24,3,0,SN2007,T1,45.403,Vedlikehold og reparasjon av motorsykler,,,45.403,Vedlikehold og reparasjon av motorsykler,direkte,false,,
"Detaljhandel med tapet, gulvtepper og gulvbelegg",3,2025-09-05,2026-01-22,0,3,SN2025,T2,,,47.530,"Detaljhandel med tapet, gulvtepper og gulvbelegg",47.531|47.532|47.533|47.890|47.919|47.990,Butikkhandel med tapeter og gulvbelegg | Butikkhandel med tepper | Butikkhandel med gardiner | Torghandel med andre varer | Postordre-/Internetthandel med annet spesialisert vareutvalg | Detaljhandel utenom utsalgssted ellers,korrespondanse-1tilmange,false,false,47.530
Produksjon av byggevarer av plast,3,2023-05-31,2026-05-12,2,1,begge,T1,22.230,Produksjon av byggevarer av plast,22.240,Produksjon av byggevarer av plast,22.230,Produksjon av byggevarer av plast,direkte,false,false,22.240
Produksjon av karosserier og tilhengere,3,2021-12-10,2026-01-23,2,1,begge,T1,29.200,Produksjon av karosserier og tilhengere,29.200,Produksjon av karosserier og tilhengere,29.200,Produksjon av karosserier og tilhengere,direkte,false,false,29.200
Produksjon av kjemiske produkter ikke nevnt annet sted,3,2024-12-23,2025-02-07,3,0,SN2007,T1,20.590,Produksjon av kjemiske produkter ikke nevnt annet sted,,,20.590,Produksjon av kjemiske produkter ikke nevnt annet sted,direkte,false,,
Produksjon av yngel og settefisk i sjø og brakkvann,3,2025-11-10,2026-02-02,0,3,SN2025,T2,,,03.212,Produksjon av yngel og settefisk i sjø og brakkvann,03.212,Produksjon av yngel og settefisk i hav- og kystbasert akvakultur,korrespondanse-1til1,false,false,03.212
Tjenester tilknyttet planteproduksjon,3,2023-10-20,2025-10-07,2,1,begge,T1,01.610,Tjenester tilknyttet planteproduksjon,01.610,Tjenester tilknyttet planteproduksjon,01.610,Tjenester tilknyttet planteproduksjon,direkte,false,false,01.610
Reparasjon av husholdningsvarer og hageredskaper,3,2023-02-10,2023-12-20,3,0,SN2007,T1,95.220,Reparasjon av husholdningsvarer og hageredskaper,,,95.220,Reparasjon av husholdningsvarer og hageredskaper,direkte,false,,
"Detaljhandel med husholdningsredskaper og bestikk, servise,",3,2026-02-26,2026-03-25,0,3,SN2025,T2,,,47.553,"Detaljhandel med husholdningsredskaper og bestikk, servise, glassvarer, porselen og keramikk",47.593|47.890|47.913|47.990,"Butikkhandel med kjøkkenutstyr, glass og steintøy | Torghandel med andre varer | Postordre-/Internetthandel med belysningsutstyr, kjøkkenutstyr, møbler og innredningsartikler | Detaljhandel utenom utsalgssted ellers",korrespondanse-1tilmange,false,false,47.553
Tjenester tilknyttet vakttjenester,3,2023-02-10,2024-10-16,3,0,SN2007,T1,80.200,Tjenester tilknyttet vakttjenester,,,80.200,Tjenester tilknyttet vakttjenester,direkte,false,,
Butikkhandel med fotoutstyr,3,2024-11-29,2025-03-31,3,0,SN2007,T1,47.781,Butikkhandel med fotoutstyr,,,47.781,Butikkhandel med fotoutstyr,direkte,false,,
Oppsamling og behandling av avløpsvann,3,2023-03-01,2026-03-16,1,2,begge,T1,37.000,Oppsamling og behandling av avløpsvann,37.000,Oppsamling og behandling av avløpsvann,37.000,Oppsamling og behandling av avløpsvann,direkte,false,false,37.000
Engroshandel med drivstoff og brensel,3,2022-10-19,2025-08-12,3,0,SN2007,T1,46.710,Engroshandel med drivstoff og brensel,,,46.710,Engroshandel med drivstoff og brensel,direkte,false,,
Etterbehandling av tekstiler,3,2023-06-30,2026-06-12,2,1,begge,T1,13.300,Etterbehandling av tekstiler,13.300,Etterbehandling av tekstiler,13.300,Etterbehandling av tekstiler,direkte,false,false,13.300
Trådløs telekommunikasjon,3,2024-01-30,2025-04-08,3,0,SN2007,T1,61.200,Trådløs telekommunikasjon,,,61.200,Trådløs telekommunikasjon,direkte,false,,
Annen spesialisert byggevirksomhet i forbindelse med oppføri,3,2025-09-05,2026-08-11,0,3,SN2025,T2,,,43.420,Annen spesialisert byggevirksomhet i forbindelse med oppføring av bygninger,43.990,Annen spesialisert bygge- og anleggsvirksomhet,korrespondanse-1til1,true,true,43.420
Detaljhandel med fritidsbåter og tilhørende utstyr,3,2025-10-30,2026-06-23,0,3,SN2025,T2,,,47.632,Detaljhandel med fritidsbåter og tilhørende utstyr,47.642|47.890|47.919|47.990,Butikkhandel med fritidsbåter og -utstyr | Torghandel med andre varer | Postordre-/Internetthandel med annet spesialisert vareutvalg | Detaljhandel utenom utsalgssted ellers,korrespondanse-1tilmange,false,false,47.632
Annen rengjøringsvirksomhet og snømåking,3,2025-11-27,2026-07-13,0,3,SN2025,T2,,,81.230,Annen rengjøringsvirksomhet og snømåking,81.291|81.299,Skadedyrkontroll | Annen rengjøringsvirksomhet ikke nevnt annet sted,korrespondanse-1tilmange,false,false,81.230
Reparasjon og vedlikehold av datamaskiner og kommunikasjonsu,3,2025-10-07,2026-08-05,0,3,SN2025,T2,,,95.100,Reparasjon og vedlikehold av datamaskiner og kommunikasjonsutstyr,95.110|95.120,Reparasjon av datamaskiner og tilleggsutstyr | Reparasjon av kommunikasjonsutstyr,korrespondanse-1tilmange,false,false,95.100
Undervisning ved godkjente trafikkskoler,3,2025-10-14,2026-08-05,0,3,SN2025,T2,,,85.531,Undervisning ved godkjente trafikkskoler,85.530,Trafikkskoleundervisning,korrespondanse-1til1,false,false,85.531
Annen rengjøringsvirksomhet ikke nevnt annet sted,3,2023-06-13,2025-07-07,3,0,SN2007,T1,81.299,Annen rengjøringsvirksomhet ikke nevnt annet sted,,,81.299,Annen rengjøringsvirksomhet ikke nevnt annet sted,direkte,false,,
"Detaljhandel med bakervarer, konditorvarer og sukkervarer",3,2025-09-19,2026-02-17,0,3,SN2025,T2,,,47.240,"Detaljhandel med bakervarer, konditorvarer og sukkervarer",47.241|47.242|47.810|47.919|47.990,"Butikkhandel med bakervarer og konditorvarer | Butikkhandel med sukkervarer | Torghandel med næringsmidler, drikkevarer og tobakksvarer | Postordre-/Internetthandel med annet spesialisert vareutvalg | Detaljhandel utenom utsalgssted ellers",korrespondanse-1tilmange,false,false,47.240
Bygging av havne- og damanlegg,3,2022-09-23,2024-10-09,3,0,SN2007,T1,42.910,Bygging av havne- og damanlegg,42.910,Bygging av havne- og damanlegg,42.910,Bygging av havne- og damanlegg,direkte,true,true,42.910
"Butikkhandel med fisk, skalldyr og bløtdyr",3,2022-06-01,2025-02-10,3,0,SN2007,T1,47.230,"Butikkhandel med fisk, skalldyr og bløtdyr",,,47.230,"Butikkhandel med fisk, skalldyr og bløtdyr",direkte,false,,
"Agenturhandel med tømmer, trelast og byggevarer",3,2022-06-02,2025-03-07,3,0,SN2007,T1,46.130,"Agenturhandel med tømmer, trelast og byggevarer",46.130,"Agenturhandel med tømmer, trelast og byggevarer",46.130,"Agenturhandel med tømmer, trelast og byggevarer",direkte,false,false,46.130
"Distribusjon av film, video og fjernsynsprogrammer",3,2024-11-04,2025-07-08,3,0,SN2007,T1,59.130,"Distribusjon av film, video og fjernsynsprogrammer",,,59.130,"Distribusjon av film, video og fjernsynsprogrammer",direkte,false,,
Andre sosialtjenester uten botilbud,3,2024-07-23,2025-08-08,3,0,SN2007,T1,88.999,Andre sosialtjenester uten botilbud,,,88.999,Andre sosialtjenester uten botilbud,direkte,false,,
Kantinedrift og annen cateringvirksomhet,3,2026-02-09,2026-08-24,0,3,SN2025,T2,,,56.220,Kantinedrift og annen cateringvirksomhet,56.290,Kantiner drevet som selvstendig virksomhet,korrespondanse-1til1,false,false,56.220
Engroshandel med maskiner og utstyr til kontor ellers,3,2024-01-15,2024-12-06,3,0,SN2007,T1,46.660,Engroshandel med maskiner og utstyr til kontor ellers,,,46.660,Engroshandel med maskiner og utstyr til kontor ellers,direkte,false,,
Butikkhandel med bakervarer og konditorvarer,3,2022-11-04,2025-03-05,3,0,SN2007,T1,47.241,Butikkhandel med bakervarer og konditorvarer,,,47.241,Butikkhandel med bakervarer og konditorvarer,direkte,false,,
Detaljhandel med bøker,3,2025-09-11,2026-03-31,0,3,SN2025,T2,,,47.610,Detaljhandel med bøker,47.610|47.890|47.915|47.990,"Butikkhandel med bøker | Torghandel med andre varer | Postordre-/internetthandel med bøker, papir, aviser og blader | Detaljhandel utenom utsalgssted ellers",korrespondanse-1tilmange,false,false,47.610
Andre informasjonstjenester ikke nevnt annet sted,3,2022-10-12,2025-07-07,3,0,SN2007,T1,63.990,Andre informasjonstjenester ikke nevnt annet sted,,,63.990,Andre informasjonstjenester ikke nevnt annet sted,direkte,false,,
Medieformidlingstjenester,3,2023-04-26,2025-03-18,3,0,SN2007,T1,73.120,Medieformidlingstjenester,73.120,Medieformidlingstjenester,73.120,Medieformidlingstjenester,direkte,false,false,73.120
Postordre-/Internetthandel med helsekost,3,2023-11-15,2024-12-17,3,0,SN2007,T1,47.917,Postordre-/Internetthandel med helsekost,,,47.917,Postordre-/Internetthandel med helsekost,direkte,false,,
Skipsmegling,3,2023-06-21,2025-02-11,3,0,SN2007,T1,52.292,Skipsmegling,,,52.292,Skipsmegling,direkte,false,,
Bryting av stein til bygge- og anleggsvirksomhet,3,2024-02-01,2025-08-15,3,0,SN2007,T1,08.111,Bryting av stein til bygge- og anleggsvirksomhet,,,08.111,Bryting av stein til bygge- og anleggsvirksomhet,direkte,false,,
Forebyggende helsearbeid,3,2025-12-12,2026-05-22,0,3,SN2025,T2,,,86.992,Forebyggende helsearbeid,86.904,Annen forebyggende helsetjeneste,korrespondanse-1til1,false,false,86.992
Butikkhandel med musikkinstrumenter og noter,3,2023-01-23,2024-07-26,3,0,SN2007,T1,47.594,Butikkhandel med musikkinstrumenter og noter,,,47.594,Butikkhandel med musikkinstrumenter og noter,direkte,false,,
Behandling og disponering av ikke-farlig avfall,3,2023-06-09,2025-08-19,3,0,SN2007,T1,38.210,Behandling og disponering av ikke-farlig avfall,,,38.210,Behandling og disponering av ikke-farlig avfall,direkte,false,,
"Uttak fra kilde, rensing og distribusjon av vann",3,2022-09-26,2025-04-08,3,0,SN2007,T1,36.000,"Uttak fra kilde, rensing og distribusjon av vann",36.000,"Uttak fra kilde, rensing og distribusjon av vann",36.000,"Uttak fra kilde, rensing og distribusjon av vann",direkte,false,false,36.000
Begravelsesbyråvirksomhet og drift av kirkegårder og kremato,3,2023-02-08,2024-08-27,3,0,SN2007,T1,96.030,Begravelsesbyråvirksomhet og drift av kirkegårder og krematorier,,,96.030,Begravelsesbyråvirksomhet og drift av kirkegårder og krematorier,direkte,false,,
Butikkhandel med gull- og sølvvarer,3,2023-12-06,2025-07-22,3,0,SN2007,T1,47.772,Butikkhandel med gull- og sølvvarer,,,47.772,Butikkhandel med gull- og sølvvarer,direkte,false,,
Fysioterapitjeneste,3,2023-03-17,2023-10-03,3,0,SN2007,T1,86.902,Fysioterapitjeneste,,,86.902,Fysioterapitjeneste,direkte,false,,
Bearbeiding av te og kaffe,3,2024-04-23,2026-06-22,2,1,begge,T1,10.830,Bearbeiding av te og kaffe,10.830,Bearbeiding av te og kaffe,10.830,Bearbeiding av te og kaffe,direkte,false,false,10.830
Takseringsvirksomhet,3,2022-01-18,2025-03-18,3,0,SN2007,T1,74.901,Takseringsvirksomhet,,,74.901,Takseringsvirksomhet,direkte,false,,
Bearbeiding av planglass,3,2025-10-17,2026-02-13,0,3,SN2025,T1,23.120,Bearbeiding av planglass,23.120,Bearbeiding av planglass,23.120,Bearbeiding av planglass,direkte,false,false,23.120
Omsorgsinstitusjoner ellers,2,2023-06-05,2023-08-22,2,0,SN2007,T1,87.909,Omsorgsinstitusjoner ellers,,,87.909,Omsorgsinstitusjoner ellers,direkte,false,,
Produksjon av planglass,2,2025-11-03,2026-03-20,0,2,SN2025,T1,23.110,Produksjon av planglass,23.110,Produksjon av planglass,23.110,Produksjon av planglass,direkte,false,false,23.110
Produksjon av pumper og kompressorer ellers,2,2017-09-14,2026-07-23,1,1,begge,T1,28.130,Produksjon av pumper og kompressorer ellers,28.130,Produksjon av pumper og kompressorer ellers,28.130,Produksjon av pumper og kompressorer ellers,direkte,false,false,28.130
Familieverntjenester,2,2024-09-24,2025-04-09,2,0,SN2007,T1,88.992,Familieverntjenester,88.992,Familieverntjenester,88.992,Familieverntjenester,direkte,false,false,88.992
"Produksjon av saltfisk, tørrfisk og klippfisk",2,2019-03-06,2024-11-13,2,0,SN2007,T1,10.201,"Produksjon av saltfisk, tørrfisk og klippfisk",10.201,"Produksjon av saltfisk, tørrfisk og klippfisk",10.201,"Produksjon av saltfisk, tørrfisk og klippfisk",direkte,false,false,10.201
Kart og oppmåling,2,2024-04-09,2024-08-09,2,0,SN2007,T1,71.123,Kart og oppmåling,,,71.123,Kart og oppmåling,direkte,false,,
Produksjon av spesialmaskiner ikke nevnt annet sted,2,2023-08-01,2025-01-30,2,0,SN2007,T1,28.990,Produksjon av spesialmaskiner ikke nevnt annet sted,,,28.990,Produksjon av spesialmaskiner ikke nevnt annet sted,direkte,false,,
Kombinerte kontortjenester,2,2024-04-09,2024-11-19,2,0,SN2007,T1,82.110,Kombinerte kontortjenester,,,82.110,Kombinerte kontortjenester,direkte,false,,
"Produksjon av såpe og vaskemidler, rense- og polermidler",2,2023-09-06,2025-05-28,2,0,SN2007,T1,20.410,"Produksjon av såpe og vaskemidler, rense- og polermidler",,,20.410,"Produksjon av såpe og vaskemidler, rense- og polermidler",direkte,false,,
Engroshandel med skotøy,2,2024-03-15,2024-11-07,2,0,SN2007,T1,46.422,Engroshandel med skotøy,,,46.422,Engroshandel med skotøy,direkte,false,,
Produksjon av andre metallvarer ikke nevnt annet sted,2,2026-06-03,2026-06-03,0,2,SN2025,T2,,,25.990,Produksjon av andre metallvarer ikke nevnt annet sted,25.990,Produksjon av metallvarer ikke nevnt annet sted,korrespondanse-1til1,false,false,25.990
Produksjon av utstyrsvarer,2,2024-10-28,2025-03-19,2,0,SN2007,T1,13.921,Produksjon av utstyrsvarer,,,13.921,Produksjon av utstyrsvarer,direkte,false,,
Produksjon av varer av papir og papp ellers,2,2024-05-14,2024-08-16,2,0,SN2007,T1,17.290,Produksjon av varer av papir og papp ellers,17.250,Produksjon av varer av papir og papp ellers,17.290,Produksjon av varer av papir og papp ellers,direkte,false,false,17.250
Produksjon av andre spesialmaskiner ikke nevnt annet sted,2,2026-04-09,2026-07-22,0,2,SN2025,T2,,,28.990,Produksjon av andre spesialmaskiner ikke nevnt annet sted,28.990,Produksjon av spesialmaskiner ikke nevnt annet sted,korrespondanse-1til1,false,false,28.990
Produksjon av yttertøy,2,2025-12-02,2026-03-16,0,2,SN2025,T2,,,14.210,Produksjon av yttertøy,14.130|14.140|14.190,Produksjon av annet yttertøy | Produksjon av undertøy og innertøy | Produksjon av klær og tilbehør ellers,korrespondanse-1tilmange,false,false,14.210
Detaljhandel med skotøy og lærvarer,2,2025-12-30,2026-01-06,0,2,SN2025,T2,,,47.720,Detaljhandel med skotøy og lærvarer,47.721|47.722|47.820|47.912|47.990,"Butikkhandel med skotøy | Butikkhandel med reiseeffekter av lær og lærimitasjoner og varer av lær | Torghandel med tekstiler, klær, skotøy og utstyrsvarer | Postordre-/Internetthandel med tekstiler, utstyrsvarer, klær, skotøy, reiseeffekter og lærvarer | Detaljhandel utenom utsalgssted ellers",korrespondanse-1tilmange,false,false,47.720
Produksjon av andre uorganiske kjemikalier,2,2023-08-22,2024-12-17,2,0,SN2007,T1,20.130,Produksjon av andre uorganiske kjemikalier,,,20.130,Produksjon av andre uorganiske kjemikalier,direkte,false,,
"Engroshandel med bøker, aviser og blader",2,2023-12-06,2024-05-28,2,0,SN2007,T1,46.491,"Engroshandel med bøker, aviser og blader",,,46.491,"Engroshandel med bøker, aviser og blader",direkte,false,,
Bygging av skip under 100 br.tonn,2,2023-07-05,2023-07-11,2,0,SN2007,T1,30.112,Bygging av skip under 100 br.tonn,,,30.112,Bygging av skip under 100 br.tonn,direkte,false,,
Guide- og reiseledervirksomhet,2,2026-05-04,2026-06-08,0,2,SN2025,T2,,,79.902,Guide- og reiseledervirksomhet,79.902,Guider og reiseledere,korrespondanse-1til1,false,false,79.902
Reisearrangørvirksomhet ellers,2,2025-09-16,2025-12-16,0,2,SN2025,T2,,,79.122,Reisearrangørvirksomhet ellers,79.120,Reisearrangørvirksomhet,korrespondanse-1til1,false,false,79.122
Produksjon av bijouteri og lignende artikler,2,2022-12-14,2025-06-16,2,0,SN2007,T1,32.130,Produksjon av bijouteri og lignende artikler,32.130,Produksjon av bijouteri og lignende artikler,32.130,Produksjon av bijouteri og lignende artikler,direkte,false,false,32.130
"Produksjon av brød og ferske konditorvarer
Butikkhandel med",2,2022-06-22,2025-08-25,2,0,SN2007,,,,,,,,,,,
Butikkhandel med frukt og grønnsaker,2,2023-06-21,2023-06-23,2,0,SN2007,T1,47.210,Butikkhandel med frukt og grønnsaker,,,47.210,Butikkhandel med frukt og grønnsaker,direkte,false,,
Engroshandel med spill og leker,2,2023-03-02,2024-10-09,2,0,SN2007,T1,46.495,Engroshandel med spill og leker,,,46.495,Engroshandel med spill og leker,direkte,false,,
Logistikktjenester,2,2026-02-16,2026-06-09,0,2,SN2025,T2,,,52.250,Logistikktjenester,52.291|52.299,Spedisjon | Transportformidling ellers,korrespondanse-1tilmange,false,false,52.250
Utøvende kunstnere og underholdningsvirksomhet innen musikk,2,2023-09-11,2023-12-22,2,0,SN2007,T1,90.011,Utøvende kunstnere og underholdningsvirksomhet innen musikk,,,90.011,Utøvende kunstnere og underholdningsvirksomhet innen musikk,direkte,false,,
Reparasjon av møbler og boliginnredning,2,2023-11-28,2025-02-21,2,0,SN2007,T1,95.240,Reparasjon av møbler og boliginnredning,,,95.240,Reparasjon av møbler og boliginnredning,direkte,false,,
Lotteri- og gamblingvirksomhet,2,2025-11-07,2026-01-21,0,2,SN2025,T2,,,92.000,Lotteri- og gamblingvirksomhet,92.000,Lotteri og totalisatorspill,korrespondanse-1til1,false,false,92.000
"Lufttransport med passasjerer
Lufttransport med gods",2,2021-09-01,2025-03-03,2,0,SN2007,,,,,,,,,,,
Produksjon av elektriske fordelings- og kontrolltavler og pa,2,2023-06-02,2026-06-22,1,1,begge,T1,27.120,Produksjon av elektriske fordelings- og kontrolltavler og paneler,27.120,Produksjon av elektriske fordelings- og kontrolltavler og paneler,27.120,Produksjon av elektriske fordelings- og kontrolltavler og paneler,direkte,false,false,27.120
Detaljhandel med motorsykler og tilhørende deler og utstyr,2,2025-10-01,2025-12-22,0,2,SN2025,T2,,,47.830,Detaljhandel med motorsykler og tilhørende deler og utstyr,45.402,"Detaljhandel med motorsykler, deler og utstyr",korrespondanse-1til1,false,false,47.830
Hjemmehjelp,2,2023-02-24,2023-09-12,2,0,SN2007,T1,88.101,Hjemmehjelp,,,88.101,Hjemmehjelp,direkte,false,,
Butikkhandel med belysningsutstyr,2,2023-06-02,2023-10-16,2,0,SN2007,T1,47.592,Butikkhandel med belysningsutstyr,,,47.592,Butikkhandel med belysningsutstyr,direkte,false,,
Produksjon av ferdigblandet betong,2,2023-06-08,2026-02-05,1,1,begge,T1,23.630,Produksjon av ferdigblandet betong,23.630,Produksjon av ferdigblandet betong,23.630,Produksjon av ferdigblandet betong,direkte,false,false,23.630
Riving av bygninger og andre byggverk,2,2025-09-15,2026-01-21,0,2,SN2025,T2,,,43.110,Riving av bygninger og andre byggverk,43.110,Riving av bygninger og andre konstruksjoner,korrespondanse-1til1,true,true,43.110
Butikkhandel med audio- og videoutstyr,2,2023-09-06,2024-06-06,2,0,SN2007,T1,47.430,Butikkhandel med audio- og videoutstyr,,,47.430,Butikkhandel med audio- og videoutstyr,direkte,false,,
Drift av vandrerhjem,2,2022-03-29,2025-04-03,2,0,SN2007,T1,55.201,Drift av vandrerhjem,,,55.201,Drift av vandrerhjem,direkte,false,,
Fondsforvaltningsvirksomhet,2,2023-12-21,2026-03-10,1,1,begge,T1,66.300,Fondsforvaltningsvirksomhet,66.300,Fondsforvaltningsvirksomhet,66.300,Fondsforvaltningsvirksomhet,direkte,false,false,66.300
Husdyrhold ikke nevnt annet sted,2,2025-09-29,2025-11-28,0,2,SN2025,T2,,,01.489,Husdyrhold ikke nevnt annet sted,01.490|03.222,Husdyrhold ellers | Produksjon av yngel og settefisk i ferskvannsbasert akvakultur,korrespondanse-1tilmange,false,false,01.489
Produksjon av halvfabrikater av plast,2,2023-06-28,2025-06-05,2,0,SN2007,T1,22.210,Produksjon av halvfabrikater av plast,,,22.210,Produksjon av halvfabrikater av plast,direkte,false,,
Spesialisert byggevirksomhet i forbindelse med anleggsarbeid,2,2025-11-03,2026-04-20,0,2,SN2025,T2,,,43.500,Spesialisert byggevirksomhet i forbindelse med anleggsarbeid,42.110|43.990,Bygging av veier og motorveier | Annen spesialisert bygge- og anleggsvirksomhet,korrespondanse-1tilmange,true,true,43.500
Engroshandel med avfall og skrap,2,2024-01-22,2024-05-10,2,0,SN2007,T1,46.770,Engroshandel med avfall og skrap,46.870,Engroshandel med avfall og skrap,46.770,Engroshandel med avfall og skrap,direkte,false,false,46.870
Spesialisert rusbehandling,2,2025-10-22,2025-10-27,0,2,SN2025,T2,,,86.103,Spesialisert rusbehandling,86.106|86.225,Rusmiddelinstitusjoner | Rusmiddelpoliklinikker,korrespondanse-1tilmange,false,false,86.103
Dyrking av kjernefrukter og steinfrukter,2,2023-10-24,2024-08-23,2,0,SN2007,T1,01.240,Dyrking av kjernefrukter og steinfrukter,01.240,Dyrking av kjernefrukter og steinfrukter,01.240,Dyrking av kjernefrukter og steinfrukter,direkte,false,false,01.240
"Produksjon av kakao, sjokolade og sukkervarer",2,2021-12-06,2024-08-16,2,0,SN2007,T1,10.820,"Produksjon av kakao, sjokolade og sukkervarer",10.820,"Produksjon av kakao, sjokolade og sukkervarer",10.820,"Produksjon av kakao, sjokolade og sukkervarer",direkte,false,false,10.820
"Avvirkning
Oppføring av bygninger",2,2025-02-13,2026-07-03,1,1,begge,,,,,,,,,,,
"Agenturhandel med maskiner, produksjonsutstyr, båter og luft",2,2024-01-18,2024-05-21,2,0,SN2007,T1,46.140,"Agenturhandel med maskiner, produksjonsutstyr, båter og luftfartøyer",46.140,"Agenturhandel med maskiner, produksjonsutstyr, båter og luftfartøy",46.140,"Agenturhandel med maskiner, produksjonsutstyr, båter og luftfartøyer",direkte,false,false,46.140
Asylmottakstjenester,2,2025-11-24,2025-12-10,0,2,SN2025,T2,,,87.992,Asylmottakstjenester,88.996,Asylmottak,korrespondanse-1til1,false,false,87.992
Tjenester tilknyttet sjøtransport ellers,2,2020-08-26,2025-02-05,2,0,SN2007,T1,52.229,Tjenester tilknyttet sjøtransport ellers,,,52.229,Tjenester tilknyttet sjøtransport ellers,direkte,false,,
Produksjon av kjøkkenmøbler,2,2023-07-13,2024-10-30,2,0,SN2007,T1,31.020,Produksjon av kjøkkenmøbler,,,31.020,Produksjon av kjøkkenmøbler,direkte,false,,
"Torghandel med næringsmidler, drikkevarer og tobakksvarer",2,2023-10-31,2024-07-24,2,0,SN2007,T1,47.810,"Torghandel med næringsmidler, drikkevarer og tobakksvarer",,,47.810,"Torghandel med næringsmidler, drikkevarer og tobakksvarer",direkte,false,,
Ordinær grunnskoleundervisning,2,2025-08-05,2026-03-06,1,1,begge,T1,85.201,Ordinær grunnskoleundervisning,85.201,Ordinær grunnskoleundervisning,85.201,Ordinær grunnskoleundervisning,direkte,false,false,85.201
Produksjon av kontor- og butikkmøbler,2,2024-06-18,2024-08-08,2,0,SN2007,T1,31.010,Produksjon av kontor- og butikkmøbler,,,31.010,Produksjon av kontor- og butikkmøbler,direkte,false,,
Ortopedi- og fotterapitjenester,2,2025-12-11,2026-06-12,0,2,SN2025,T2,,,86.991,Ortopedi- og fotterapitjenester,86.909,Andre helsetjenester,korrespondanse-1til1,false,false,86.991
Engroshandel med elektriske husholdningsapparater,2,2025-09-29,2025-10-31,0,2,SN2025,T2,,,46.430,Engroshandel med elektriske husholdningsapparater,46.431|46.432|46.434|46.435,Engroshandel med elektriske husholdningsapparater og -maskiner | Engroshandel med radio og fjernsyn | Engroshandel med fotoutstyr | Engroshandel med optiske artikler,korrespondanse-1tilmange,false,false,46.430
Produksjon av låser og beslag,2,2023-05-25,2025-11-03,1,1,begge,T1,25.720,Produksjon av låser og beslag,25.620,Produksjon av låser og beslag,25.720,Produksjon av låser og beslag,direkte,false,false,25.620
Installasjon av industrimaskiner og -utstyr,2,2024-04-16,2024-09-03,2,0,SN2007,T1,33.200,Installasjon av industrimaskiner og -utstyr,33.200,Installasjon av industrimaskiner og -utstyr,33.200,Installasjon av industrimaskiner og -utstyr,direkte,false,false,33.200
Dyrking av annen frukt som vokser på trær eller busker samt,2,2024-10-16,2026-07-24,1,1,begge,T1,01.250,Dyrking av annen frukt som vokser på trær eller busker samt nøtter,01.250,Dyrking av annen frukt som vokser på trær eller busker samt nøtter,01.250,Dyrking av annen frukt som vokser på trær eller busker samt nøtter,direkte,false,false,01.250
Aktiviteter i andre interesseorganisasjoner ikke nevnt annet,2,2023-08-29,2024-04-04,2,0,SN2007,T1,94.991,Aktiviteter i andre interesseorganisasjoner ikke nevnt annet sted,,,94.991,Aktiviteter i andre interesseorganisasjoner ikke nevnt annet sted,direkte,false,,
Produksjon av matfisk og skalldyr i ferskvannsbasert fiskeop,2,2023-08-24,2025-03-05,2,0,SN2007,,,,,,,,,,,
Andre tjenester tilknyttet undervisning ikke nevnt annet ste,2,2026-06-08,2026-06-26,0,2,SN2025,T2,,,85.699,Andre tjenester tilknyttet undervisning ikke nevnt annet sted,85.609,Andre tjenester tilknyttet undervisning,korrespondanse-1til1,false,false,85.699
"Engroshandel med sukker, sjokolade og sukkervarer",2,2022-11-15,2023-12-29,2,0,SN2007,T1,46.360,"Engroshandel med sukker, sjokolade og sukkervarer",46.360,"Engroshandel med sukker, sjokolade og sukkervarer",46.360,"Engroshandel med sukker, sjokolade og sukkervarer",direkte,false,false,46.360
Produksjon av metallvarer ikke nevnt annet sted,2,2024-06-14,2024-09-10,2,0,SN2007,T1,25.990,Produksjon av metallvarer ikke nevnt annet sted,,,25.990,Produksjon av metallvarer ikke nevnt annet sted,direkte,false,,
Andre støttetjenester for transport,2,2025-11-27,2026-06-26,0,2,SN2025,T2,,,52.260,Andre støttetjenester for transport,52.291,Spedisjon,korrespondanse-1til1,false,false,52.260
Engroshandel med klokker og ur,2,2023-10-16,2024-02-06,2,0,SN2007,T1,46.481,Engroshandel med klokker og ur,,,46.481,Engroshandel med klokker og ur,direkte,false,,
Passasjertransport med jernbane,2,2023-11-29,2025-07-28,2,0,SN2007,T1,49.100,Passasjertransport med jernbane,49.110,Passasjertransport med jernbane,49.100,Passasjertransport med jernbane,direkte,false,false,49.110
Engroshandel med innsatsvarer ellers,2,2025-10-23,2025-12-11,0,2,SN2025,T2,,,46.860,Engroshandel med innsatsvarer ellers,46.761|46.769,Engroshandel med papir og papp | Engroshandel med innsatsvarer ikke nevnt annet sted,korrespondanse-1tilmange,false,false,46.860
"Drift av hoteller, pensjonater og moteller med restaurant
Dr",2,2020-07-14,2025-02-25,2,0,SN2007,,,,,,,,,,,
"Elektrisk installasjonsarbeid
Rørleggerarbeid",2,2021-09-07,2023-07-05,2,0,SN2007,,,,,,,,,,,
Engroshandel med maskinverktøy,2,2025-01-09,2025-05-22,2,0,SN2007,T1,46.620,Engroshandel med maskinverktøy,46.620,Engroshandel med maskinverktøy,46.620,Engroshandel med maskinverktøy,direkte,false,false,46.620
Andre kombinerte tjenester tilknyttet eiendomsdrift,2,2023-08-23,2024-08-22,2,0,SN2007,T1,81.109,Andre kombinerte tjenester tilknyttet eiendomsdrift,,,81.109,Andre kombinerte tjenester tilknyttet eiendomsdrift,direkte,false,,
Engroshandel med fritidsbåter og -utstyr,2,2023-11-01,2025-03-12,2,0,SN2007,T1,46.493,Engroshandel med fritidsbåter og -utstyr,,,46.493,Engroshandel med fritidsbåter og -utstyr,direkte,false,,
Engroshandel med papir og papp,2,2022-09-28,2025-01-07,2,0,SN2007,T1,46.761,Engroshandel med papir og papp,,,46.761,Engroshandel med papir og papp,direkte,false,,
Reparasjon av elektrisk utstyr,1,2024-03-06,2024-03-06,1,0,SN2007,T1,33.140,Reparasjon av elektrisk utstyr,,,33.140,Reparasjon av elektrisk utstyr,direkte,false,,
Reparasjon av elektronisk og optisk utstyr,1,2023-04-17,2023-04-17,1,0,SN2007,T1,33.130,Reparasjon av elektronisk og optisk utstyr,,,33.130,Reparasjon av elektronisk og optisk utstyr,direkte,false,,
"Butikkhandel med fisk, skalldyr og bløtdyr
Utleie av egen el",1,2022-12-21,2022-12-21,1,0,SN2007,,,,,,,,,,,
Reparasjon av skotøy og lærvarer,1,2025-01-03,2025-01-03,1,0,SN2007,T1,95.230,Reparasjon av skotøy og lærvarer,,,95.230,Reparasjon av skotøy og lærvarer,direkte,false,,
"Reparasjon av ur, gull- og sølvvarer",1,2023-12-14,2023-12-14,1,0,SN2007,T1,95.250,"Reparasjon av ur, gull- og sølvvarer",,,95.250,"Reparasjon av ur, gull- og sølvvarer",direkte,false,,
Reparasjon og vedlikehold av andre transportmidler,1,2024-04-11,2024-04-11,1,0,SN2007,T1,33.170,Reparasjon og vedlikehold av andre transportmidler,,,33.170,Reparasjon og vedlikehold av andre transportmidler,direkte,false,,
Reparasjon og vedlikehold av annet utstyr,1,2025-11-13,2025-11-13,0,1,SN2025,T2,,,33.190,Reparasjon og vedlikehold av annet utstyr,33.190,Reparasjon av annet utstyr,korrespondanse-1til1,false,false,33.190
Reparasjon og vedlikehold av elektrisk utstyr,1,2025-12-18,2025-12-18,0,1,SN2025,T2,,,33.140,Reparasjon og vedlikehold av elektrisk utstyr,33.140,Reparasjon av elektrisk utstyr,korrespondanse-1til1,false,false,33.140
Reparasjon og vedlikehold av luftfartøyer og romfartøyer,1,2025-08-21,2025-08-21,1,0,SN2007,T1,33.160,Reparasjon og vedlikehold av luftfartøyer og romfartøyer,,,33.160,Reparasjon og vedlikehold av luftfartøyer og romfartøyer,direkte,false,,
Reparasjon og vedlikehold av motorsykler,1,2026-05-26,2026-05-26,0,1,SN2025,T2,,,95.320,Reparasjon og vedlikehold av motorsykler,45.403,Vedlikehold og reparasjon av motorsykler,korrespondanse-1til1,false,false,95.320
"Butikkhandel med bredt vareutvalg ellers
Butikkhandel med in",1,2023-02-27,2023-02-27,1,0,SN2007,,,,,,,,,,,
Reparasjon og vedlikehold av sivile skip og båter,1,2025-10-21,2025-10-21,0,1,SN2025,T2,,,33.150,Reparasjon og vedlikehold av sivile skip og båter,33.120|33.150,Reparasjon av maskiner | Reparasjon og vedlikehold av skip og båter,korrespondanse-1tilmange,false,false,33.150
Revisjon,1,2021-09-10,2021-09-10,1,0,SN2007,T1,69.202,Revisjon,69.201,Revisjon,69.202,Revisjon,direkte,false,false,69.201
"Butikkhandel med bakervarer og konditorvarer
Butikkhandel me",1,2024-03-21,2024-03-21,1,0,SN2007,,,,,,,,,,,
"Rørleggerarbeid
Engroshandel med rengjøringsmidler",1,2022-09-12,2022-09-12,1,0,SN2007,,,,,,,,,,,
Sauehold,1,2024-01-19,2024-01-19,1,0,SN2007,T1,01.451,Sauehold,01.451,Sauehold,01.451,Sauehold,direkte,false,false,01.451
Selvstendig kunstnerisk virksomhet ikke nevnt annet sted,1,2025-04-22,2025-04-22,1,0,SN2007,T1,90.039,Selvstendig kunstnerisk virksomhet ikke nevnt annet sted,,,90.039,Selvstendig kunstnerisk virksomhet ikke nevnt annet sted,direkte,false,,
"Butikkhandel ikke nevnt annet sted
Varig tilrettelagt arbeid",1,2024-08-02,2024-08-02,1,0,SN2007,,,,,,,,,,,
Skadedyrkontroll,1,2023-02-28,2023-02-28,1,0,SN2007,T1,81.291,Skadedyrkontroll,,,81.291,Skadedyrkontroll,direkte,false,,
Skapende kunstnerisk virksomhet innenfor komposisjon av musi,1,2025-12-17,2025-12-17,0,1,SN2025,T2,,,90.112,Skapende kunstnerisk virksomhet innenfor komposisjon av musikk,90.032,Selvstendig kunstnerisk virksomhet innen musikk,korrespondanse-1til1,false,false,90.112
Bryting av ikke-jernholdig malm ellers,1,2024-08-16,2024-08-16,1,0,SN2007,T1,07.290,Bryting av ikke-jernholdig malm ellers,07.290,Bryting av ikke-jernholdig malm ellers,07.290,Bryting av ikke-jernholdig malm ellers,direkte,false,false,07.290
"Slakting av fisk, skalldyr og bløtdyr",1,2025-09-05,2025-09-05,0,1,SN2025,T2,,,10.202,"Slakting av fisk, skalldyr og bløtdyr",10.209,"Slakting, bearbeiding og konservering av fisk og fiskevarer ellers",korrespondanse-1til1,false,false,10.202
"Bryting av dekorstein, kalkstein, gips, skifer og annen stei",1,2026-03-16,2026-03-16,0,1,SN2025,T2,,,08.110,"Bryting av dekorstein, kalkstein, gips, skifer og annen stein",08.111|08.112|08.113,"Bryting av stein til bygge- og anleggsvirksomhet | Bryting av kalkstein, gips og kritt | Bryting av skifer",korrespondanse-1tilmange,false,false,08.110
Slepebåter,1,2022-07-13,2022-07-13,1,0,SN2007,T1,50.203,Slepebåter,,,50.203,Slepebåter,direkte,false,,
"Smiing, stansing og valsing av metall, og pulvermetallurgi",1,2025-01-22,2025-01-22,1,0,SN2007,T1,25.500,"Smiing, stansing og valsing av metall, og pulvermetallurgi",25.400,"Smiing, stansing og valsing av metall, og pulvermetallurgi",25.500,"Smiing, stansing og valsing av metall, og pulvermetallurgi",direkte,false,false,25.400
"Snekkerarbeid
Reparasjon og vedlikehold av motorvogner",1,2026-02-18,2026-02-18,0,1,SN2025,,,,,,,,,,,
Begravelsesbyråvirksomhet og lignende tjenester,1,2026-07-07,2026-07-07,0,1,SN2025,T2,,,96.300,Begravelsesbyråvirksomhet og lignende tjenester,96.030,Begravelsesbyråvirksomhet og drift av kirkegårder og krematorier,korrespondanse-1til1,false,false,96.300
Sosialtjenester for rusmiddelmisbrukere uten botilbud,1,2025-04-14,2025-04-14,1,0,SN2007,T1,88.997,Sosialtjenester for rusmiddelmisbrukere uten botilbud,,,88.997,Sosialtjenester for rusmiddelmisbrukere uten botilbud,direkte,false,,
"Bedriftsrådgivning og annen administrativ rådgivning
Telefon",1,2024-09-03,2024-09-03,1,0,SN2007,,,,,,,,,,,
Spesielle holdingselskaper,1,2024-10-07,2024-10-07,1,0,SN2007,T1,64.202,Spesielle holdingselskaper,64.220,Spesielle holdingselskaper,64.202,Spesielle holdingselskaper,direkte,false,false,64.220
Stukkatørarbeid og pussing,1,2024-03-01,2024-03-01,1,0,SN2007,T1,43.310,Stukkatørarbeid og pussing,43.310,Stukkatørarbeid og pussing,43.310,Stukkatørarbeid og pussing,direkte,true,true,43.310
Svinehold,1,2023-10-04,2023-10-04,1,0,SN2007,T1,01.460,Svinehold,01.460,Svinehold,01.460,Svinehold,direkte,false,false,01.460
"Avvirkning
Utleie av egen eller leid fast eiendom ellers",1,2020-05-22,2020-05-22,1,0,SN2007,,,,,,,,,,,
Telefonvakttjenester,1,2024-03-21,2024-03-21,1,0,SN2007,T1,82.201,Telefonvakttjenester,,,82.201,Telefonvakttjenester,direkte,false,,
Tjenester i seniorsentre,1,2026-08-11,2026-08-11,0,1,SN2025,T2,,,88.103,Tjenester i seniorsentre,88.103,Eldresentre,korrespondanse-1til1,false,false,88.103
"Agenturhandel med møbler, husholdningsvarer og jernvarer",1,2023-12-05,2023-12-05,1,0,SN2007,T1,46.150,"Agenturhandel med møbler, husholdningsvarer og jernvarer",46.150,"Agenturhandel med møbler, husholdningsvarer og jernvarer",46.150,"Agenturhandel med møbler, husholdningsvarer og jernvarer",direkte,false,false,46.150
Avlastningsboliger/-institusjoner,1,2022-12-01,2022-12-01,1,0,SN2007,T1,87.304,Avlastningsboliger/-institusjoner,,,87.304,Avlastningsboliger/-institusjoner,direkte,false,,
Asylmottak,1,2024-12-06,2024-12-06,1,0,SN2007,T1,88.996,Asylmottak,,,88.996,Asylmottak,direkte,false,,
"Tjenester tilknyttet skogbruk
Oppføring av bygninger",1,2023-06-13,2023-06-13,1,0,SN2007,,,,,,,,,,,
"Arkitekttjenester vedrørende byggverk
Byggeteknisk konsulent",1,2024-05-13,2024-05-13,1,0,SN2007,,,,,,,,,,,
Arbeidstrening for ordinært arbeidsmarked,1,2025-01-28,2025-01-28,1,0,SN2007,T1,88.993,Arbeidstrening for ordinært arbeidsmarked,,,88.993,Arbeidstrening for ordinært arbeidsmarked,direkte,false,,
Transportformidling ellers,1,2023-10-13,2023-10-13,1,0,SN2007,T1,52.299,Transportformidling ellers,,,52.299,Transportformidling ellers,direkte,false,,
Annet fjørfehold,1,2022-09-30,2022-09-30,1,0,SN2007,T1,01.479,Annet fjørfehold,01.479,Annet fjørfehold,01.479,Annet fjørfehold,direkte,false,false,01.479
Engroshandel med skipsutstyr og fiskeredskap,1,2025-08-21,2025-08-21,1,0,SN2007,T1,46.692,Engroshandel med skipsutstyr og fiskeredskap,,,46.692,Engroshandel med skipsutstyr og fiskeredskap,direkte,false,,
"Annen teknisk konsulentvirksomhet
Utleie av arbeidskraft",1,2020-06-09,2020-06-09,1,0,SN2007,,,,,,,,,,,
"Trykking ellers
Bokbinding og tilknyttede tjenester",1,2026-06-19,2026-06-19,0,1,SN2025,,,,,,,,,,,
"Trykking ellers
Kontortjenester",1,2026-06-19,2026-06-19,0,1,SN2025,,,,,,,,,,,
Turistkontorvirksomhet og destinasjonsselskaper,1,2024-11-20,2024-11-20,1,0,SN2007,T1,79.901,Turistkontorvirksomhet og destinasjonsselskaper,,,79.901,Turistkontorvirksomhet og destinasjonsselskaper,direkte,false,,
"Annen spesialisert bygge- og anleggsvirksomhet
Utleie og lea",1,2023-02-07,2023-02-07,1,0,SN2007,,,,,,,,,,,
"Undervisning innenfor kort høyere yrkesfaglig utdanning
Anne",1,2026-01-05,2026-01-05,0,1,SN2025,,,,,,,,,,,
Undervisning ved andre høgskoler,1,2023-09-04,2023-09-04,1,0,SN2007,T1,85.429,Undervisning ved andre høgskoler,85.403,Undervisning ved andre høgskoler,85.429,Undervisning ved andre høgskoler,direkte,false,false,85.403
Undervisning ved fagskoler,1,2025-02-12,2025-02-12,1,0,SN2007,T1,85.410,Undervisning ved fagskoler,,,85.410,Undervisning ved fagskoler,direkte,false,,
Annen bryting og utvinning ikke nevnt annet sted,1,2023-07-13,2023-07-13,1,0,SN2007,T1,08.990,Annen bryting og utvinning ikke nevnt annet sted,08.990,Annen bryting og utvinning ikke nevnt annet sted,08.990,Annen bryting og utvinning ikke nevnt annet sted,direkte,false,false,08.990
"Andre tjenester tilknyttet utvinning av råolje og naturgass
",1,2017-02-28,2017-02-28,1,0,SN2007,T1,09.109,Andre tjenester tilknyttet utvinning av råolje og naturgass,09.109,Andre tjenester tilknyttet utvinning av råolje og naturgass,09.109,Andre tjenester tilknyttet utvinning av råolje og naturgass,direkte,false,false,09.109
Utenriks sjøfart med passasjerer,1,2023-09-07,2023-09-07,1,0,SN2007,T1,50.101,Utenriks sjøfart med passasjerer,50.101,Utenriks sjøfart med passasjerer,50.101,Utenriks sjøfart med passasjerer,direkte,false,false,50.101
Verdipapirmegling,1,2026-03-24,2026-03-24,0,1,SN2025,T1,66.120,Verdipapirmegling,66.120,Verdipapirmegling,66.120,Verdipapirmegling,direkte,false,false,66.120
"Voksenopplæringssentre
Annen undervisning ikke nevnt annet s",1,2025-04-08,2025-04-08,1,0,SN2007,,,,,,,,,,,
Andre tjenester tilknyttet sjøtransport,1,2026-05-04,2026-05-04,0,1,SN2025,T2,,,52.220,Andre tjenester tilknyttet sjøtransport,52.221|52.222|52.223|52.229,Drift av havne- og kaianlegg | Redningstjeneste | Forsyningsbaser | Tjenester tilknyttet sjøtransport ellers,korrespondanse-1tilmange,false,false,52.220
Andre tjenester tilknyttet lufttransport,1,2021-05-27,2021-05-27,1,0,SN2007,T1,52.230,Andre tjenester tilknyttet lufttransport,52.230,Andre tjenester tilknyttet lufttransport,52.230,Andre tjenester tilknyttet lufttransport,direkte,false,false,52.230
Andre tjenester tilknyttet finansieringsvirksomhet og kollek,1,2025-12-10,2025-12-10,0,1,SN2025,T2,,,66.190,Andre tjenester tilknyttet finansieringsvirksomhet og kollektive investeringsfond,66.190,Andre tjenester tilknyttet finansieringsvirksomhet,korrespondanse-1til1,false,false,66.190
"Engroshandel med klokker, ur og smykker",1,2026-04-08,2026-04-08,0,1,SN2025,T2,,,46.480,"Engroshandel med klokker, ur og smykker",46.481|46.482,Engroshandel med klokker og ur | Engroshandel med gull- og sølvvarer,korrespondanse-1tilmange,false,false,46.480
"Engroshandel med klær
Butikkhandel med klær",1,2024-08-06,2024-08-06,1,0,SN2007,,,,,,,,,,,
"Engroshandel med kjøkkenutstyr av porselen, glass og steintø",1,2026-02-26,2026-02-26,0,1,SN2025,T2,,,46.440,"Engroshandel med kjøkkenutstyr av porselen, glass og steintøy og rengjøringsmidler",46.441|46.442,"Engroshandel med kjøkkenutstyr, glass og steintøy | Engroshandel med rengjøringsmidler",korrespondanse-1tilmange,false,false,46.440
"Engroshandel med kaffe, te, kakao og krydder",1,2024-04-22,2024-04-22,1,0,SN2007,T1,46.370,"Engroshandel med kaffe, te, kakao og krydder",46.370,"Engroshandel med kaffe, te, kakao og krydder",46.370,"Engroshandel med kaffe, te, kakao og krydder",direkte,false,false,46.370
Engroshandel med gulvtepper,1,2025-04-23,2025-04-23,1,0,SN2007,T1,46.472,Engroshandel med gulvtepper,,,46.472,Engroshandel med gulvtepper,direkte,false,,
Engroshandel med gull- og sølvvarer,1,2025-01-06,2025-01-06,1,0,SN2007,T1,46.482,Engroshandel med gull- og sølvvarer,,,46.482,Engroshandel med gull- og sølvvarer,direkte,false,,
Engroshandel med optiske artikler,1,2025-01-28,2025-01-28,1,0,SN2007,T1,46.435,Engroshandel med optiske artikler,,,46.435,Engroshandel med optiske artikler,direkte,false,,
Engroshandel med fotoutstyr,1,2025-07-30,2025-07-30,1,0,SN2007,T1,46.434,Engroshandel med fotoutstyr,,,46.434,Engroshandel med fotoutstyr,direkte,false,,
"Engroshandel med parfyme og kosmetikk
Engroshandel med sykep",1,2025-03-06,2025-03-06,1,0,SN2007,,,,,,,,,,,
Annen trafikkskoleundervisning,1,2025-12-19,2025-12-19,0,1,SN2025,T2,,,85.532,Annen trafikkskoleundervisning,85.530,Trafikkskoleundervisning,korrespondanse-1til1,false,false,85.532
"Engroshandel med fargevarer
Butikkhandel med fargevarer",1,2023-12-19,2023-12-19,1,0,SN2007,,,,,,,,,,,
Engroshandel med deler og utstyr for motorvogner,1,2026-06-19,2026-06-19,0,1,SN2025,T2,,,46.720,Engroshandel med deler og utstyr for motorvogner,45.310,"Agentur- og engroshandel med deler og utstyr til motorvogner, unntatt motorsykler",korrespondanse-1til1,false,false,46.720
"Engroshandel med belysningsutstyr
Butikkhandel med belysning",1,2023-06-30,2023-06-30,1,0,SN2007,,,,,,,,,,,
Etterbehandling av treprodukter,1,2025-10-27,2025-10-27,0,1,SN2025,T2,,,16.270,Etterbehandling av treprodukter,16.210|16.220|16.232|16.240|16.290,"Produksjon av finerplater og andre bygnings- og møbelplater av tre | Produksjon av sammensatte parkettstaver | Produksjon av bygningsartikler | Produksjon av treemballasje | Produksjon av andre trevarer og varer av kork, strå og flettematerialer",korrespondanse-1tilmange,false,false,16.270
Etterforskningstjenester og private vakttjenester,1,2026-03-12,2026-03-12,0,1,SN2025,T2,,,80.010,Etterforskningstjenester og private vakttjenester,80.100|80.300,Private vakttjenester | Etterforsking,korrespondanse-1tilmange,false,false,80.010
Filmframvisning,1,2024-10-18,2024-10-18,1,0,SN2007,T1,59.140,Filmframvisning,,,59.140,Filmframvisning,direkte,false,,
"Elektrisk installasjonsarbeid
Detaljhandel med deler og utst",1,2022-07-08,2022-07-08,1,0,SN2007,,,,,,,,,,,
"Dyrking av krydder og aromatiske, medisinske og farmasøytisk",1,2024-07-11,2024-07-11,1,0,SN2007,T1,01.280,"Dyrking av krydder og aromatiske, medisinske og farmasøytiske vekster",01.280,"Dyrking av krydder og aromatiske, medisinske og farmasøytiske vekster",01.280,"Dyrking av krydder og aromatiske, medisinske og farmasøytiske vekster",direkte,false,false,01.280
"Dyrking av korn, unntatt ris, belgvekster og oljeholdige vek",1,2025-12-08,2025-12-08,0,1,SN2025,T2,,,01.110,"Dyrking av korn, unntatt ris, belgvekster og oljeholdige vekster",01.110,"Dyrking av korn (unntatt ris), belgvekster og oljeholdige vekster",korrespondanse-1til1,false,false,01.110
Folkehøgskoleundervisning,1,2024-07-31,2024-07-31,1,0,SN2007,T1,85.591,Folkehøgskoleundervisning,,,85.591,Folkehøgskoleundervisning,direkte,false,,
Formidlingstjenester tilknyttet detaljhandel med bredt vareu,1,2025-10-23,2025-10-23,0,1,SN2025,T2,,,47.910,Formidlingstjenester tilknyttet detaljhandel med bredt vareutvalg,47.111|47.112|47.190|47.791|47.792|47.799|47.890|47.911|47.990|82.990,Butikkhandel med bredt vareutvalg med hovedvekt på nærings- og nytelsesmidler | Kioskhandel med bredt vareutvalg med hovedvekt på nærings- og nytelsesmidler | Butikkhandel med bredt vareutvalg ellers | Butikkhandel med antikviteter | Butikkhandel med brukte klær | Butikkhandel med brukte varer ellers | Torghandel med andre varer | Postordre-/Internetthandel med bredt vareutvalg | Detaljhandel utenom utsalgssted ellers | Annen forretningsmessig tjenesteyting ikke nevnt annet sted,korrespondanse-1tilmange,false,false,47.910
Formidlingstjenester tilknyttet forretningsmessig tjenesteyt,1,2026-06-04,2026-06-04,0,1,SN2025,T2,,,82.400,Formidlingstjenester tilknyttet forretningsmessig tjenesteyting ikke nevnt annet sted,79.909|82.990,Turistrelaterte tjenester ikke nevnt annet sted | Annen forretningsmessig tjenesteyting ikke nevnt annet sted,korrespondanse-1tilmange,false,false,82.400
Formidlingstjenester tilknyttet kurs og veiledere,1,2026-03-30,2026-03-30,0,1,SN2025,T2,,,85.610,Formidlingstjenester tilknyttet kurs og veiledere,82.990,Annen forretningsmessig tjenesteyting ikke nevnt annet sted,korrespondanse-1til1,false,false,85.610
"Dyrking av grønnsaker, meloner, rot- og knollvekster
Svineho",1,2025-10-15,2025-10-15,0,1,SN2025,,,,,,,,,,,
"Drosjebiltransport
Trafikkskoleundervisning",1,2023-09-11,2023-09-11,1,0,SN2007,,,,,,,,,,,
Forskning og utviklingsarbeid innen samfunnsvitenskap og hum,1,2023-05-12,2023-05-12,1,0,SN2007,T1,72.200,Forskning og utviklingsarbeid innen samfunnsvitenskap og humanistiske fag,,,72.200,Forskning og utviklingsarbeid innen samfunnsvitenskap og humanistiske fag,direkte,false,,
Forsyningsbaser,1,2023-04-17,2023-04-17,1,0,SN2007,T1,52.223,Forsyningsbaser,,,52.223,Forsyningsbaser,direkte,false,,
Utleie og leasing av kontor- og datamaskiner,1,2024-04-12,2024-04-12,1,0,SN2007,T1,77.330,Utleie og leasing av kontor- og datamaskiner,77.330,Utleie og leasing av kontor- og datamaskiner,77.330,Utleie og leasing av kontor- og datamaskiner,direkte,false,false,77.330
"Drosjebiltransport
Frisering og annen skjønnhetspleie",1,2025-01-21,2025-01-21,1,0,SN2007,,,,,,,,,,,
"Fotokopiering, forberedelse av dokumenter og andre spesialis",1,2025-06-16,2025-06-16,1,0,SN2007,T1,82.190,"Fotokopiering, forberedelse av dokumenter og andre spesialiserte kontortjenester",,,82.190,"Fotokopiering, forberedelse av dokumenter og andre spesialiserte kontortjenester",direkte,false,,
"Drift av vandrerhjem og ferieleiligheter
Drift av restaurant",1,2025-09-10,2025-09-10,0,1,SN2025,,,,,,,,,,,
Drift av vandrerhjem og ferieleiligheter,1,2025-12-01,2025-12-01,0,1,SN2025,T2,,,55.200,Drift av vandrerhjem og ferieleiligheter,55.201|55.202,Drift av vandrerhjem | Drift av ferieleiligheter,korrespondanse-1tilmange,false,false,55.200
Drift av søkemotorer,1,2026-02-06,2026-02-06,0,1,SN2025,T2,,,63.910,Drift av søkemotorer,63.120,Drift av web-portaler,korrespondanse-1til1,false,false,63.910
"Frysing av fisk, fiskefileter, skalldyr og bløtdyr",1,2024-08-07,2024-08-07,1,0,SN2007,T1,10.202,"Frysing av fisk, fiskefileter, skalldyr og bløtdyr",,,10.202,"Frysing av fisk, fiskefileter, skalldyr og bløtdyr",direkte,false,,
"Frysing og videre bearbeiding av fisk, skalldyr og bløtdyr",1,2025-09-22,2025-09-22,0,1,SN2025,T2,,,10.203,"Frysing og videre bearbeiding av fisk, skalldyr og bløtdyr",10.202|10.203|10.209,"Frysing av fisk, fiskefileter, skalldyr og bløtdyr | Produksjon av fiskehermetikk | Slakting, bearbeiding og konservering av fisk og fiskevarer ellers",korrespondanse-1tilmange,false,false,10.203
Fysioterapi- og ergoterapitjenester,1,2026-07-08,2026-07-08,0,1,SN2025,T2,,,86.950,Fysioterapi- og ergoterapitjenester,86.107|86.902|86.909,Rehabiliterings- og opptreningsinstitusjoner | Fysioterapitjeneste | Andre helsetjenester,korrespondanse-1tilmange,false,false,86.950
Førskoleundervisning og drift av barnehager,1,2025-10-07,2025-10-07,0,1,SN2025,T2,,,85.100,Førskoleundervisning og drift av barnehager,85.100|88.911,Førskoleundervisning | Barnehager,korrespondanse-1tilmange,false,false,85.100
Geitehold,1,2026-05-06,2026-05-06,0,1,SN2025,T1,01.452,Geitehold,01.452,Geitehold,01.452,Geitehold,direkte,false,false,01.452
"Geitehold
Byggeteknisk konsulentvirksomhet",1,2024-05-13,2024-05-13,1,0,SN2007,,,,,,,,,,,
"Drift av restauranter og kafeer
Frisering og annen skjønnhet",1,2023-10-06,2023-10-06,1,0,SN2007,,,,,,,,,,,
"Drift av restauranter og kafeer
Drift av gatekjøkken",1,2023-01-16,2023-01-16,1,0,SN2007,,,,,,,,,,,
"Drift av restauranter og kafeer
Drift av barer ellers",1,2024-06-13,2024-06-13,1,0,SN2007,,,,,,,,,,,
"Godstransport på vei
Andre post- og budtjenester",1,2025-05-13,2025-05-13,1,0,SN2007,,,,,,,,,,,
"Godstransport på vei
Programmeringstjenester",1,2023-05-09,2023-05-09,1,0,SN2007,,,,,,,,,,,
"Drift av restauranter og kafeer
Cateringvirksomhet",1,2023-06-23,2023-06-23,1,0,SN2007,,,,,,,,,,,
"Drift av restauranter og kafeer
Bedriftsrådgivning og annen",1,2022-12-30,2022-12-30,1,0,SN2007,,,,,,,,,,,
"Grunnarbeid
Utleie og leasing av bygge- og anleggsmaskiner o",1,2026-03-13,2026-03-13,0,1,SN2025,,,,,,,,,,,
"Drift av restauranter
Utleie av egen eller leid fast eiendom",1,2026-01-29,2026-01-29,0,1,SN2025,,,,,,,,,,,
"Drift av restauranter
Andre tjenester tilknyttet kunstnerisk",1,2025-09-09,2025-09-09,0,1,SN2025,,,,,,,,,,,
Hjemmesykepleie,1,2024-02-23,2024-02-23,1,0,SN2007,T1,86.901,Hjemmesykepleie,,,86.901,Hjemmesykepleie,direkte,false,,
Utleie og leasing av landbruksmaskiner og -utstyr,1,2023-03-09,2023-03-09,1,0,SN2007,T1,77.310,Utleie og leasing av landbruksmaskiner og -utstyr,77.310,Utleie og leasing av landbruksmaskiner og -utstyr,77.310,Utleie og leasing av landbruksmaskiner og -utstyr,direkte,false,false,77.310
"Hold av verpehøner for konsumeggproduksjon
Butikkhandel med",1,2024-04-16,2024-04-16,1,0,SN2007,,,,,,,,,,,
Idrettslag og -klubber,1,2024-10-22,2024-10-22,1,0,SN2007,T1,93.120,Idrettslag og -klubber,,,93.120,Idrettslag og -klubber,direkte,false,,
Drift av lokaler tilknyttet kunstnerisk virksomhet,1,2023-03-30,2023-03-30,1,0,SN2007,T1,90.040,Drift av lokaler tilknyttet kunstnerisk virksomhet,,,90.040,Drift av lokaler tilknyttet kunstnerisk virksomhet,direkte,false,,
"Andre helsetjenester ellers
Omsorgstjenester i botilbud for",1,2025-10-22,2025-10-22,0,1,SN2025,,,,,,,,,,,
Innrednings- og installasjonsarbeid utført på borerigger og,1,2023-03-01,2023-03-01,1,0,SN2007,,,,,,,,,,,
Alternative investeringsfond (AIF) som ikke er verdipapirfon,1,2023-10-20,2023-10-20,1,0,SN2007,T1,64.302,Alternative investeringsfond (AIF) som ikke er verdipapirfond,64.312,Alternative investeringsfond (AIF) som ikke er verdipapirfond,64.302,Alternative investeringsfond (AIF) som ikke er verdipapirfond,direkte,false,false,
Innsamling av farlig avfall,1,2020-11-23,2020-11-23,1,0,SN2007,T1,38.120,Innsamling av farlig avfall,38.120,Innsamling av farlig avfall,38.120,Innsamling av farlig avfall,direkte,false,false,38.120
"Drift av hoteller, pensjonater og moteller uten restaurant",1,2025-05-26,2025-05-26,1,0,SN2007,T1,55.102,"Drift av hoteller, pensjonater og moteller uten restaurant",,,55.102,"Drift av hoteller, pensjonater og moteller uten restaurant",direkte,false,,
"Drift av hoteller, pensjonater og moteller med restaurant
Ut",1,2020-07-15,2020-07-15,1,0,SN2007,,,,,,,,,,,
"Drift av hoteller, pensjonater og moteller med restaurant
Ko",1,2023-02-15,2023-02-15,1,0,SN2007,,,,,,,,,,,
Drift av historiske steder og bygninger og lignende severdig,1,2025-06-25,2025-06-25,1,0,SN2007,T1,91.030,Drift av historiske steder og bygninger og lignende severdigheter,,,91.030,Drift av historiske steder og bygninger og lignende severdigheter,direkte,false,,
Drift av havne- og kaianlegg,1,2024-01-11,2024-01-11,1,0,SN2007,T1,52.221,Drift av havne- og kaianlegg,,,52.221,Drift av havne- og kaianlegg,direkte,false,,
"Drift av ferieleiligheter
Drift av puber",1,2024-10-14,2024-10-14,1,0,SN2007,,,,,,,,,,,
Drift av campingplasser,1,2026-04-07,2026-04-07,0,1,SN2025,T1,55.300,Drift av campingplasser,55.300,Drift av campingplasser,55.300,Drift av campingplasser,direkte,false,false,55.300
"Detaljhandel med tekstiler og utstyrsvarer
Detaljhandel med",1,2026-02-12,2026-02-12,0,1,SN2025,,,,,,,,,,,
"Detaljhandel med motorvogner
Reparasjon og vedlikehold av mo",1,2026-06-01,2026-06-01,0,1,SN2025,,,,,,,,,,,
Kysttrafikk med passasjerer ikke nevnt annet sted,1,2026-08-12,2026-08-12,0,1,SN2025,T2,,,50.109,Kysttrafikk med passasjerer ikke nevnt annet sted,50.109,Kysttrafikk ellers med passasjerer,korrespondanse-1til1,false,false,50.109
Landskapsarkitekttjenester,1,2025-04-01,2025-04-01,1,0,SN2007,T1,71.113,Landskapsarkitekttjenester,,,71.113,Landskapsarkitekttjenester,direkte,false,,
"Detaljhandel med motorsykler og tilhørende deler og utstyr
R",1,2026-07-09,2026-07-09,0,1,SN2025,,,,,,,,,,,
Legetjenester innen psykisk helsevern,1,2024-11-04,2024-11-04,1,0,SN2007,T1,86.222,Legetjenester innen psykisk helsevern,,,86.222,Legetjenester innen psykisk helsevern,direkte,false,,
Lotteri og totalisatorspill,1,2024-09-25,2024-09-25,1,0,SN2007,T1,92.000,Lotteri og totalisatorspill,,,92.000,Lotteri og totalisatorspill,direkte,false,,
"Malerarbeid
Butikkhandel med fargevarer",1,2025-05-27,2025-05-27,1,0,SN2007,,,,,,,,,,,
Markeds- og opinionsundersøkelser,1,2020-04-16,2020-04-16,1,0,SN2007,T1,73.200,Markeds- og opinionsundersøkelser,73.200,Markeds- og opinionsundersøkelser,73.200,Markeds- og opinionsundersøkelser,direkte,false,false,73.200
Medisinske laboratorietjenester,1,2024-07-02,2024-07-02,1,0,SN2007,T1,86.906,Medisinske laboratorietjenester,,,86.906,Medisinske laboratorietjenester,direkte,false,,
Melkeproduksjon på storfe,1,2024-10-16,2024-10-16,1,0,SN2007,T1,01.410,Melkeproduksjon på storfe,,,01.410,Melkeproduksjon på storfe,direkte,false,,
"Melkeproduksjon på storfe
Svinehold",1,2023-08-15,2023-08-15,1,0,SN2007,,,,,,,,,,,
Allmennlegetjenester,1,2026-05-28,2026-05-28,0,1,SN2025,T2,,,86.210,Allmennlegetjenester,86.211,Allmenn legetjeneste,korrespondanse-1til1,false,false,86.210
"Miljøutbedring, opprydding og lignende aktivitet",1,2025-11-17,2025-11-17,0,1,SN2025,T2,,,39.000,"Miljøutbedring, opprydding og lignende aktivitet",39.000,"Miljørydding, miljørensing og lignende virksomhet",korrespondanse-1til1,false,false,39.000
"Detaljhandel med klær
Industri-, produkt- og motedesignvirks",1,2026-08-13,2026-08-13,0,1,SN2025,,,,,,,,,,,
Nyhetsbyråer,1,2024-08-19,2024-08-19,1,0,SN2007,T1,63.910,Nyhetsbyråer,,,63.910,Nyhetsbyråer,direkte,false,,
Omsorgstjenester i botilbud for personer med psykiske helsep,1,2025-10-23,2025-10-23,0,1,SN2025,T2,,,87.201,Omsorgstjenester i botilbud for personer med psykiske helseproblemer og/eller rusmiddelproblemer,86.106|87.201|87.202|87.302|87.303,Rusmiddelinstitusjoner | Psykiatriske sykehjem | Omsorgsinstitusjoner for rusmiddelmisbrukere | Bofellesskap for eldre og funksjonshemmede med fast tilknyttet personell hele døgnet | Bofellesskap for eldre og funksjonshemmede med fast tilknyttet personell deler av døgnet,korrespondanse-1tilmange,false,false,87.201
Oppdrett av annet storfe til kjøttproduksjon og sædproduksjo,1,2025-10-14,2025-10-14,0,1,SN2025,T2,,,01.420,Oppdrett av annet storfe til kjøttproduksjon og sædproduksjon,01.420,Oppdrett av annet storfe,korrespondanse-1til1,false,false,01.420
Oppdrett av hester og andre dyr av hestefamilien,1,2025-05-07,2025-05-07,1,0,SN2007,T1,01.430,Oppdrett av hester og andre dyr av hestefamilien,,,01.430,Oppdrett av hester og andre dyr av hestefamilien,direkte,false,,
"Detaljhandel med klær
Detaljhandel med kosmetikk og toaletta",1,2025-11-25,2025-11-25,0,1,SN2025,,,,,,,,,,,
"Oppføring av bygninger
Eiendomsmegling",1,2024-11-25,2024-11-25,1,0,SN2007,,,,,,,,,,,
Detaljhandel med frukt og grønnsaker,1,2025-11-06,2025-11-06,0,1,SN2025,T2,,,47.210,Detaljhandel med frukt og grønnsaker,47.210|47.810|47.919|47.990,"Butikkhandel med frukt og grønnsaker | Torghandel med næringsmidler, drikkevarer og tobakksvarer | Postordre-/Internetthandel med annet spesialisert vareutvalg | Detaljhandel utenom utsalgssted ellers",korrespondanse-1tilmange,false,false,47.210
"Overflatebehandling av metaller
Annen spesialisert bygge- og",1,2024-02-13,2024-02-13,1,0,SN2007,,,,,,,,,,,
"Detaljhandel med fisk, skalldyr og bløtdyr",1,2026-06-23,2026-06-23,0,1,SN2025,T2,,,47.230,"Detaljhandel med fisk, skalldyr og bløtdyr",47.230|47.810|47.919|47.990,"Butikkhandel med fisk, skalldyr og bløtdyr | Torghandel med næringsmidler, drikkevarer og tobakksvarer | Postordre-/Internetthandel med annet spesialisert vareutvalg | Detaljhandel utenom utsalgssted ellers",korrespondanse-1tilmange,false,false,47.230
"PR og kommunikasjonstjenester
Reklamebyråer",1,2023-06-14,2023-06-14,1,0,SN2007,,,,,,,,,,,
"PR og kommunikasjonstjenester
Telefonsalg",1,2024-02-22,2024-02-22,1,0,SN2007,,,,,,,,,,,
Pakkevirksomhet,1,2023-03-24,2023-03-24,1,0,SN2007,T1,82.920,Pakkevirksomhet,82.920,Pakkevirksomhet,82.920,Pakkevirksomhet,direkte,false,false,82.920
"Detaljhandel med deler og utstyr til motorvogner
Reparasjon",1,2026-05-28,2026-05-28,0,1,SN2025,,,,,,,,,,,
"Allmenn legetjeneste
Tannhelsetjenester",1,2024-11-13,2024-11-13,1,0,SN2007,,,,,,,,,,,
Plan- og reguleringsarbeid,1,2024-02-14,2024-02-14,1,0,SN2007,T1,71.111,Plan- og reguleringsarbeid,,,71.111,Plan- og reguleringsarbeid,direkte,false,,
Postordre-/Internetthandel med IKT-utstyr,1,2024-11-05,2024-11-05,1,0,SN2007,T1,47.916,Postordre-/Internetthandel med IKT-utstyr,,,47.916,Postordre-/Internetthandel med IKT-utstyr,direkte,false,,
"Detaljhandel med andre motorvogner, unntatt motorsykler
Vedl",1,2023-02-03,2023-02-03,1,0,SN2007,,,,,,,,,,,
"Destillering, rektifisering og blanding av sprit",1,2025-06-19,2025-06-19,1,0,SN2007,T1,11.010,"Destillering, rektifisering og blanding av sprit",11.010,"Destillering, rektifisering og blanding av sprit",11.010,"Destillering, rektifisering og blanding av sprit",direkte,false,false,11.010
Demontering av vrakede gjenstander,1,2024-11-26,2024-11-26,1,0,SN2007,T1,38.310,Demontering av vrakede gjenstander,,,38.310,Demontering av vrakede gjenstander,direkte,false,,
"Dataprogrammeringstjenester
Frisering og barbering",1,2026-04-07,2026-04-07,0,1,SN2025,,,,,,,,,,,
Praktisk bistand i hjemmet,1,2026-04-09,2026-04-09,0,1,SN2025,T2,,,88.101,Praktisk bistand i hjemmet,88.101,Hjemmehjelp,korrespondanse-1til1,false,false,88.101
Damp- og varmtvannsforsyning,1,2024-12-18,2024-12-18,1,0,SN2007,T1,35.300,Damp- og varmtvannsforsyning,,,35.300,Damp- og varmtvannsforsyning,direkte,false,,
Aktiviteter utført av turistkontorer og destinasjonsselskape,1,2026-07-22,2026-07-22,0,1,SN2025,T2,,,79.901,Aktiviteter utført av turistkontorer og destinasjonsselskaper,79.901,Turistkontorvirksomhet og destinasjonsselskaper,korrespondanse-1til1,false,false,79.901
Produksjon av andre deler og annet utstyr til motorvogner,1,2025-03-25,2025-03-25,1,0,SN2007,T1,29.320,Produksjon av andre deler og annet utstyr til motorvogner,29.320,Produksjon av andre deler og annet utstyr til motorvogner,29.320,Produksjon av andre deler og annet utstyr til motorvogner,direkte,false,false,29.320
Produksjon av andre keramiske produkter for teknisk bruk,1,2024-10-25,2024-10-25,1,0,SN2007,T1,23.440,Produksjon av andre keramiske produkter for teknisk bruk,23.440,Produksjon av andre keramiske produkter for teknisk bruk,23.440,Produksjon av andre keramiske produkter for teknisk bruk,direkte,false,false,23.440
Dagaktivitetstilbud tilpasset målgrupper,1,2025-12-12,2025-12-12,0,1,SN2025,T2,,,88.102,Dagaktivitetstilbud tilpasset målgrupper,88.102,Dagsentra/aktivitetssentra for eldre og funksjonshemmede,korrespondanse-1til1,false,false,88.102
"Produksjon av andre tekstilvarer, unntatt klær
Butikkhandel",1,2021-12-23,2021-12-23,1,0,SN2007,,,,,,,,,,,
"Cateringvirksomhet
Arbeidstrening for ordinært arbeidsmarked",1,2023-11-08,2023-11-08,1,0,SN2007,,,,,,,,,,,
Produksjon av andre uorganiske kjemiske råvarer,1,2026-01-12,2026-01-12,0,1,SN2025,T2,,,20.130,Produksjon av andre uorganiske kjemiske råvarer,20.130,Produksjon av andre uorganiske kjemikalier,korrespondanse-1til1,false,false,20.130
"Agentur- og engroshandel med motorsykler, deler og utstyr",1,2024-02-21,2024-02-21,1,0,SN2007,T1,45.401,"Agentur- og engroshandel med motorsykler, deler og utstyr",,,45.401,"Agentur- og engroshandel med motorsykler, deler og utstyr",direkte,false,,
"Bygging av skip og skrog over 100 br.tonn
Reparasjon og vedl",1,2025-06-02,2025-06-02,1,0,SN2007,,,,,,,,,,,
Produksjon av belysningsutstyr,1,2023-11-24,2023-11-24,1,0,SN2007,T1,27.400,Produksjon av belysningsutstyr,27.400,Produksjon av belysningsutstyr,27.400,Produksjon av belysningsutstyr,direkte,false,false,27.400
"Bygging av skip og skrog over 100 br.tonn
Innrednings- og in",1,2024-01-30,2024-01-30,1,0,SN2007,,,,,,,,,,,
"Bygging av skip og skrog over 100 br.tonn
Annen teknisk kons",1,2024-05-22,2024-05-22,1,0,SN2007,,,,,,,,,,,
"Produksjon av brød og ferske konditorvarer
Detaljhandel med",1,2025-09-09,2025-09-09,0,1,SN2025,,,,,,,,,,,
Bygging av sivile skip og flytende materiell,1,2026-05-26,2026-05-26,0,1,SN2025,T2,,,30.110,Bygging av sivile skip og flytende materiell,30.111|30.112|30.113|30.114|30.115|30.116,Bygging av skip og skrog over 100 br.tonn | Bygging av skip under 100 br.tonn | Bygging av oljeplattformer og moduler | Produksjon av annet flytende materiell | Innrednings- og installasjonsarbeid utført på skip over 100 br.tonn | Innrednings- og installasjonsarbeid utført på oljeplattformer og moduler,korrespondanse-1tilmange,false,false,30.110
"Produksjon av datamaskiner og tilleggsutstyr
Utgivelse av an",1,2024-02-01,2024-02-01,1,0,SN2007,,,,,,,,,,,
Produksjon av dører og vinduer av plast,1,2026-04-17,2026-04-17,0,1,SN2025,T2,,,22.230,Produksjon av dører og vinduer av plast,22.230,Produksjon av byggevarer av plast,korrespondanse-1til1,false,false,22.230
Produksjon av elektrisitet ellers,1,2024-08-28,2024-08-28,1,0,SN2007,T1,35.119,Produksjon av elektrisitet ellers,,,35.119,Produksjon av elektrisitet ellers,direkte,false,,
Produksjon av elektrisitet fra vindkraft,1,2023-11-23,2023-11-23,1,0,SN2007,T1,35.112,Produksjon av elektrisitet fra vindkraft,35.122,Produksjon av elektrisitet fra vindkraft,35.112,Produksjon av elektrisitet fra vindkraft,direkte,false,false,35.122
Produksjon av elektriske husholdningsmaskiner og -apparater,1,2025-08-29,2025-08-29,1,0,SN2007,T2,,,27.510,Produksjon av elektriske husholdningsmaskiner og -apparater,27.510,Produksjon av elektriske husholdningsmaskiner og apparater,korrespondanse-1til1,false,false,27.510
"Produksjon av elektromotorer, generatorer og transformatorer",1,2024-04-18,2024-04-18,1,0,SN2007,T1,27.110,"Produksjon av elektromotorer, generatorer og transformatorer",27.110,"Produksjon av elektromotorer, generatorer og transformatorer",27.110,"Produksjon av elektromotorer, generatorer og transformatorer",direkte,false,false,27.110
Produksjon av elektronikk til husholdningsbruk,1,2021-07-06,2021-07-06,1,0,SN2007,T1,26.400,Produksjon av elektronikk til husholdningsbruk,26.400,Produksjon av elektronikk til husholdningsbruk,26.400,Produksjon av elektronikk til husholdningsbruk,direkte,false,false,26.400
"Produksjon av film, video og fjernsynsprogrammer
Fotografvir",1,2025-12-01,2025-12-01,0,1,SN2025,,,,,,,,,,,
Produksjon av finerplater og andre bygnings- og møbelplater,1,2024-12-23,2024-12-23,1,0,SN2007,T1,16.210,Produksjon av finerplater og andre bygnings- og møbelplater av tre,16.210,Produksjon av finerplater og andre bygnings- og møbelplater av tre,16.210,Produksjon av finerplater og andre bygnings- og møbelplater av tre,direkte,false,false,16.210
"Produksjon av fisk, bløtdyr, krepsdyr og andre dyr som lever",1,2026-02-24,2026-02-24,0,1,SN2025,T2,,,03.221,"Produksjon av fisk, bløtdyr, krepsdyr og andre dyr som lever i ferskvann",03.221,"Produksjon av matfisk, bløtdyr og krepsdyr i ferskvannsbasert akvakultur",korrespondanse-1til1,false,false,03.221
Produksjon av fôrvarer for akvakultur,1,2025-09-17,2025-09-17,0,1,SN2025,T2,,,10.912,Produksjon av fôrvarer for akvakultur,10.910,Produksjon av fôrvarer til husdyrhold,korrespondanse-1til1,false,false,10.912
Produksjon av fôrvarer til husdyrhold,1,2024-01-10,2024-01-10,1,0,SN2007,T1,10.910,Produksjon av fôrvarer til husdyrhold,,,10.910,Produksjon av fôrvarer til husdyrhold,direkte,false,,
Produksjon av fôrvarer til kjæledyr,1,2026-01-20,2026-01-20,0,1,SN2025,T1,10.920,Produksjon av fôrvarer til kjæledyr,10.920,Produksjon av fôrvarer til kjæledyr,10.920,Produksjon av fôrvarer til kjæledyr,direkte,false,false,10.920
"Produksjon av fôrvarer til kjæledyr
Annen teknisk konsulentv",1,2026-03-18,2026-03-18,0,1,SN2025,,,,,,,,,,,
Produksjon av gjødsel og nitrogenforbindelser,1,2026-08-12,2026-08-12,0,1,SN2025,T2,,,20.150,Produksjon av gjødsel og nitrogenforbindelser,20.150,"Produksjon av gjødsel, nitrogenforbindelser og vekstjord",korrespondanse-1til1,false,false,20.150
"Produksjon av gjødsel, nitrogenforbindelser og vekstjord",1,2024-12-10,2024-12-10,1,0,SN2007,T1,20.150,"Produksjon av gjødsel, nitrogenforbindelser og vekstjord",,,20.150,"Produksjon av gjødsel, nitrogenforbindelser og vekstjord",direkte,false,,
Produksjon av halvfabrikater av aluminium,1,2023-05-04,2023-05-04,1,0,SN2007,T1,24.422,Produksjon av halvfabrikater av aluminium,,,24.422,Produksjon av halvfabrikater av aluminium,direkte,false,,
Produksjon av homogeniserte matprodukter og diettmat,1,2022-10-21,2022-10-21,1,0,SN2007,T1,10.860,Produksjon av homogeniserte matprodukter og diettmat,10.860,Produksjon av homogeniserte matprodukter og diettmat,10.860,Produksjon av homogeniserte matprodukter og diettmat,direkte,false,false,10.860
Produksjon av håndverktøy,1,2026-07-07,2026-07-07,0,1,SN2025,T1,25.730,Produksjon av håndverktøy,25.630,Produksjon av håndverktøy,25.730,Produksjon av håndverktøy,direkte,false,false,25.630
Produksjon av ikke-elektriske husholdningsmaskiner og -appar,1,2024-08-20,2024-08-20,1,0,SN2007,T2,,,27.520,Produksjon av ikke-elektriske husholdningsmaskiner og -apparater,27.520,Produksjon av ikke-elektriske husholdningsmaskiner og apparater,korrespondanse-1til1,false,false,27.520
Produksjon av ikke-metallholdige mineralprodukter ikke nevnt,1,2025-02-27,2025-02-27,1,0,SN2007,T1,23.990,Produksjon av ikke-metallholdige mineralprodukter ikke nevnt annet sted,,,23.990,Produksjon av ikke-metallholdige mineralprodukter ikke nevnt annet sted,direkte,false,,
Produksjon av industrigasser,1,2023-11-23,2023-11-23,1,0,SN2007,T1,20.110,Produksjon av industrigasser,20.110,Produksjon av industrigasser,20.110,Produksjon av industrigasser,direkte,false,false,20.110
Produksjon av iskrem,1,2023-06-27,2023-06-27,1,0,SN2007,T1,10.520,Produksjon av iskrem,,,10.520,Produksjon av iskrem,direkte,false,,
"Produksjon av kavringer, kjeks og konserverte konditorvarer",1,2025-02-05,2025-02-05,1,0,SN2007,T1,10.720,"Produksjon av kavringer, kjeks og konserverte konditorvarer",10.720,"Produksjon av kavringer, kjeks og konserverte konditorvarer",10.720,"Produksjon av kavringer, kjeks og konserverte konditorvarer",direkte,false,false,10.720
Produksjon av kjøkkenredskaper og skjære- og klipperedskaper,1,2024-08-13,2024-08-13,1,0,SN2007,T1,25.710,Produksjon av kjøkkenredskaper og skjære- og klipperedskaper,,,25.710,Produksjon av kjøkkenredskaper og skjære- og klipperedskaper,direkte,false,,
Produksjon av klær av lær,1,2025-03-13,2025-03-13,1,0,SN2007,T1,14.110,Produksjon av klær av lær,,,14.110,Produksjon av klær av lær,direkte,false,,
Produksjon av klær av trikotasje og heklede klær,1,2025-11-12,2025-11-12,0,1,SN2025,T2,,,14.100,Produksjon av klær av trikotasje og heklede klær,14.130|14.140|14.190|14.310|14.390,Produksjon av annet yttertøy | Produksjon av undertøy og innertøy | Produksjon av klær og tilbehør ellers | Produksjon av strømpevarer | Produksjon av andre klær av trikotasje,korrespondanse-1tilmange,false,false,14.100
Produksjon av kontorartikler av papir,1,2025-08-20,2025-08-20,1,0,SN2007,T1,17.230,Produksjon av kontorartikler av papir,17.230,Produksjon av kontorartikler av papir,17.230,Produksjon av kontorartikler av papir,direkte,false,false,17.230
Produksjon av kornvarer,1,2025-01-02,2025-01-02,1,0,SN2007,T1,10.610,Produksjon av kornvarer,10.610,Produksjon av kornvarer,10.610,Produksjon av kornvarer,direkte,false,false,10.610
Produksjon av lokomotiver og annet rullende materiell til je,1,2025-11-11,2025-11-11,0,1,SN2025,T1,30.200,Produksjon av lokomotiver og annet rullende materiell til jernbane og sporvei,30.200,Produksjon av lokomotiver og annet rullende materiell til jernbane og sporvei,30.200,Produksjon av lokomotiver og annet rullende materiell til jernbane og sporvei,direkte,false,false,30.200
Produksjon av løfte- og håndteringsutstyr ellers,1,2023-05-23,2023-05-23,1,0,SN2007,T1,28.229,Produksjon av løfte- og håndteringsutstyr ellers,,,28.229,Produksjon av løfte- og håndteringsutstyr ellers,direkte,false,,
Produksjon av maskiner og utstyr til bergverksdrift og bygge,1,2023-11-02,2023-11-02,1,0,SN2007,T1,28.920,Produksjon av maskiner og utstyr til bergverksdrift og bygge- og anleggsvirksomhet,28.920,Produksjon av maskiner og utstyr til bergverksdrift og bygge- og anleggsvirksomhet,28.920,Produksjon av maskiner og utstyr til bergverksdrift og bygge- og anleggsvirksomhet,direkte,false,false,28.920
Produksjon av maskiner og utstyr til generell bruk ikke nevn,1,2026-06-03,2026-06-03,0,1,SN2025,T2,,,28.290,Produksjon av maskiner og utstyr til generell bruk ikke nevnt annet sted,28.290,"Produksjon av maskiner og utstyr til generell bruk, ikke nevnt annet sted",korrespondanse-1til1,false,false,28.290
"Produksjon av metallkonstruksjoner og deler
Ventilasjonsarbe",1,2026-08-06,2026-08-06,0,1,SN2025,,,,,,,,,,,
"Produksjon av mineralvann, leskedrikker og annet vann på fla",1,2023-02-14,2023-02-14,1,0,SN2007,T1,11.070,"Produksjon av mineralvann, leskedrikker og annet vann på flaske",,,11.070,"Produksjon av mineralvann, leskedrikker og annet vann på flaske",direkte,false,,
"Produksjon av monteringsferdige hus
Oppføring av bygninger",1,2023-09-12,2023-09-12,1,0,SN2007,,,,,,,,,,,
Bygging av broer og tunneler,1,2026-07-07,2026-07-07,0,1,SN2025,T2,,,42.130,Bygging av broer og tunneler,42.130,Bygging av bruer og tunneler,korrespondanse-1til1,true,true,42.130
"Produksjon av møbler
Oppføring av bygninger",1,2026-05-21,2026-05-21,0,1,SN2025,,,,,,,,,,,
Produksjon av optiske instrumenter og fotografisk utstyr,1,2024-11-04,2024-11-04,1,0,SN2007,T1,26.700,Produksjon av optiske instrumenter og fotografisk utstyr,,,26.700,Produksjon av optiske instrumenter og fotografisk utstyr,direkte,false,,
"Produksjon av optiske instrumenter, magnetiske og optiske me",1,2026-04-13,2026-04-13,0,1,SN2025,T2,,,26.700,"Produksjon av optiske instrumenter, magnetiske og optiske medier og fotografisk utstyr",26.700|26.800,Produksjon av optiske instrumenter og fotografisk utstyr | Produksjon av magnetiske og optiske media,korrespondanse-1tilmange,false,false,26.700
Produksjon av parfyme og toalettartikler,1,2024-03-22,2024-03-22,1,0,SN2007,T1,20.420,Produksjon av parfyme og toalettartikler,20.420,Produksjon av parfyme og toalettartikler,20.420,Produksjon av parfyme og toalettartikler,direkte,false,false,20.420
Produksjon av plastemballasje,1,2024-07-03,2024-07-03,1,0,SN2007,T1,22.220,Produksjon av plastemballasje,22.220,Produksjon av plastemballasje,22.220,Produksjon av plastemballasje,direkte,false,false,22.220
Produksjon av raffinerte petroleumsprodukter,1,2024-12-17,2024-12-17,1,0,SN2007,T1,19.200,Produksjon av raffinerte petroleumsprodukter,,,19.200,Produksjon av raffinerte petroleumsprodukter,direkte,false,,
Produksjon av reiseeffekter og salmakerartikler,1,2024-07-04,2024-07-04,1,0,SN2007,T1,15.120,Produksjon av reiseeffekter og salmakerartikler,15.120,Produksjon av reiseeffekter og salmakerartikler,15.120,Produksjon av reiseeffekter og salmakerartikler,direkte,false,false,15.120
Produksjon av sider og annen fruktvin,1,2024-03-22,2024-03-22,1,0,SN2007,T1,11.030,Produksjon av sider og annen fruktvin,,,11.030,Produksjon av sider og annen fruktvin,direkte,false,,
Produksjon av skotøy,1,2023-10-12,2023-10-12,1,0,SN2007,T1,15.200,Produksjon av skotøy,15.200,Produksjon av skotøy,15.200,Produksjon av skotøy,direkte,false,false,15.200
Produksjon av smakstilsettingsstoffer og krydderier,1,2023-02-03,2023-02-03,1,0,SN2007,T1,10.840,Produksjon av smakstilsettingsstoffer og krydderier,10.840,Produksjon av smakstilsettingsstoffer og krydderier,10.840,Produksjon av smakstilsettingsstoffer og krydderier,direkte,false,false,10.840
Produksjon av spill og leker,1,2025-01-14,2025-01-14,1,0,SN2007,T1,32.400,Produksjon av spill og leker,32.400,Produksjon av spill og leker,32.400,Produksjon av spill og leker,direkte,false,false,32.400
Butikkhandel med trelast,1,2023-03-27,2023-03-27,1,0,SN2007,T1,47.524,Butikkhandel med trelast,,,47.524,Butikkhandel med trelast,direkte,false,,
Produksjon av stivelse og stivelsesprodukter,1,2024-04-05,2024-04-05,1,0,SN2007,T1,10.620,Produksjon av stivelse og stivelsesprodukter,10.620,Produksjon av stivelse og stivelsesprodukter,10.620,Produksjon av stivelse og stivelsesprodukter,direkte,false,false,10.620
Produksjon av teknisk glass og andre glassvarer,1,2024-04-15,2024-04-15,1,0,SN2007,T1,23.190,Produksjon av teknisk glass og andre glassvarer,23.150,Produksjon av teknisk glass og andre glassvarer,23.190,Produksjon av teknisk glass og andre glassvarer,direkte,false,false,23.150
Produksjon av tekstiler ikke nevnt annet sted,1,2026-06-17,2026-06-17,0,1,SN2025,T1,13.990,Produksjon av tekstiler ikke nevnt annet sted,13.990,Produksjon av tekstiler ikke nevnt annet sted,13.990,Produksjon av tekstiler ikke nevnt annet sted,direkte,false,false,13.990
Produksjon av tekstiler til teknisk og industriell bruk,1,2026-08-24,2026-08-24,0,1,SN2025,T1,13.960,Produksjon av tekstiler til teknisk og industriell bruk,13.960,Produksjon av tekstiler til teknisk og industriell bruk,13.960,Produksjon av tekstiler til teknisk og industriell bruk,direkte,false,false,13.960
Produksjon av treemballasje,1,2024-03-12,2024-03-12,1,0,SN2007,T1,16.240,Produksjon av treemballasje,16.240,Produksjon av treemballasje,16.240,Produksjon av treemballasje,direkte,false,false,16.240
Produksjon av vin,1,2026-01-23,2026-01-23,0,1,SN2025,T1,11.020,Produksjon av vin,11.020,Produksjon av vin,11.020,Produksjon av vin,direkte,false,false,11.020
Produksjon av yngel og settefisk i ferskvannsbasert fiskeopp,1,2024-11-05,2024-11-05,1,0,SN2007,,,,,,,,,,,
Butikkhandel med tobakksvarer,1,2024-04-15,2024-04-15,1,0,SN2007,T1,47.260,Butikkhandel med tobakksvarer,,,47.260,Butikkhandel med tobakksvarer,direkte,false,,
"Butikkhandel med tekstiler og utstyrsvarer
Butikkhandel med",1,2024-04-18,2024-04-18,1,0,SN2007,,,,,,,,,,,
"Programmeringstjenester
Annen forretningsmessig tjenesteytin",1,2023-04-21,2023-04-21,1,0,SN2007,,,,,,,,,,,
Prøveboring,1,2025-11-18,2025-11-18,0,1,SN2025,T1,43.130,Prøveboring,43.130,Prøveboring,43.130,Prøveboring,direkte,true,true,43.130
Radiokringkasting og distribuering av musikk og andre lydmed,1,2026-05-05,2026-05-05,0,1,SN2025,T2,,,60.100,Radiokringkasting og distribuering av musikk og andre lydmedier,60.100,Radiokringkasting,korrespondanse-1til1,false,false,60.100
Redningstjeneste,1,2022-09-06,2022-09-06,1,0,SN2007,T1,52.222,Redningstjeneste,,,52.222,Redningstjeneste,direkte,false,,
Butikkhandel med tapeter og gulvbelegg,1,2024-03-27,2024-03-27,1,0,SN2007,T1,47.531,Butikkhandel med tapeter og gulvbelegg,,,47.531,Butikkhandel med tapeter og gulvbelegg,direkte,false,,
Butikkhandel med reiseeffekter av lær og lærimitasjoner og v,1,2024-11-28,2024-11-28,1,0,SN2007,T1,47.722,Butikkhandel med reiseeffekter av lær og lærimitasjoner og varer av lær,,,47.722,Butikkhandel med reiseeffekter av lær og lærimitasjoner og varer av lær,direkte,false,,
"Butikkhandel med møbler
Postordre-/Internetthandel med belys",1,2025-01-14,2025-01-14,1,0,SN2007,,,,,,,,,,,
Butikkhandel med medisinske og ortopediske artikler,1,2023-09-14,2023-09-14,1,0,SN2007,T1,47.740,Butikkhandel med medisinske og ortopediske artikler,,,47.740,Butikkhandel med medisinske og ortopediske artikler,direkte,false,,
"Butikkhandel med klær
Frisering og annen skjønnhetspleie",1,2024-03-26,2024-03-26,1,0,SN2007,,,,,,,,,,,
Butikkhandel med gardiner,1,2023-04-18,2023-04-18,1,0,SN2007,T1,47.533,Butikkhandel med gardiner,,,47.533,Butikkhandel med gardiner,direkte,false,,
Reparasjon av annet utstyr,1,2024-01-30,2024-01-30,1,0,SN2007,T1,33.190,Reparasjon av annet utstyr,,,33.190,Reparasjon av annet utstyr,direkte,false,,
Reparasjon av bearbeidede metallprodukter,1,2025-01-21,2025-01-21,1,0,SN2007,T1,33.110,Reparasjon av bearbeidede metallprodukter,,,33.110,Reparasjon av bearbeidede metallprodukter,direkte,false,,
