etikett,flerbransje,primaernaering,selskaper,forste_dato,siste_dato,selsk_for_som,selsk_etter_som,vintage,metode,standard,kode,kodenavn,kodeniva,kanonisk_sn2007,kanonisk_navn,kanonisk_kilde,naering2,er_bygg_F,er_bygg_kjerne,er_eiendomsutvikling_41_1,manuell_grunn
Oppføring av bygninger,false,,1470,2018-10-19,2026-08-24,1169,301,begge,T1,SN2007,41.200,Oppføring av bygninger,5,41.200,Oppføring av bygninger,direkte SN2007,41,true,true,false,
Drift av restauranter og kafeer,false,,834,2019-10-22,2025-08-27,834,0,SN2007,T1,SN2007,56.101,Drift av restauranter og kafeer,5,56.101,Drift av restauranter og kafeer,direkte SN2007,56,false,false,false,
Snekkerarbeid,false,,411,2021-02-10,2026-08-18,321,90,begge,T1,SN2007,43.320,Snekkerarbeid,5,43.320,Snekkerarbeid,direkte SN2007,43,true,true,false,
Godstransport på vei,false,,384,2019-05-28,2026-08-17,282,102,begge,T1,SN2007,49.410,Godstransport på vei,5,49.410,Godstransport på vei,direkte SN2007,49,false,false,false,
Grunnarbeid,false,,333,2020-01-10,2026-08-24,242,91,begge,T1,SN2007,43.120,Grunnarbeid,5,43.120,Grunnarbeid,direkte SN2007,43,true,true,false,
Drift av restauranter,false,,309,2025-09-02,2026-08-24,0,309,SN2025,T2,SN2025,56.110,Drift av restauranter,5,56.101|56.102,Drift av restauranter og kafeer | Drift av gatekjøkken,korrespondanse 1:n,56,false,false,false,
Utleie av egen eller leid fast eiendom ellers,false,,308,2017-12-20,2025-08-29,308,0,SN2007,T1,SN2007,68.209,Utleie av egen eller leid fast eiendom ellers,5,68.209,Utleie av egen eller leid fast eiendom ellers,direkte SN2007,68,false,false,false,
Utvikling og salg av egen fast eiendom ellers,false,,296,2019-02-19,2025-08-29,296,0,SN2007,T1,SN2007,41.109,Utvikling og salg av egen fast eiendom ellers,5,41.109,Utvikling og salg av egen fast eiendom ellers,direkte SN2007,41,true,false,true,
Uoppgitt,false,,290,2021-04-15,2026-08-24,191,99,begge,IKKE_NAERING,,,,,,,,,,,,
Bedriftsrådgivning og annen administrativ rådgivning,false,,273,2021-09-10,2026-08-17,186,87,begge,T1,SN2007,70.220,Bedriftsrådgivning og annen administrativ rådgivning,5,70.220,Bedriftsrådgivning og annen administrativ rådgivning,direkte SN2007,70,false,false,false,
Annen teknisk konsulentvirksomhet,false,,267,2019-11-28,2026-08-21,205,62,begge,T1,SN2007,71.129,Annen teknisk konsulentvirksomhet,5,71.129,Annen teknisk konsulentvirksomhet,direkte SN2007,71,false,false,false,
Programmeringstjenester,false,,202,2021-06-16,2025-08-27,202,0,SN2007,T1,SN2007,62.010,Programmeringstjenester,5,62.010,Programmeringstjenester,direkte SN2007,62,false,false,false,
Annen spesialisert bygge- og anleggsvirksomhet,false,,189,2017-05-15,2025-08-26,189,0,SN2007,T1,SN2007,43.990,Annen spesialisert bygge- og anleggsvirksomhet,5,43.990,Annen spesialisert bygge- og anleggsvirksomhet,direkte SN2007,43,true,true,false,
Kjøp og salg av egen fast eiendom,false,,176,2019-02-06,2026-08-21,119,57,begge,T1,SN2007,68.100,Kjøp og salg av egen fast eiendom,5,68.100,Kjøp og salg av egen fast eiendom,direkte SN2007,68,false,false,false,
Frisering og annen skjønnhetspleie,false,,174,2022-08-19,2025-08-27,174,0,SN2007,T1,SN2007,96.020,Frisering og annen skjønnhetspleie,5,96.020,Frisering og annen skjønnhetspleie,direkte SN2007,96,false,false,false,
Rørleggerarbeid,false,,170,2019-11-19,2026-08-21,152,18,begge,T1,SN2007,43.221,Rørleggerarbeid,5,43.221,Rørleggerarbeid,direkte SN2007,43,true,true,false,
Butikkhandel med klær,false,,165,2020-03-10,2025-08-21,165,0,SN2007,T1,SN2007,47.710,Butikkhandel med klær,5,47.710,Butikkhandel med klær,direkte SN2007,47,false,false,false,
"Vedlikehold og reparasjon av motorvogner, unntatt motorsykle",false,,159,2022-02-14,2025-08-19,159,0,SN2007,T1,SN2007,45.200,"Vedlikehold og reparasjon av motorvogner, unntatt motorsykler",5,45.200,"Vedlikehold og reparasjon av motorvogner, unntatt motorsykler",direkte SN2007,45,false,false,false,
Elektrisk installasjonsarbeid,false,,144,2019-10-28,2026-08-04,102,42,begge,T1,SN2007,43.210,Elektrisk installasjonsarbeid,5,43.210,Elektrisk installasjonsarbeid,direkte SN2007,43,true,true,false,
Rengjøring av bygninger,false,,137,2020-03-10,2026-08-17,95,42,begge,T1,SN2007,81.210,Rengjøring av bygninger,5,81.210,Rengjøring av bygninger,direkte SN2007,81,false,false,false,
Utleie av egen eller leid fast eiendom,false,,134,2025-09-01,2026-08-24,0,134,SN2025,T2,SN2025,68.200,Utleie av egen eller leid fast eiendom,5,68.209,Utleie av egen eller leid fast eiendom ellers,korrespondanse 1:1,68,false,false,false,
Drift av gatekjøkken,false,,133,2020-04-17,2025-08-21,133,0,SN2007,T1,SN2007,56.102,Drift av gatekjøkken,5,56.102,Drift av gatekjøkken,direkte SN2007,56,false,false,false,
Malerarbeid,false,,123,2022-03-01,2025-08-14,123,0,SN2007,T1,SN2007,43.341,Malerarbeid,5,43.341,Malerarbeid,direkte SN2007,43,true,true,false,
Butikkhandel med bredt vareutvalg med hovedvekt på nærings-,false,,114,2021-11-05,2025-08-19,114,0,SN2007,T1,SN2007,47.111,Butikkhandel med bredt vareutvalg med hovedvekt på nærings- og nytelsesmidler,5,47.111,Butikkhandel med bredt vareutvalg med hovedvekt på nærings- og nytelsesmidler,direkte SN2007,47,false,false,false,
"Detaljhandel med biler og lette motorvogner, unntatt motorsy",false,,107,2021-07-08,2025-08-20,107,0,SN2007,T1,SN2007,45.112,"Detaljhandel med biler og lette motorvogner, unntatt motorsykler",5,45.112,"Detaljhandel med biler og lette motorvogner, unntatt motorsykler",direkte SN2007,45,false,false,false,
Utvikling og salg av byggeprosjekter,false,,102,2025-09-08,2026-08-24,0,102,SN2025,T2,SN2025,68.120,Utvikling og salg av byggeprosjekter,5,41.101|41.109|42.990,Boligbyggelag | Utvikling og salg av egen fast eiendom ellers | Bygging av andre anlegg ikke nevnt annet sted,korrespondanse 1:n,41|42,true,true,true,
Byggeteknisk konsulentvirksomhet,false,,98,2021-01-11,2026-06-22,68,30,begge,T1,SN2007,71.121,Byggeteknisk konsulentvirksomhet,5,71.121,Byggeteknisk konsulentvirksomhet,direkte SN2007,71,false,false,false,
Postordre-/Internetthandel med annet spesialisert vareutvalg,false,,95,2020-07-06,2025-08-15,95,0,SN2007,T1,SN2007,47.919,Postordre-/Internetthandel med annet spesialisert vareutvalg,5,47.919,Postordre-/Internetthandel med annet spesialisert vareutvalg,direkte SN2007,47,false,false,false,
Reklamebyråer,false,,89,2022-09-02,2025-08-13,89,0,SN2007,T1,SN2007,73.110,Reklamebyråer,5,73.110,Reklamebyråer,direkte SN2007,73,false,false,false,
Andre post- og budtjenester,false,,85,2021-10-05,2026-08-21,63,22,begge,T1,SN2007,53.200,Andre post- og budtjenester,5,53.200,Andre post- og budtjenester,direkte SN2007,53,false,false,false,
Utleie av arbeidskraft,false,,83,2019-10-23,2025-08-19,83,0,SN2007,T1,SN2007,78.200,Utleie av arbeidskraft,5,78.200,Utleie av arbeidskraft,direkte SN2007,78,false,false,false,
Konsulentvirksomhet tilknyttet informasjonsteknologi,false,,77,2022-08-23,2025-08-28,77,0,SN2007,T1,SN2007,62.020,Konsulentvirksomhet tilknyttet informasjonsteknologi,5,62.020,Konsulentvirksomhet tilknyttet informasjonsteknologi,direkte SN2007,62,false,false,false,
Dataprogrammeringstjenester,false,,71,2025-09-01,2026-08-24,0,71,SN2025,T2,SN2025,62.100,Dataprogrammeringstjenester,5,62.010,Programmeringstjenester,korrespondanse 1:1,62,false,false,false,
Cateringvirksomhet,false,,61,2022-01-26,2025-08-18,61,0,SN2007,T1,SN2007,56.210,Cateringvirksomhet,5,56.210,Cateringvirksomhet,direkte SN2007,56,false,false,false,
"Industridesign, produktdesign og annen teknisk designvirksom",false,,60,2021-08-12,2025-08-28,60,0,SN2007,T1,SN2007,74.101,"Industridesign, produktdesign og annen teknisk designvirksomhet",5,74.101,"Industridesign, produktdesign og annen teknisk designvirksomhet",direkte SN2007,74,false,false,false,
Detaljhandel med drivstoff til motorvogner,false,,57,2022-04-06,2026-03-13,46,11,begge,T1,SN2007,47.300,Detaljhandel med drivstoff til motorvogner,5,47.300,Detaljhandel med drivstoff til motorvogner,direkte SN2007,47,false,false,false,
Detaljhandel med klær,false,,56,2025-09-01,2026-08-19,0,56,SN2025,T2,SN2025,47.710,Detaljhandel med klær,5,47.710|47.820|47.912|47.990,"Butikkhandel med klær | Torghandel med tekstiler, klær, skotøy og utstyrsvarer | Postordre-/Internetthandel med tekstiler, utstyrsvarer, klær, skotøy, reiseeffekter og lærvarer | Detaljhandel utenom utsalgssted ellers",korrespondanse 1:n,47,false,false,false,
"Produksjon av film, video og fjernsynsprogrammer",false,,56,2022-04-29,2026-08-21,38,18,begge,T1,SN2007,59.110,"Produksjon av film, video og fjernsynsprogrammer",5,59.110,"Produksjon av film, video og fjernsynsprogrammer",direkte SN2007,59,false,false,false,
Engroshandel med byggevarer ikke nevnt annet sted,false,,56,2021-12-10,2025-07-08,56,0,SN2007,T1,SN2007,46.739,Engroshandel med byggevarer ikke nevnt annet sted,5,46.739,Engroshandel med byggevarer ikke nevnt annet sted,direkte SN2007,46,false,false,false,
Drift av puber,false,,55,2022-09-28,2025-08-29,55,0,SN2007,T1,SN2007,56.301,Drift av puber,5,56.301,Drift av puber,direkte SN2007,56,false,false,false,
Detaljhandel utenom utsalgssted ellers,false,,55,2023-01-19,2025-08-07,55,0,SN2007,T1,SN2007,47.990,Detaljhandel utenom utsalgssted ellers,5,47.990,Detaljhandel utenom utsalgssted ellers,direkte SN2007,47,false,false,false,
Produksjon av brød og ferske konditorvarer,false,,53,2021-08-25,2026-06-04,39,14,begge,T1,SN2007,10.710,Produksjon av brød og ferske konditorvarer,5,10.710,Produksjon av brød og ferske konditorvarer,direkte SN2007,10,false,false,false,
Butikkhandel med blomster og planter,false,,51,2022-10-25,2025-06-30,51,0,SN2007,T1,SN2007,47.761,Butikkhandel med blomster og planter,5,47.761,Butikkhandel med blomster og planter,direkte SN2007,47,false,false,false,
Hav- og kystfiske,false,,49,2021-09-06,2025-08-27,49,0,SN2007,T1,SN2007,03.111,Hav- og kystfiske,5,03.111,Hav- og kystfiske,direkte SN2007,03,false,false,false,
VVS-arbeid,false,,48,2025-09-02,2026-04-13,0,48,SN2025,T3,SN2025,43.22,VVS-arbeid,4,43.22,VVS-arbeid,identisk kode i begge standarder,43,true,true,false,
Reparasjon og vedlikehold av motorvogner,false,,47,2025-09-05,2026-08-21,0,47,SN2025,T2,SN2025,95.310,Reparasjon og vedlikehold av motorvogner,5,45.200,"Vedlikehold og reparasjon av motorvogner, unntatt motorsykler",korrespondanse 1:1,45,false,false,false,
Gulvlegging og tapetsering,false,,46,2022-09-14,2026-08-17,35,11,begge,T1,SN2007,43.330,Gulvlegging og tapetsering,5,43.330,Gulvlegging og tapetsering,direkte SN2007,43,true,true,false,
Butikkhandel med innredningsartikler ikke nevnt annet sted,false,,45,2020-04-27,2025-08-26,45,0,SN2007,T1,SN2007,47.599,Butikkhandel med innredningsartikler ikke nevnt annet sted,5,47.599,Butikkhandel med innredningsartikler ikke nevnt annet sted,direkte SN2007,47,false,false,false,
Vaktmestertjenester,false,,44,2022-02-17,2025-07-10,44,0,SN2007,T1,SN2007,81.101,Vaktmestertjenester,5,81.101,Vaktmestertjenester,direkte SN2007,81,false,false,false,
"Postordre-/Internetthandel med tekstiler, utstyrsvarer, klær",false,,42,2022-09-14,2025-08-07,42,0,SN2007,T1,SN2007,47.912,"Postordre-/Internetthandel med tekstiler, utstyrsvarer, klær, skotøy, reiseeffekter og lærvarer",5,47.912,"Postordre-/Internetthandel med tekstiler, utstyrsvarer, klær, skotøy, reiseeffekter og lærvarer",direkte SN2007,47,false,false,false,
Frisering og barbering,false,,42,2025-09-05,2026-08-13,0,42,SN2025,T2,SN2025,96.210,Frisering og barbering,5,96.020,Frisering og annen skjønnhetspleie,korrespondanse 1:1,96,false,false,false,
Detaljhandel med motorvogner,false,,41,2025-09-08,2026-08-10,0,41,SN2025,T2,SN2025,47.810,Detaljhandel med motorvogner,5,45.112|45.192,"Detaljhandel med biler og lette motorvogner, unntatt motorsykler | Detaljhandel med andre motorvogner, unntatt motorsykler",korrespondanse 1:n,45,false,false,false,
Bearbeiding av metaller,false,,39,2021-09-29,2026-08-20,29,10,begge,T1,SN2007,25.620,Bearbeiding av metaller,5,25.620,Bearbeiding av metaller,direkte SN2007,25,false,false,false,
Annen undervisning ikke nevnt annet sted,false,,39,2021-08-18,2025-08-14,39,0,SN2007,T1,SN2007,85.599,Annen undervisning ikke nevnt annet sted,5,85.599,Annen undervisning ikke nevnt annet sted,direkte SN2007,85,false,false,false,
Detaljhandel med bredt vareutvalg med hovedvekt på nærings-,false,,39,2025-09-02,2026-08-24,0,39,SN2025,T2,SN2025,47.110,Detaljhandel med bredt vareutvalg med hovedvekt på nærings- og nytelsesmidler,5,47.111|47.112|47.810|47.911|47.990,"Butikkhandel med bredt vareutvalg med hovedvekt på nærings- og nytelsesmidler | Kioskhandel med bredt vareutvalg med hovedvekt på nærings- og nytelsesmidler | Torghandel med næringsmidler, drikkevarer og tobakksvarer | Postordre-/Internetthandel med bredt vareutvalg | Detaljhandel utenom utsalgssted ellers",korrespondanse 1:n,47,false,false,false,
Utleie og leasing av biler og andre lette motorvogner,false,,38,2019-11-07,2026-07-22,28,10,begge,T1,SN2007,77.110,Utleie og leasing av biler og andre lette motorvogner,5,77.110,Utleie og leasing av biler og andre lette motorvogner,direkte SN2007,77,false,false,false,
Flyttetransport,false,,38,2022-01-25,2026-08-05,29,9,begge,T1,SN2007,49.420,Flyttetransport,5,49.420,Flyttetransport,direkte SN2007,49,false,false,false,
Rekruttering og formidling av arbeidskraft,false,,38,2022-04-25,2026-07-14,29,9,begge,T1,SN2007,78.100,Rekruttering og formidling av arbeidskraft,5,78.100,Rekruttering og formidling av arbeidskraft,direkte SN2007,78,false,false,false,
Maler- og glassarbeid,false,,38,2025-09-03,2026-08-18,0,38,SN2025,T2,SN2025,43.340,Maler- og glassarbeid,5,43.341|43.342|43.390,Malerarbeid | Glassarbeid | Annen ferdiggjøring av bygninger,korrespondanse 1:n,43,true,true,false,
"Drift av hoteller, pensjonater og moteller med restaurant",false,,38,2020-01-02,2025-07-03,38,0,SN2007,T1,SN2007,55.101,"Drift av hoteller, pensjonater og moteller med restaurant",5,55.101,"Drift av hoteller, pensjonater og moteller med restaurant",direkte SN2007,55,false,false,false,
Telefonsalg,false,,38,2020-10-16,2025-07-22,38,0,SN2007,T1,SN2007,82.202,Telefonsalg,5,82.202,Telefonsalg,direkte SN2007,82,false,false,false,
Utleie og leasing av bygge- og anleggsmaskiner og -utstyr,false,,37,2022-08-15,2026-07-09,29,8,begge,T1,SN2007,77.320,Utleie og leasing av bygge- og anleggsmaskiner og -utstyr,5,77.320,Utleie og leasing av bygge- og anleggsmaskiner og -utstyr,direkte SN2007,77,false,false,false,
Konsulentvirksomhet tilknyttet informasjonsteknologi og forv,false,,37,2025-09-15,2026-07-13,0,37,SN2025,T2,SN2025,62.200,Konsulentvirksomhet tilknyttet informasjonsteknologi og forvaltning og drift av IT-systemer,5,62.020|62.030,Konsulentvirksomhet tilknyttet informasjonsteknologi | Forvaltning og drift av IT-systemer,korrespondanse 1:n,62,false,false,false,
Drift av web-portaler,false,,36,2022-09-01,2025-07-29,36,0,SN2007,T1,SN2007,63.120,Drift av web-portaler,5,63.120,Drift av web-portaler,direkte SN2007,63,false,false,false,
Butikkhandel ikke nevnt annet sted,false,,36,2019-09-03,2025-07-02,36,0,SN2007,T1,SN2007,47.789,Butikkhandel ikke nevnt annet sted,5,47.789,Butikkhandel ikke nevnt annet sted,direkte SN2007,47,false,false,false,
Butikkhandel med møbler,false,,36,2022-07-22,2025-08-29,36,0,SN2007,T1,SN2007,47.591,Butikkhandel med møbler,5,47.591,Butikkhandel med møbler,direkte SN2007,47,false,false,false,
Tjenester tilknyttet underholdningsvirksomhet,false,,36,2022-02-17,2025-07-03,36,0,SN2007,T1,SN2007,90.020,Tjenester tilknyttet underholdningsvirksomhet,5,90.020,Tjenester tilknyttet underholdningsvirksomhet,direkte SN2007,90,false,false,false,
Andre helsetjenester,false,,35,2022-06-01,2025-08-28,35,0,SN2007,T1,SN2007,86.909,Andre helsetjenester,5,86.909,Andre helsetjenester,direkte SN2007,86,false,false,false,
Kioskhandel med bredt vareutvalg med hovedvekt på nærings- o,false,,35,2018-10-16,2025-07-01,35,0,SN2007,T1,SN2007,47.112,Kioskhandel med bredt vareutvalg med hovedvekt på nærings- og nytelsesmidler,5,47.112,Kioskhandel med bredt vareutvalg med hovedvekt på nærings- og nytelsesmidler,direkte SN2007,47,false,false,false,
Butikkhandel med sportsutstyr,false,,35,2020-02-03,2025-08-27,35,0,SN2007,T1,SN2007,47.641,Butikkhandel med sportsutstyr,5,47.641,Butikkhandel med sportsutstyr,direkte SN2007,47,false,false,false,
Drift av barer,false,,34,2025-09-03,2026-08-19,0,34,SN2025,T2,SN2025,56.300,Drift av barer,5,56.301|56.309,Drift av puber | Drift av barer ellers,korrespondanse 1:n,56,false,false,false,
Reklamebyråvirksomhet,false,,34,2025-09-19,2026-08-05,0,34,SN2025,T2,SN2025,73.110,Reklamebyråvirksomhet,5,73.110,Reklamebyråer,korrespondanse 1:1,73,false,false,false,
"Engroshandel med maskiner og utstyr til handel, transport og",false,,33,2021-12-10,2025-08-15,33,0,SN2007,T1,SN2007,46.694,"Engroshandel med maskiner og utstyr til handel, transport og tjenesteyting ellers",5,46.694,"Engroshandel med maskiner og utstyr til handel, transport og tjenesteyting ellers",direkte SN2007,46,false,false,false,
Virksomhet knyttet til kroppspleie og fysisk velvære,false,,32,2021-06-22,2025-08-14,32,0,SN2007,T1,SN2007,96.040,Virksomhet knyttet til kroppspleie og fysisk velvære,5,96.040,Virksomhet knyttet til kroppspleie og fysisk velvære,direkte SN2007,96,false,false,false,
Drosjebiltransport,false,,32,2020-03-13,2025-08-27,32,0,SN2007,T1,SN2007,49.320,Drosjebiltransport,5,49.320,Drosjebiltransport,direkte SN2007,49,false,false,false,
Engroshandel med bredt utvalg av nærings- og nytelsesmidler,false,,31,2021-12-10,2026-06-29,23,8,begge,T1,SN2007,46.390,Engroshandel med bredt utvalg av nærings- og nytelsesmidler,5,46.390,Engroshandel med bredt utvalg av nærings- og nytelsesmidler,direkte SN2007,46,false,false,false,
Reparasjon og vedlikehold av skip og båter,false,,31,2022-10-20,2025-06-13,31,0,SN2007,T1,SN2007,33.150,Reparasjon og vedlikehold av skip og båter,5,33.150,Reparasjon og vedlikehold av skip og båter,direkte SN2007,33,false,false,false,
Utleie og leasing av andre maskiner og annet utstyr og mater,false,,30,2021-07-05,2026-05-21,24,6,begge,T1,SN2007,77.390,Utleie og leasing av andre maskiner og annet utstyr og materiell ikke nevnt annet sted,5,77.390,Utleie og leasing av andre maskiner og annet utstyr og materiell ikke nevnt annet sted,direkte SN2007,77,false,false,false,
"Interiørarkitekt, interiørdesign og interiørkonsulentvirksom",false,,29,2022-11-02,2025-08-06,29,0,SN2007,T5,SN2007,74.103,"Interiørarkitekt-, interiørdesign- og interiørkonsulentvirksomhet",5,74.103,"Interiørarkitekt-, interiørdesign- og interiørkonsulentvirksomhet",direkte SN2007,74,false,false,false,
Eiendomsmegling,false,,29,2019-09-10,2025-08-22,29,0,SN2007,T1,SN2007,68.310,Eiendomsmegling,5,68.310,Eiendomsmegling,direkte SN2007,68,false,false,false,
Fotografvirksomhet,false,,29,2023-03-21,2026-06-30,21,8,begge,T1,SN2007,74.200,Fotografvirksomhet,5,74.200,Fotografvirksomhet,direkte SN2007,74,false,false,false,
Beplantning av hager og parkanlegg,false,,29,2021-08-31,2026-04-14,23,6,begge,T1,SN2007,81.300,Beplantning av hager og parkanlegg,5,81.300,Beplantning av hager og parkanlegg,direkte SN2007,81,false,false,false,
Ventilasjonsarbeid,false,,28,2020-08-24,2026-04-27,26,2,begge,T1,SN2007,43.223,Ventilasjonsarbeid,5,43.223,Ventilasjonsarbeid,direkte SN2007,43,true,true,false,
"Opplevelses-, arrangements- og aktivitetsarrangørvirksomhet",false,,28,2023-03-07,2025-07-16,28,0,SN2007,T1,SN2007,79.903,"Opplevelses-, arrangements- og aktivitetsarrangørvirksomhet",5,79.903,"Opplevelses-, arrangements- og aktivitetsarrangørvirksomhet",direkte SN2007,79,false,false,false,
Produksjon av bygningsartikler,false,,27,2022-01-21,2025-06-24,27,0,SN2007,T1,SN2007,16.232,Produksjon av bygningsartikler,5,16.232,Produksjon av bygningsartikler,direkte SN2007,16,false,false,false,
Drift av idrettsanlegg,false,,27,2021-10-13,2025-10-17,25,2,begge,T1,SN2007,93.110,Drift av idrettsanlegg,5,93.110,Drift av idrettsanlegg,direkte SN2007,93,false,false,false,
Takarbeid ellers,false,,26,2022-01-25,2025-07-11,26,0,SN2007,T1,SN2007,43.919,Takarbeid ellers,5,43.919,Takarbeid ellers,direkte SN2007,43,true,true,false,
Annen forskning og annet utviklingsarbeid innen naturvitensk,false,,26,2016-10-27,2025-08-26,26,0,SN2007,T1,SN2007,72.190,Annen forskning og annet utviklingsarbeid innen naturvitenskap og teknikk,5,72.190,Annen forskning og annet utviklingsarbeid innen naturvitenskap og teknikk,direkte SN2007,72,false,false,false,
Butikkhandel med spill og leker,false,,26,2019-01-24,2025-08-19,26,0,SN2007,T1,SN2007,47.650,Butikkhandel med spill og leker,5,47.650,Butikkhandel med spill og leker,direkte SN2007,47,false,false,false,
Passasjertransport på forespørsel utført av fører med kjøret,false,,26,2025-09-01,2026-06-08,0,26,SN2025,T2,SN2025,49.330,Passasjertransport på forespørsel utført av fører med kjøretøy,5,49.320,Drosjebiltransport,korrespondanse 1:1,49,false,false,false,
Catering for arrangementer,false,,26,2025-09-18,2026-07-21,0,26,SN2025,T2,SN2025,56.210,Catering for arrangementer,5,56.210,Cateringvirksomhet,korrespondanse 1:1,56,false,false,false,
Andre tjenester tilknyttet kunstnerisk virksomhet og underho,false,,26,2025-09-03,2026-08-20,0,26,SN2025,T2,SN2025,90.390,Andre tjenester tilknyttet kunstnerisk virksomhet og underholdningsvirksomhet,5,90.020,Tjenester tilknyttet underholdningsvirksomhet,korrespondanse 1:1,90,false,false,false,
"Annen faglig, vitenskapelig og teknisk virksomhet ikke nevnt",false,,25,2022-09-12,2025-08-21,25,0,SN2007,T1,SN2007,74.909,"Annen faglig, vitenskapelig og teknisk virksomhet ikke nevnt annet sted",5,74.909,"Annen faglig, vitenskapelig og teknisk virksomhet ikke nevnt annet sted",direkte SN2007,74,false,false,false,
Reparasjon av maskiner,false,,25,2022-02-01,2025-07-04,25,0,SN2007,T1,SN2007,33.120,Reparasjon av maskiner,5,33.120,Reparasjon av maskiner,direkte SN2007,33,false,false,false,
"Engroshandel med tømmer, trelast, byggevarer og sanitærutsty",false,,25,2025-09-10,2026-08-13,0,25,SN2025,T2,SN2025,46.830,"Engroshandel med tømmer, trelast, byggevarer og sanitærutstyr",5,46.731|46.732|46.733|46.739,Engroshandel med tømmer | Engroshandel med trelast | Engroshandel med fargevarer | Engroshandel med byggevarer ikke nevnt annet sted,korrespondanse 1:n,46,false,false,false,
Annen forretningsmessig tjenesteyting ikke nevnt annet sted,false,,25,2022-07-13,2026-07-01,22,3,begge,T1,SN2007,82.990,Annen forretningsmessig tjenesteyting ikke nevnt annet sted,5,82.990,Annen forretningsmessig tjenesteyting ikke nevnt annet sted,direkte SN2007,82,false,false,false,
Treningssentre,false,,23,2021-02-02,2025-07-10,23,0,SN2007,T1,SN2007,93.130,Treningssentre,5,93.130,Treningssentre,direkte SN2007,93,false,false,false,
Arkitekttjenester vedrørende byggverk,false,,23,2021-05-03,2025-07-09,23,0,SN2007,T1,SN2007,71.112,Arkitekttjenester vedrørende byggverk,5,71.112,Arkitekttjenester vedrørende byggverk,direkte SN2007,71,false,false,false,
Kuldeanlegg- og varmepumpearbeid,false,,23,2021-11-15,2025-08-25,23,0,SN2007,T1,SN2007,43.222,Kuldeanlegg- og varmepumpearbeid,5,43.222,Kuldeanlegg- og varmepumpearbeid,direkte SN2007,43,true,true,false,
Uspesifisert engroshandel,false,,23,2023-06-13,2026-07-13,15,8,begge,T1,SN2007,46.900,Uspesifisert engroshandel,5,46.900,Uspesifisert engroshandel,direkte SN2007,46,false,false,false,
"Detaljhandel med deler og utstyr til motorvogner, unntatt mo",false,,23,2022-10-05,2025-08-22,23,0,SN2007,T1,SN2007,45.320,"Detaljhandel med deler og utstyr til motorvogner, unntatt motorsykler",5,45.320,"Detaljhandel med deler og utstyr til motorvogner, unntatt motorsykler",direkte SN2007,45,false,false,false,
Engroshandel med spesialisert utvalg av nærings- og nytelses,false,,23,2022-06-14,2025-07-07,23,0,SN2007,T1,SN2007,46.389,Engroshandel med spesialisert utvalg av nærings- og nytelsesmidler ikke nevnt annet sted,5,46.389,Engroshandel med spesialisert utvalg av nærings- og nytelsesmidler ikke nevnt annet sted,direkte SN2007,46,false,false,false,
Engroshandel med klær,false,,22,2022-08-15,2025-08-08,22,0,SN2007,T1,SN2007,46.421,Engroshandel med klær,5,46.421,Engroshandel med klær,direkte SN2007,46,false,false,false,
Butikkhandel med tekstiler og utstyrsvarer,false,,22,2021-03-08,2025-06-24,22,0,SN2007,T1,SN2007,47.510,Butikkhandel med tekstiler og utstyrsvarer,5,47.510,Butikkhandel med tekstiler og utstyrsvarer,direkte SN2007,47,false,false,false,
Annet installasjonsarbeid,false,,22,2021-06-23,2026-03-13,14,8,begge,T1,SN2007,43.290,Annet installasjonsarbeid,5,43.290,Annet installasjonsarbeid,direkte SN2007,43,true,true,false,
Annen spesialisert bygge- og anleggsvirksomhet ikke nevnt an,false,,22,2025-09-25,2026-08-14,0,22,SN2025,T2,SN2025,43.990,Annen spesialisert bygge- og anleggsvirksomhet ikke nevnt annet sted,5,41.200|43.990,Oppføring av bygninger | Annen spesialisert bygge- og anleggsvirksomhet,korrespondanse 1:n,41|43,true,true,false,
"Detaljhandel med andre motorvogner, unntatt motorsykler",false,,21,2022-08-12,2024-12-23,21,0,SN2007,T1,SN2007,45.192,"Detaljhandel med andre motorvogner, unntatt motorsykler",5,45.192,"Detaljhandel med andre motorvogner, unntatt motorsykler",direkte SN2007,45,false,false,false,
Annen undervisning ellers,false,,21,2025-09-17,2026-07-13,0,21,SN2025,T2,SN2025,85.597,Annen undervisning ellers,5,85.599,Annen undervisning ikke nevnt annet sted,korrespondanse 1:1,85,false,false,false,
Detaljhandel med sportsvarer,false,,21,2025-10-01,2026-08-17,0,21,SN2025,T2,SN2025,47.631,Detaljhandel med sportsvarer,5,47.641|47.789|47.890|47.919|47.990,Butikkhandel med sportsutstyr | Butikkhandel ikke nevnt annet sted | Torghandel med andre varer | Postordre-/Internetthandel med annet spesialisert vareutvalg | Detaljhandel utenom utsalgssted ellers,korrespondanse 1:n,47,false,false,false,
Engroshandel med maskiner og utstyr ellers,false,,21,2025-09-09,2026-08-21,0,21,SN2025,T2,SN2025,46.640,Engroshandel med maskiner og utstyr ellers,5,46.431|46.640|46.691|46.692|46.693|46.694,"Engroshandel med elektriske husholdningsapparater og -maskiner | Engroshandel med maskiner og utstyr til tekstilproduksjon | Engroshandel med maskiner og utstyr til kraftproduksjon og installasjon | Engroshandel med skipsutstyr og fiskeredskap | Engroshandel med maskiner og utstyr til industri ellers | Engroshandel med maskiner og utstyr til handel, transport og tjenesteyting ellers",korrespondanse 1:n,46,false,false,false,
Engroshandel med trelast,false,,21,2021-03-15,2025-07-04,21,0,SN2007,T1,SN2007,46.732,Engroshandel med trelast,5,46.732,Engroshandel med trelast,direkte SN2007,46,false,false,false,
Trykking ellers,false,,20,2019-10-09,2026-07-24,13,7,begge,T1,SN2007,18.120,Trykking ellers,5,18.120,Trykking ellers,direkte SN2007,18,false,false,false,
Grafisk og visuell kommunikasjonsdesign,false,,20,2023-05-05,2025-08-07,20,0,SN2007,T1,SN2007,74.102,Grafisk og visuell kommunikasjonsdesign,5,74.102,Grafisk og visuell kommunikasjonsdesign,direkte SN2007,74,false,false,false,
"Engroshandel med maskiner og utstyr til bergverksdrift, olje",false,,20,2019-07-29,2026-07-23,15,5,begge,T1,SN2007,46.630,"Engroshandel med maskiner og utstyr til bergverksdrift, olje- og gassutvinning og bygge- og anleggsvirksomhet",5,46.630,"Engroshandel med maskiner og utstyr til bergverksdrift, olje- og gassutvinning og bygge- og anleggsvirksomhet",direkte SN2007,46,false,false,false,
Engroshandel med møbler,false,,20,2022-10-17,2025-06-19,20,0,SN2007,T1,SN2007,46.471,Engroshandel med møbler,5,46.471,Engroshandel med møbler,direkte SN2007,46,false,false,false,
Utleie av arbeidskraft og andre personaladministrative tjene,false,,20,2025-09-04,2026-07-09,0,20,SN2025,T2,SN2025,78.200,Utleie av arbeidskraft og andre personaladministrative tjenester,5,78.200|78.300,Utleie av arbeidskraft | Andre personaladministrative tjenester,korrespondanse 1:n,78,false,false,false,
Produksjon av møbler ellers,false,,20,2021-03-11,2025-08-14,20,0,SN2007,T1,SN2007,31.090,Produksjon av møbler ellers,5,31.090,Produksjon av møbler ellers,direkte SN2007,31,false,false,false,
"Engroshandel med fisk, skalldyr og bløtdyr",false,,20,2022-03-17,2026-07-02,15,5,begge,T1,SN2007,46.381,"Engroshandel med fisk, skalldyr og bløtdyr",5,46.381,"Engroshandel med fisk, skalldyr og bløtdyr",direkte SN2007,46,false,false,false,
Eiendomsforvaltning,false,,20,2021-09-08,2025-08-22,20,0,SN2007,T1,SN2007,68.320,Eiendomsforvaltning,5,68.320,Eiendomsforvaltning,direkte SN2007,68,false,false,false,
Undervisning innen idrett og rekreasjon,false,,20,2023-02-13,2025-06-16,20,0,SN2007,T1,SN2007,85.510,Undervisning innen idrett og rekreasjon,5,85.510,Undervisning innen idrett og rekreasjon,direkte SN2007,85,false,false,false,
Familieeide egeninvesteringsselskaper,false,,20,2023-10-12,2025-03-28,20,0,SN2007,T1,SN2007,64.308,Familieeide egeninvesteringsselskaper,5,64.308,Familieeide egeninvesteringsselskaper,direkte SN2007,64,false,false,false,
Postordre-/Internetthandel med bredt vareutvalg,false,,20,2023-03-28,2025-08-20,20,0,SN2007,T1,SN2007,47.911,Postordre-/Internetthandel med bredt vareutvalg,5,47.911,Postordre-/Internetthandel med bredt vareutvalg,direkte SN2007,47,false,false,false,
Engroshandel med sportsutstyr,false,,19,2020-02-03,2025-07-04,19,0,SN2007,T1,SN2007,46.494,Engroshandel med sportsutstyr,5,46.494,Engroshandel med sportsutstyr,direkte SN2007,46,false,false,false,
Butikkhandel med kjæledyr og fôr til kjæledyr,false,,19,2023-02-14,2025-07-25,19,0,SN2007,T6,SN2007,47.762,(manuelt tilordnet),5,47.762,(manuelt tilordnet),direkte SN2007,47,false,false,false,"Brønnøysund skriver «fôr», SSB Klass 47.762 skriver «fôrvarer»; ellers identisk streng og eneste kandidat under 47.76."
Eiendomsforvaltning på oppdrag,false,,19,2025-09-02,2026-07-20,0,19,SN2025,T2,SN2025,68.320,Eiendomsforvaltning på oppdrag,5,68.310|68.320,Eiendomsmegling | Eiendomsforvaltning,korrespondanse 1:n,68,false,false,false,
Kombinerte tjenester tilknyttet eiendomsdrift,false,,18,2025-10-09,2026-07-08,0,18,SN2025,T2,SN2025,81.100,Kombinerte tjenester tilknyttet eiendomsdrift,5,81.101|81.109,Vaktmestertjenester | Andre kombinerte tjenester tilknyttet eiendomsdrift,korrespondanse 1:n,81,false,false,false,
Engroshandel med husholdningsvarer og varer til personlig br,false,,18,2022-09-28,2025-08-20,18,0,SN2007,T1,SN2007,46.499,Engroshandel med husholdningsvarer og varer til personlig bruk ikke nevnt annet sted,5,46.499,Engroshandel med husholdningsvarer og varer til personlig bruk ikke nevnt annet sted,direkte SN2007,46,false,false,false,
Aktiviteter utført av utflukts- og eventarrangører,false,,18,2025-09-04,2026-07-27,0,18,SN2025,T2,SN2025,79.121,Aktiviteter utført av utflukts- og eventarrangører,5,79.903,"Opplevelses-, arrangements- og aktivitetsarrangørvirksomhet",korrespondanse 1:1,79,false,false,false,
Fiske og fangst i sjø,false,,18,2025-09-10,2026-07-07,0,18,SN2025,T2,SN2025,03.110,Fiske og fangst i sjø,5,03.111|03.112,Hav- og kystfiske | Hvalfangst,korrespondanse 1:n,03,false,false,false,
"Postordre-/Internetthandel med belysningsutstyr, kjøkkenutst",false,,17,2023-04-27,2025-05-30,17,0,SN2007,T1,SN2007,47.913,"Postordre-/Internetthandel med belysningsutstyr, kjøkkenutstyr, møbler og innredningsartikler",5,47.913,"Postordre-/Internetthandel med belysningsutstyr, kjøkkenutstyr, møbler og innredningsartikler",direkte SN2007,47,false,false,false,
Butikkhandel med elektriske husholdningsapparater,false,,17,2022-02-01,2025-08-04,17,0,SN2007,T1,SN2007,47.540,Butikkhandel med elektriske husholdningsapparater,5,47.540,Butikkhandel med elektriske husholdningsapparater,direkte SN2007,47,false,false,false,
Blikkenslagerarbeid på tak,false,,17,2022-12-08,2025-08-19,17,0,SN2007,T5,SN2007,43.911,Blikkenslagerarbeid,5,43.911,Blikkenslagerarbeid,direkte SN2007,43,true,true,false,
Produksjon av monteringsferdige hus,false,,17,2020-10-01,2024-12-03,17,0,SN2007,T1,SN2007,16.231,Produksjon av monteringsferdige hus,5,16.231,Produksjon av monteringsferdige hus,direkte SN2007,16,false,false,false,
Riving av bygninger og andre konstruksjoner,false,,16,2020-07-16,2025-08-27,16,0,SN2007,T1,SN2007,43.110,Riving av bygninger og andre konstruksjoner,5,43.110,Riving av bygninger og andre konstruksjoner,direkte SN2007,43,true,true,false,
"Detaljhandel med blomster, planter, gjødsel og plantevernmid",false,,16,2025-09-24,2026-08-05,0,16,SN2025,T2,SN2025,47.761,"Detaljhandel med blomster, planter, gjødsel og plantevernmidler",5,47.761|47.890|47.919|47.990,Butikkhandel med blomster og planter | Torghandel med andre varer | Postordre-/Internetthandel med annet spesialisert vareutvalg | Detaljhandel utenom utsalgssted ellers,korrespondanse 1:n,47,false,false,false,
Butikkhandel med byggevarer ikke nevnt annet sted,false,,16,2023-01-10,2025-07-30,16,0,SN2007,T1,SN2007,47.529,Butikkhandel med byggevarer ikke nevnt annet sted,5,47.529,Butikkhandel med byggevarer ikke nevnt annet sted,direkte SN2007,47,false,false,false,
Agenturhandel med spesialisert vareutvalg ellers,false,,16,2023-06-19,2026-07-31,10,6,begge,T1,SN2007,46.180,Agenturhandel med spesialisert vareutvalg ellers,5,46.180,Agenturhandel med spesialisert vareutvalg ellers,direkte SN2007,46,false,false,false,
Drift av barer ellers,false,,16,2023-01-19,2025-05-05,16,0,SN2007,T1,SN2007,56.309,Drift av barer ellers,5,56.309,Drift av barer ellers,direkte SN2007,56,false,false,false,
Butikkhandel med drikkevarer ellers,false,,15,2023-02-27,2025-04-22,15,0,SN2007,T1,SN2007,47.259,Butikkhandel med drikkevarer ellers,5,47.259,Butikkhandel med drikkevarer ellers,direkte SN2007,47,false,false,false,
"Engroshandel med jernvarer, rørleggerartikler og oppvarmings",false,,15,2021-11-29,2026-07-03,12,3,begge,T1,SN2007,46.740,"Engroshandel med jernvarer, rørleggerartikler og oppvarmingsutstyr",5,46.740,"Engroshandel med jernvarer, rørleggerartikler og oppvarmingsutstyr",direkte SN2007,46,false,false,false,
Tjenester tilknyttet skogbruk,false,,15,2022-10-31,2026-08-24,6,9,begge,T1,SN2007,02.400,Tjenester tilknyttet skogbruk,5,02.400,Tjenester tilknyttet skogbruk,direkte SN2007,02,false,false,false,
Takarbeid,false,,15,2025-09-09,2026-08-24,0,15,SN2025,T2,SN2025,43.410,Takarbeid,5,43.911|43.919|43.990,Blikkenslagerarbeid | Takarbeid ellers | Annen spesialisert bygge- og anleggsvirksomhet,korrespondanse 1:n,43,true,true,false,
"Slakting, bearbeiding og konservering av fisk og fiskevarer",false,,15,2020-02-20,2025-08-27,15,0,SN2007,T1,SN2007,10.209,"Slakting, bearbeiding og konservering av fisk og fiskevarer ellers",5,10.209,"Slakting, bearbeiding og konservering av fisk og fiskevarer ellers",direkte SN2007,10,false,false,false,
Skjønnhetspleie,false,,15,2025-10-21,2026-07-24,0,15,SN2025,T2,SN2025,96.220,Skjønnhetspleie,5,96.020,Frisering og annen skjønnhetspleie,korrespondanse 1:1,96,false,false,false,
Butikkhandel med skotøy,false,,15,2023-02-02,2025-08-21,15,0,SN2007,T1,SN2007,47.721,Butikkhandel med skotøy,5,47.721,Butikkhandel med skotøy,direkte SN2007,47,false,false,false,
Bygging av veier og motorveier,false,,15,2021-04-26,2026-08-10,10,5,begge,T1,SN2007,42.110,Bygging av veier og motorveier,5,42.110,Bygging av veier og motorveier,direkte SN2007,42,true,true,false,
Opplevelsesaktiviteter,false,,15,2021-05-11,2026-08-05,11,4,begge,T1,SN2007,93.291,Opplevelsesaktiviteter,5,93.291,Opplevelsesaktiviteter,direkte SN2007,93,false,false,false,
Drift av hoteller,false,,15,2025-09-11,2026-06-12,0,15,SN2025,T2,SN2025,55.100,Drift av hoteller,5,55.101|55.102,"Drift av hoteller, pensjonater og moteller med restaurant | Drift av hoteller, pensjonater og moteller uten restaurant",korrespondanse 1:n,55,false,false,false,
Forskning og eksperimentell utvikling innenfor naturvitenska,false,,15,2025-10-03,2026-07-28,0,15,SN2025,T2,SN2025,72.100,Forskning og eksperimentell utvikling innenfor naturvitenskap og teknikk,5,72.110|72.190,Forskning og utviklingsarbeid innen bioteknologi | Annen forskning og annet utviklingsarbeid innen naturvitenskap og teknikk,korrespondanse 1:n,72,false,false,false,
Engroshandel med elektronikkutstyr og telekommunikasjonsutst,false,,15,2022-06-23,2025-05-27,15,0,SN2007,T1,SN2007,46.520,Engroshandel med elektronikkutstyr og telekommunikasjonsutstyr samt deler,5,46.520,Engroshandel med elektronikkutstyr og telekommunikasjonsutstyr samt deler,direkte SN2007,46,false,false,false,
Butikkhandel med fargevarer,false,,14,2022-08-31,2025-06-30,14,0,SN2007,T1,SN2007,47.523,Butikkhandel med fargevarer,5,47.523,Butikkhandel med fargevarer,direkte SN2007,47,false,false,false,
"All annen faglig, vitenskapelig og teknisk virksomhet ikke n",false,,14,2025-10-14,2026-06-22,0,14,SN2025,T2,SN2025,74.990,"All annen faglig, vitenskapelig og teknisk virksomhet ikke nevnt annet sted",5,74.901|74.902|74.903|74.909,"Takseringsvirksomhet | Modellbyråvirksomhet | Impresariovirksomhet | Annen faglig, vitenskapelig og teknisk virksomhet ikke nevnt annet sted",korrespondanse 1:n,74,false,false,false,
Utvendig rengjøring av bygninger og industriell rengjøring,false,,14,2023-05-10,2026-08-12,9,5,begge,T1,SN2007,81.220,Utvendig rengjøring av bygninger og industriell rengjøring,5,81.220,Utvendig rengjøring av bygninger og industriell rengjøring,direkte SN2007,81,false,false,false,
Utgivelse av annen programvare,false,,14,2019-09-23,2026-04-29,8,6,begge,T1,SN2007,58.290,Utgivelse av annen programvare,5,58.290,Utgivelse av annen programvare,direkte SN2007,58,false,false,false,
Annen industriproduksjon ikke nevnt annet sted,false,,14,2022-06-02,2026-02-13,12,2,begge,T1,SN2007,32.990,Annen industriproduksjon ikke nevnt annet sted,5,32.990,Annen industriproduksjon ikke nevnt annet sted,direkte SN2007,32,false,false,false,
"Butikkhandel med bredt utvalg av jernvarer, fargevarer og an",false,,14,2022-02-16,2025-08-29,14,0,SN2007,T1,SN2007,47.521,"Butikkhandel med bredt utvalg av jernvarer, fargevarer og andre byggevarer",5,47.521,"Butikkhandel med bredt utvalg av jernvarer, fargevarer og andre byggevarer",direkte SN2007,47,false,false,false,
"Detaljhandel med jernvarer, byggevarer, fargevarer og glass",false,,14,2025-09-11,2026-07-30,0,14,SN2025,T2,SN2025,47.520,"Detaljhandel med jernvarer, byggevarer, fargevarer og glass",5,47.521|47.522|47.523|47.524|47.529|47.599|47.890|47.919|47.990,"Butikkhandel med bredt utvalg av jernvarer, fargevarer og andre byggevarer | Butikkhandel med jernvarer | Butikkhandel med fargevarer | Butikkhandel med trelast | Butikkhandel med byggevarer ikke nevnt annet sted | Butikkhandel med innredningsartikler ikke nevnt annet sted | Torghandel med andre varer | Postordre-/Internetthandel med annet spesialisert vareutvalg | Detaljhandel utenom utsalgssted ellers",korrespondanse 1:n,47,false,false,false,
Butikkhandel med fritidsbåter og -utstyr,false,,14,2021-04-22,2025-05-23,14,0,SN2007,T1,SN2007,47.642,Butikkhandel med fritidsbåter og -utstyr,5,47.642,Butikkhandel med fritidsbåter og -utstyr,direkte SN2007,47,false,false,false,
Turbiltransport,false,,13,2022-05-23,2025-05-30,13,0,SN2007,T1,SN2007,49.392,Turbiltransport,5,49.392,Turbiltransport,direkte SN2007,49,false,false,false,
Andre helsetjenester ellers,false,,13,2025-09-12,2026-06-30,0,13,SN2025,T2,SN2025,86.993,Andre helsetjenester ellers,5,86.906|86.909,Medisinske laboratorietjenester | Andre helsetjenester,korrespondanse 1:n,86,false,false,false,
Engroshandel med maskiner og utstyr til jordbruk og skogbruk,false,,13,2022-06-09,2026-03-02,10,3,begge,T1,SN2007,46.610,Engroshandel med maskiner og utstyr til jordbruk og skogbruk,5,46.610,Engroshandel med maskiner og utstyr til jordbruk og skogbruk,direkte SN2007,46,false,false,false,
Personlig tjenesteyting ikke nevnt annet sted,false,,13,2022-05-24,2025-05-14,13,0,SN2007,T1,SN2007,96.090,Personlig tjenesteyting ikke nevnt annet sted,5,96.090,Personlig tjenesteyting ikke nevnt annet sted,direkte SN2007,96,false,false,false,
Glassarbeid,false,,13,2022-09-19,2025-08-21,13,0,SN2007,T1,SN2007,43.342,Glassarbeid,5,43.342,Glassarbeid,direkte SN2007,43,true,true,false,
Annen ferdiggjøring av bygninger,false,,13,2023-01-09,2026-05-15,11,2,begge,T1,SN2007,43.390,Annen ferdiggjøring av bygninger,5,43.390,Annen ferdiggjøring av bygninger,direkte SN2007,43,true,true,false,
"Produksjon av andre trevarer og varer av kork, strå og flett",false,,13,2023-05-02,2026-05-07,10,3,begge,T1,SN2007,16.290,"Produksjon av andre trevarer og varer av kork, strå og flettematerialer",5,16.290,"Produksjon av andre trevarer og varer av kork, strå og flettematerialer",direkte SN2007,16,false,false,false,
Engroshandel med parfyme og kosmetikk,false,,13,2022-12-01,2026-06-16,8,5,begge,T1,SN2007,46.450,Engroshandel med parfyme og kosmetikk,5,46.450,Engroshandel med parfyme og kosmetikk,direkte SN2007,46,false,false,false,
Engroshandel med andre husholdningsvarer,false,,13,2025-09-05,2026-08-07,0,13,SN2025,T2,SN2025,46.490,Engroshandel med andre husholdningsvarer,5,46.433|46.491|46.492|46.493|46.494|46.495|46.499,"Engroshandel med plater, musikk- og videokassetter og CD- og DVD-plater | Engroshandel med bøker, aviser og blader | Engroshandel med reiseeffekter og lærvarer | Engroshandel med fritidsbåter og -utstyr | Engroshandel med sportsutstyr | Engroshandel med spill og leker | Engroshandel med husholdningsvarer og varer til personlig bruk ikke nevnt annet sted",korrespondanse 1:n,46,false,false,false,
Butikkhandel med nærings- og nytelsesmidler ikke nevnt annet,false,,13,2023-05-23,2025-06-13,13,0,SN2007,T1,SN2007,47.299,Butikkhandel med nærings- og nytelsesmidler ikke nevnt annet sted,5,47.299,Butikkhandel med nærings- og nytelsesmidler ikke nevnt annet sted,direkte SN2007,47,false,false,false,
Private vakttjenester,false,,13,2023-02-03,2025-01-31,13,0,SN2007,T1,SN2007,80.100,Private vakttjenester,5,80.100,Private vakttjenester,direkte SN2007,80,false,false,false,
Utleie og leasing av sports- og fritidsutstyr,false,,13,2023-05-12,2026-07-28,9,4,begge,T1,SN2007,77.210,Utleie og leasing av sports- og fritidsutstyr,5,77.210,Utleie og leasing av sports- og fritidsutstyr,direkte SN2007,77,false,false,false,
Butikkhandel med brukte varer ellers,false,,12,2022-11-28,2025-07-21,12,0,SN2007,T1,SN2007,47.799,Butikkhandel med brukte varer ellers,5,47.799,Butikkhandel med brukte varer ellers,direkte SN2007,47,false,false,false,
Utleie og leasing av andre husholdningsvarer og varer til pe,false,,12,2023-01-06,2026-03-20,8,4,begge,T1,SN2007,77.290,Utleie og leasing av andre husholdningsvarer og varer til personlig bruk,5,77.290,Utleie og leasing av andre husholdningsvarer og varer til personlig bruk,direkte SN2007,77,false,false,false,
Regnskap og bokføring,false,,12,2023-02-15,2025-06-10,12,0,SN2007,T1,SN2007,69.201,Regnskap og bokføring,5,69.201,Regnskap og bokføring,direkte SN2007,69,false,false,false,
"Databehandling, datalagring og tilknyttede tjenester",false,,12,2023-05-24,2025-07-03,12,0,SN2007,T1,SN2007,63.110,"Databehandling, datalagring og tilknyttede tjenester",5,63.110,"Databehandling, datalagring og tilknyttede tjenester",direkte SN2007,63,false,false,false,
Arkitektvirksomhet,false,,12,2025-09-09,2026-07-08,0,12,SN2025,T2,SN2025,71.110,Arkitektvirksomhet,5,71.111|71.112|71.113,Plan- og reguleringsarbeid | Arkitekttjenester vedrørende byggverk | Landskapsarkitekttjenester,korrespondanse 1:n,71,false,false,false,
Barnehager,false,,12,2022-10-24,2025-04-14,12,0,SN2007,T1,SN2007,88.911,Barnehager,5,88.911,Barnehager,direkte SN2007,88,false,false,false,
Reparasjon og vedlikehold av maskiner,false,,12,2025-09-22,2026-07-24,0,12,SN2025,T2,SN2025,33.120,Reparasjon og vedlikehold av maskiner,5,33.120,Reparasjon av maskiner,korrespondanse 1:1,33,false,false,false,
Bygging av andre anlegg ikke nevnt annet sted,false,,12,2023-03-17,2026-06-30,6,6,begge,T1,SN2007,42.990,Bygging av andre anlegg ikke nevnt annet sted,5,42.990,Bygging av andre anlegg ikke nevnt annet sted,direkte SN2007,42,true,true,false,
Engroshandel med tekstiler og utstyrsvarer,false,,12,2023-02-20,2026-08-07,11,1,begge,T1,SN2007,46.410,Engroshandel med tekstiler og utstyrsvarer,5,46.410,Engroshandel med tekstiler og utstyrsvarer,direkte SN2007,46,false,false,false,
Tannhelsetjenester,false,,12,2023-03-16,2025-05-20,12,0,SN2007,T1,SN2007,86.230,Tannhelsetjenester,5,86.230,Tannhelsetjenester,direkte SN2007,86,false,false,false,
Produksjon og utgivelse av musikk- og lydopptak,false,,11,2023-06-19,2026-07-01,7,4,begge,T1,SN2007,59.200,Produksjon og utgivelse av musikk- og lydopptak,5,59.200,Produksjon og utgivelse av musikk- og lydopptak,direkte SN2007,59,false,false,false,
Produksjon av metallkonstruksjoner og deler,false,,11,2022-10-18,2026-04-23,9,2,begge,T1,SN2007,25.110,Produksjon av metallkonstruksjoner og deler,5,25.110,Produksjon av metallkonstruksjoner og deler,direkte SN2007,25,false,false,false,
"Butikkhandel med kjøkkenutstyr, glass og steintøy",false,,11,2023-08-24,2025-07-04,11,0,SN2007,T1,SN2007,47.593,"Butikkhandel med kjøkkenutstyr, glass og steintøy",5,47.593,"Butikkhandel med kjøkkenutstyr, glass og steintøy",direkte SN2007,47,false,false,false,
Butikkhandel med bøker,false,,11,2023-06-29,2024-12-20,11,0,SN2007,T1,SN2007,47.610,Butikkhandel med bøker,5,47.610,Butikkhandel med bøker,direkte SN2007,47,false,false,false,
Vaskeri- og renserivirksomhet,false,,11,2022-05-09,2026-07-01,8,3,begge,T1,SN2007,96.010,Vaskeri- og renserivirksomhet,5,96.010,Vaskeri- og renserivirksomhet,direkte SN2007,96,false,false,false,
"Kuldeanlegg-, varmepumpearbeid og installasjon av peiser",false,,11,2026-05-13,2026-08-21,0,11,SN2025,T2,SN2025,43.222,"Kuldeanlegg-, varmepumpearbeid og installasjon av peiser",5,43.222|43.990,Kuldeanlegg- og varmepumpearbeid | Annen spesialisert bygge- og anleggsvirksomhet,korrespondanse 1:n,43,true,true,false,
Tjenester tilknyttet hav- og kystbasert fiskeoppdrett,false,,11,2023-01-09,2025-08-21,11,0,SN2007,T6,SN2007,03.213,(manuelt tilordnet),5,03.213,(manuelt tilordnet),direkte SN2007,03,false,false,false,"Brønnøysund skriver «fiskeoppdrett», SSB Klass 03.213 skriver «akvakultur»; samme næring, eneste tjenestekode under 03.21."
Drift av gods- og transportsentraler,false,,11,2022-08-01,2026-08-05,4,7,begge,T1,SN2007,52.211,Drift av gods- og transportsentraler,5,52.211,Drift av gods- og transportsentraler,direkte SN2007,52,false,false,false,
Juridisk tjenesteyting,false,,11,2022-10-04,2026-06-09,9,2,begge,T1,SN2007,69.100,Juridisk tjenesteyting,5,69.100,Juridisk tjenesteyting,direkte SN2007,69,false,false,false,
"Industri-, produkt- og motedesignvirksomhet",false,,11,2025-10-27,2026-08-14,0,11,SN2025,T2,SN2025,74.110,"Industri-, produkt- og motedesignvirksomhet",5,74.101,"Industridesign, produktdesign og annen teknisk designvirksomhet",korrespondanse 1:1,74,false,false,false,
Annen detaljhandel med andre nye varer,false,,11,2025-11-05,2026-07-24,0,11,SN2025,T2,SN2025,47.780,Annen detaljhandel med andre nye varer,5,47.781|47.782|47.789|47.890|47.919|47.990,Butikkhandel med fotoutstyr | Butikkhandel med optiske artikler | Butikkhandel ikke nevnt annet sted | Torghandel med andre varer | Postordre-/Internetthandel med annet spesialisert vareutvalg | Detaljhandel utenom utsalgssted ellers,korrespondanse 1:n,47,false,false,false,
Engroshandel med belysningsutstyr,false,,11,2023-03-29,2025-06-25,11,0,SN2007,T1,SN2007,46.473,Engroshandel med belysningsutstyr,5,46.473,Engroshandel med belysningsutstyr,direkte SN2007,46,false,false,false,
Engroshandel med maskiner og utstyr til industri ellers,false,,11,2022-10-27,2025-06-13,11,0,SN2007,T1,SN2007,46.693,Engroshandel med maskiner og utstyr til industri ellers,5,46.693,Engroshandel med maskiner og utstyr til industri ellers,direkte SN2007,46,false,false,false,
Engroshandel med drikkevarer ellers,false,,11,2022-10-11,2025-01-02,11,0,SN2007,T1,SN2007,46.349,Engroshandel med drikkevarer ellers,5,46.349,Engroshandel med drikkevarer ellers,direkte SN2007,46,false,false,false,
Utgivelse av bøker,false,,10,2023-08-03,2026-01-14,9,1,begge,T1,SN2007,58.110,Utgivelse av bøker,5,58.110,Utgivelse av bøker,direkte SN2007,58,false,false,false,
Overflatebehandling av metaller,false,,10,2018-09-25,2026-06-29,8,2,begge,T1,SN2007,25.610,Overflatebehandling av metaller,5,25.610,Overflatebehandling av metaller,direkte SN2007,25,false,false,false,
Bygging av anlegg for elektrisitet og telekommunikasjon,false,,10,2021-09-20,2024-11-29,10,0,SN2007,T1,SN2007,42.220,Bygging av anlegg for elektrisitet og telekommunikasjon,5,42.220,Bygging av anlegg for elektrisitet og telekommunikasjon,direkte SN2007,42,true,true,false,
Tjenester tilknyttet landtransport ellers,false,,10,2022-05-30,2025-05-06,10,0,SN2007,T1,SN2007,52.219,Tjenester tilknyttet landtransport ellers,5,52.219,Tjenester tilknyttet landtransport ellers,direkte SN2007,52,false,false,false,
Produksjon av næringsmidler ikke nevnt annet sted,false,,10,2020-05-07,2026-07-24,4,6,begge,T1,SN2007,10.890,Produksjon av næringsmidler ikke nevnt annet sted,5,10.890,Produksjon av næringsmidler ikke nevnt annet sted,direkte SN2007,10,false,false,false,
Produksjon av øl,false,,10,2022-10-07,2026-03-20,9,1,begge,T1,SN2007,11.050,Produksjon av øl,5,11.050,Produksjon av øl,direkte SN2007,11,false,false,false,
Butikkhandel med jernvarer,false,,10,2023-08-07,2025-08-25,10,0,SN2007,T1,SN2007,47.522,Butikkhandel med jernvarer,5,47.522,Butikkhandel med jernvarer,direkte SN2007,47,false,false,false,
Agentur- og engroshandel med deler og utstyr til motorvogner,false,,10,2023-04-24,2025-06-17,10,0,SN2007,T1,SN2007,45.310,"Agentur- og engroshandel med deler og utstyr til motorvogner, unntatt motorsykler",5,45.310,"Agentur- og engroshandel med deler og utstyr til motorvogner, unntatt motorsykler",direkte SN2007,45,false,false,false,
Produksjon av betongprodukter for bygge- og anleggsvirksomhe,false,,10,2023-02-20,2026-06-18,7,3,begge,T1,SN2007,23.610,Produksjon av betongprodukter for bygge- og anleggsvirksomhet,5,23.610,Produksjon av betongprodukter for bygge- og anleggsvirksomhet,direkte SN2007,23,false,false,false,
Andre egeninvesteringsselskaper,false,,10,2025-10-28,2026-07-29,0,10,SN2025,T2,SN2025,64.323,Andre egeninvesteringsselskaper,5,64.308,Familieeide egeninvesteringsselskaper,korrespondanse 1:1,64,false,false,false,
Formidlingstjenester tilknyttet detaljhandel med spesialiser,false,,10,2025-11-28,2026-08-24,0,10,SN2025,T2,SN2025,47.920,Formidlingstjenester tilknyttet detaljhandel med spesialisert vareutvalg,5,45.112|45.192|45.320|45.402|47.210|47.220|47.230|47.241|47.242|47.251|47.259|47.260|47.291|47.292|47.299|47.300|47.410|47.420|47.430|47.510|47.521|47.522|47.523|47.524|47.529|47.531|47.532|47.533|47.540|47.591|47.592|47.593|47.594|47.599|47.610|47.620|47.630|47.641|47.642|47.650|47.710|47.721|47.722|47.730|47.740|47.750|47.761|47.762|47.771|47.772|47.781|47.782|47.789|47.791|47.792|47.799|47.810|47.820|47.912|47.913|47.914|47.915|47.916|47.917|47.919|47.990|82.990,"Detaljhandel med biler og lette motorvogner, unntatt motorsykler | Detaljhandel med andre motorvogner, unntatt motorsykler | Detaljhandel med deler og utstyr til motorvogner, unntatt motorsykler | Detaljhandel med motorsykler, deler og utstyr | Butikkhandel med frukt og grønnsaker | Butikkhandel med kjøtt og kjøttvarer | Butikkhandel med fisk, skalldyr og bløtdyr | Butikkhandel med bakervarer og konditorvarer | Butikkhandel med sukkervarer | Butikkhandel med vin og brennevin | Butikkhandel med drikkevarer ellers | Butikkhandel med tobakksvarer | Butikkhandel med helsekost | Butikkhandel med kaffe og te | Butikkhandel med nærings- og nytelsesmidler ikke nevnt annet sted | Detaljhandel med drivstoff til motorvogner | Butikkhandel med datamaskiner og utstyr til datamaskiner | Butikkhandel med telekommunikasjonsutstyr | Butikkhandel med audio- og videoutstyr | Butikkhandel med tekstiler og utstyrsvarer | Butikkhandel med bredt utvalg av jernvarer, fargevarer og andre byggevarer | Butikkhandel med jernvarer | Butikkhandel med fargevarer | Butikkhandel med trelast | Butikkhandel med byggevarer ikke nevnt annet sted | Butikkhandel med tapeter og gulvbelegg | Butikkhandel med tepper | Butikkhandel med gardiner | Butikkhandel med elektriske husholdningsapparater | Butikkhandel med møbler | Butikkhandel med belysningsutstyr | Butikkhandel med kjøkkenutstyr, glass og steintøy | Butikkhandel med musikkinstrumenter og noter | Butikkhandel med innredningsartikler ikke nevnt annet sted | Butikkhandel med bøker | Butikkhandel med aviser og papirvarer | Butikkhandel med innspillinger av musikk og video | Butikkhandel med sportsutstyr | Butikkhandel med fritidsbåter og -utstyr | Butikkhandel med spill og leker | Butikkhandel med klær | Butikkhandel med skotøy | Butikkhandel med reiseeffekter av lær og lærimitasjoner og varer av lær | Butikkhandel med apotekvarer | Butikkhandel med medisinske og ortopediske artikler | Butikkhandel med kosmetikk og toalettartikler | Butikkhandel med blomster og planter | Butikkhandel med kjæledyr og fôrvarer til kjæledyr | Butikkhandel med ur og klokker | Butikkhandel med gull- og sølvvarer | Butikkhandel med fotoutstyr | Butikkhandel med optiske artikler | Butikkhandel ikke nevnt annet sted | Butikkhandel med antikviteter | Butikkhandel med brukte klær | Butikkhandel med brukte varer ellers | Torghandel med næringsmidler, drikkevarer og tobakksvarer | Torghandel med tekstiler, klær, skotøy og utstyrsvarer | Postordre-/Internetthandel med tekstiler, utstyrsvarer, klær, skotøy, reiseeffekter og lærvarer | Postordre-/Internetthandel med belysningsutstyr, kjøkkenutstyr, møbler og innredningsartikler | Postordre-/Internetthandel med elektriske husholdningsapparater, radio, fjernsyn, plater, kassetter og musikkinstrumenter | Postordre-/internetthandel med bøker, papir, aviser og blader | Postordre-/Internetthandel med IKT-utstyr | Postordre-/Internetthandel med helsekost | Postordre-/Internetthandel med annet spesialisert vareutvalg | Detaljhandel utenom utsalgssted ellers | Annen forretningsmessig tjenesteyting ikke nevnt annet sted",korrespondanse 1:n,45|47|82,false,false,false,
"Dyrking av grønnsaker, meloner, rot- og knollvekster",false,,10,2022-08-15,2026-01-08,6,4,begge,T1,SN2007,01.130,"Dyrking av grønnsaker, meloner, rot- og knollvekster",5,01.130,"Dyrking av grønnsaker, meloner, rot- og knollvekster",direkte SN2007,01,false,false,false,
Telefonvakttjenester og telefonsalg,false,,10,2026-01-21,2026-08-17,0,10,SN2025,T3,SN2007,82.20,Telefonvakttjenester og telefonsalg,4,82.20,Telefonvakttjenester og telefonsalg,direkte SN2007,82,false,false,false,
Selvstendig kunstnerisk virksomhet innen visuell kunst,false,,9,2023-03-02,2025-08-12,9,0,SN2007,T1,SN2007,90.031,Selvstendig kunstnerisk virksomhet innen visuell kunst,5,90.031,Selvstendig kunstnerisk virksomhet innen visuell kunst,direkte SN2007,90,false,false,false,
Detaljhandel med innredningsartikler ikke nevnt annet sted,false,,9,2025-10-01,2026-08-14,0,9,SN2025,T2,SN2025,47.559,Detaljhandel med innredningsartikler ikke nevnt annet sted,5,47.599|47.789|47.890|47.913|47.990,"Butikkhandel med innredningsartikler ikke nevnt annet sted | Butikkhandel ikke nevnt annet sted | Torghandel med andre varer | Postordre-/Internetthandel med belysningsutstyr, kjøkkenutstyr, møbler og innredningsartikler | Detaljhandel utenom utsalgssted ellers",korrespondanse 1:n,47,false,false,false,
"Detaljhandel med møbler, gjelder også madrasser",false,,9,2025-09-25,2026-05-29,0,9,SN2025,T2,SN2025,47.551,"Detaljhandel med møbler, gjelder også madrasser",5,47.591|47.890|47.913|47.990,"Butikkhandel med møbler | Torghandel med andre varer | Postordre-/Internetthandel med belysningsutstyr, kjøkkenutstyr, møbler og innredningsartikler | Detaljhandel utenom utsalgssted ellers",korrespondanse 1:n,47,false,false,false,
Butikkhandel med bredt vareutvalg ellers,false,,9,2022-12-21,2025-05-14,9,0,SN2007,T1,SN2007,47.190,Butikkhandel med bredt vareutvalg ellers,5,47.190,Butikkhandel med bredt vareutvalg ellers,direkte SN2007,47,false,false,false,
Drift av ferieleiligheter,false,,9,2023-06-27,2025-06-05,9,0,SN2007,T1,SN2007,55.202,Drift av ferieleiligheter,5,55.202,Drift av ferieleiligheter,direkte SN2007,55,false,false,false,
Enheten er slettet,false,,9,2023-03-30,2026-04-15,6,3,begge,IKKE_NAERING,,,,,,,,,,,,
Butikkhandel med optiske artikler,false,,9,2023-03-31,2025-06-23,9,0,SN2007,T1,SN2007,47.782,Butikkhandel med optiske artikler,5,47.782,Butikkhandel med optiske artikler,direkte SN2007,47,false,false,false,
Detaljhandel med deler og utstyr til motorvogner,false,,9,2025-09-16,2026-08-21,0,9,SN2025,T2,SN2025,47.820,Detaljhandel med deler og utstyr til motorvogner,5,45.320,"Detaljhandel med deler og utstyr til motorvogner, unntatt motorsykler",korrespondanse 1:1,45,false,false,false,
Fritidsetablissement,false,,9,2022-10-10,2025-08-04,9,0,SN2007,T1,SN2007,93.292,Fritidsetablissement,5,93.292,Fritidsetablissement,direkte SN2007,93,false,false,false,
Produksjon av møbler,false,,9,2025-09-08,2026-07-02,0,9,SN2025,T2,SN2025,31.000,Produksjon av møbler,5,23.420|31.010|31.020|31.030|31.090,Produksjon av sanitærutstyr av keramisk materiale | Produksjon av kontor- og butikkmøbler | Produksjon av kjøkkenmøbler | Produksjon av madrasser | Produksjon av møbler ellers,korrespondanse 1:n,23|31,false,false,false,
Engroshandel med frukt og grønnsaker,false,,9,2023-11-08,2026-02-23,7,2,begge,T1,SN2007,46.310,Engroshandel med frukt og grønnsaker,5,46.310,Engroshandel med frukt og grønnsaker,direkte SN2007,46,false,false,false,
Detaljhandel med bredt vareutvalg ellers,false,,9,2025-11-03,2026-08-17,0,9,SN2025,T2,SN2025,47.120,Detaljhandel med bredt vareutvalg ellers,5,47.190|47.820|47.890|47.911|47.990,"Butikkhandel med bredt vareutvalg ellers | Torghandel med tekstiler, klær, skotøy og utstyrsvarer | Torghandel med andre varer | Postordre-/Internetthandel med bredt vareutvalg | Detaljhandel utenom utsalgssted ellers",korrespondanse 1:n,47,false,false,false,
Engroshandel med vin og brennevin,false,,9,2023-05-23,2025-03-11,9,0,SN2007,T1,SN2007,46.341,Engroshandel med vin og brennevin,5,46.341,Engroshandel med vin og brennevin,direkte SN2007,46,false,false,false,
Interiørdesignvirksomhet,false,,9,2025-09-04,2026-08-11,0,9,SN2025,T2,SN2025,74.130,Interiørdesignvirksomhet,5,74.103,"Interiørarkitekt-, interiørdesign- og interiørkonsulentvirksomhet",korrespondanse 1:1,74,false,false,false,
Selvstendig kunstnerisk virksomhet innen litteratur,false,,9,2023-10-06,2025-02-10,9,0,SN2007,T1,SN2007,90.034,Selvstendig kunstnerisk virksomhet innen litteratur,5,90.034,Selvstendig kunstnerisk virksomhet innen litteratur,direkte SN2007,90,false,false,false,
"Spesialisert legetjeneste, unntatt psykiatrisk legetjeneste",false,,9,2022-07-13,2024-07-03,9,0,SN2007,T1,SN2007,86.221,"Spesialisert legetjeneste, unntatt psykiatrisk legetjeneste",5,86.221,"Spesialisert legetjeneste, unntatt psykiatrisk legetjeneste",direkte SN2007,86,false,false,false,
Annen forebyggende helsetjeneste,false,,9,2023-06-07,2025-07-31,9,0,SN2007,T1,SN2007,86.904,Annen forebyggende helsetjeneste,5,86.904,Annen forebyggende helsetjeneste,direkte SN2007,86,false,false,false,
Treningssentervirksomhet,false,,9,2025-10-08,2026-08-14,0,9,SN2025,T2,SN2025,93.130,Treningssentervirksomhet,5,85.510|93.130,Undervisning innen idrett og rekreasjon | Treningssentre,korrespondanse 1:n,85|93,false,false,false,
Butikkhandel med helsekost,false,,8,2023-05-22,2025-07-04,8,0,SN2007,T1,SN2007,47.291,Butikkhandel med helsekost,5,47.291,Butikkhandel med helsekost,direkte SN2007,47,false,false,false,
"Engroshandel med datamaskiner, tilleggsutstyr til datamaskin",false,,8,2023-05-12,2025-05-05,8,0,SN2007,T1,SN2007,46.510,"Engroshandel med datamaskiner, tilleggsutstyr til datamaskiner samt programvare",5,46.510,"Engroshandel med datamaskiner, tilleggsutstyr til datamaskiner samt programvare",direkte SN2007,46,false,false,false,
Detaljhandel med kosmetikk og toalettartikler,false,,8,2025-09-23,2026-04-24,0,8,SN2025,T2,SN2025,47.750,Detaljhandel med kosmetikk og toalettartikler,5,47.750|47.890|47.919|47.990,Butikkhandel med kosmetikk og toalettartikler | Torghandel med andre varer | Postordre-/Internetthandel med annet spesialisert vareutvalg | Detaljhandel utenom utsalgssted ellers,korrespondanse 1:n,47,false,false,false,
Postordre-/Internetthandel med elektriske husholdningsappara,false,,8,2022-09-06,2025-05-26,8,0,SN2007,T1,SN2007,47.914,"Postordre-/Internetthandel med elektriske husholdningsapparater, radio, fjernsyn, plater, kassetter og musikkinstrumenter",5,47.914,"Postordre-/Internetthandel med elektriske husholdningsapparater, radio, fjernsyn, plater, kassetter og musikkinstrumenter",direkte SN2007,47,false,false,false,
Produksjon av matfisk og skalldyr i hav- og kystbasert fiske,false,,8,2023-05-16,2025-03-28,8,0,SN2007,T6,SN2007,03.211,(manuelt tilordnet),5,03.211,(manuelt tilordnet),direkte SN2007,03,false,false,false,"Avkortet ved 60 tegn; tilsvarer 03.211 «Produksjon av matfisk, bløtdyr, krepsdyr og pigghuder i hav- og kystbasert akvakultur»."
Detaljhandel med nærings- og nytelsesmidler ellers,false,,8,2025-09-26,2026-06-18,0,8,SN2025,T2,SN2025,47.270,Detaljhandel med nærings- og nytelsesmidler ellers,5,47.291|47.292|47.299|47.810|47.917|47.919|47.990,"Butikkhandel med helsekost | Butikkhandel med kaffe og te | Butikkhandel med nærings- og nytelsesmidler ikke nevnt annet sted | Torghandel med næringsmidler, drikkevarer og tobakksvarer | Postordre-/Internetthandel med helsekost | Postordre-/Internetthandel med annet spesialisert vareutvalg | Detaljhandel utenom utsalgssted ellers",korrespondanse 1:n,47,false,false,false,
Spedisjon,false,,8,2021-05-27,2024-12-16,8,0,SN2007,T1,SN2007,52.291,Spedisjon,5,52.291,Spedisjon,direkte SN2007,52,false,false,false,
Detaljhandel med tekstiler og utstyrsvarer,false,,8,2025-09-03,2026-03-19,0,8,SN2025,T2,SN2025,47.510,Detaljhandel med tekstiler og utstyrsvarer,5,47.510|47.820|47.912|47.990,"Butikkhandel med tekstiler og utstyrsvarer | Torghandel med tekstiler, klær, skotøy og utstyrsvarer | Postordre-/Internetthandel med tekstiler, utstyrsvarer, klær, skotøy, reiseeffekter og lærvarer | Detaljhandel utenom utsalgssted ellers",korrespondanse 1:n,47,false,false,false,
Teknisk prøving og analyse,false,,8,2023-03-31,2026-08-20,6,2,begge,T1,SN2007,71.200,Teknisk prøving og analyse,5,71.200,Teknisk prøving og analyse,direkte SN2007,71,false,false,false,
Engroshandel med drikkevarer,false,,8,2025-09-18,2026-08-10,0,8,SN2025,T2,SN2025,46.340,Engroshandel med drikkevarer,5,46.341|46.349,Engroshandel med vin og brennevin | Engroshandel med drikkevarer ellers,korrespondanse 1:n,46,false,false,false,
Kabelbasert telekommunikasjon,false,,8,2023-06-23,2025-08-08,8,0,SN2007,T1,SN2007,61.100,Kabelbasert telekommunikasjon,5,61.100,Kabelbasert telekommunikasjon,direkte SN2007,61,false,false,false,
Engroshandel med sykepleie- og apotekvarer,false,,8,2022-06-08,2025-07-09,8,0,SN2007,T1,SN2007,46.460,Engroshandel med sykepleie- og apotekvarer,5,46.460,Engroshandel med sykepleie- og apotekvarer,direkte SN2007,46,false,false,false,
Butikkhandel med kosmetikk og toalettartikler,false,,8,2019-10-21,2025-08-29,8,0,SN2007,T1,SN2007,47.750,Butikkhandel med kosmetikk og toalettartikler,5,47.750,Butikkhandel med kosmetikk og toalettartikler,direkte SN2007,47,false,false,false,
Utenriks sjøfart med gods,false,,8,2023-05-25,2026-05-12,6,2,begge,T1,SN2007,50.201,Utenriks sjøfart med gods,5,50.201,Utenriks sjøfart med gods,direkte SN2007,50,false,false,false,
Reisearrangørvirksomhet,false,,8,2022-10-10,2025-06-13,8,0,SN2007,T1,SN2007,79.120,Reisearrangørvirksomhet,5,79.120,Reisearrangørvirksomhet,direkte SN2007,79,false,false,false,
Bygging av vann- og kloakkanlegg,false,,8,2021-02-05,2026-03-04,6,2,begge,T1,SN2007,42.210,Bygging av vann- og kloakkanlegg,5,42.210,Bygging av vann- og kloakkanlegg,direkte SN2007,42,true,true,false,
Andre sportsaktiviteter,false,,8,2023-05-23,2025-08-25,8,0,SN2007,T1,SN2007,93.190,Andre sportsaktiviteter,5,93.190,Andre sportsaktiviteter,direkte SN2007,93,false,false,false,
Engroshandel med maskiner og utstyr til kraftproduksjon og i,false,,8,2023-05-11,2025-05-28,8,0,SN2007,T1,SN2007,46.691,Engroshandel med maskiner og utstyr til kraftproduksjon og installasjon,5,46.691,Engroshandel med maskiner og utstyr til kraftproduksjon og installasjon,direkte SN2007,46,false,false,false,
Eiendomsmegling og andre formidlingstjenester for eiendom,false,,8,2025-10-13,2026-07-01,0,8,SN2025,T2,SN2025,68.310,Eiendomsmegling og andre formidlingstjenester for eiendom,5,68.310,Eiendomsmegling,korrespondanse 1:1,68,false,false,false,
"Agenturhandel med tekstiler, klær, pelsskinn, skotøy og lærv",false,,8,2022-12-06,2026-06-16,7,1,begge,T1,SN2007,46.160,"Agenturhandel med tekstiler, klær, pelsskinn, skotøy og lærvarer",5,46.160,"Agenturhandel med tekstiler, klær, pelsskinn, skotøy og lærvarer",direkte SN2007,46,false,false,false,
Regnskapsføring og bokføring,false,,8,2025-10-16,2026-07-06,0,8,SN2025,T2,SN2025,69.202,Regnskapsføring og bokføring,5,69.201,Regnskap og bokføring,korrespondanse 1:1,69,false,false,false,
Reparasjon av kommunikasjonsutstyr,false,,8,2022-10-27,2025-07-02,8,0,SN2007,T1,SN2007,95.120,Reparasjon av kommunikasjonsutstyr,5,95.120,Reparasjon av kommunikasjonsutstyr,direkte SN2007,95,false,false,false,
Detaljhandel med brukte varer,false,,7,2025-09-01,2026-06-26,0,7,SN2025,T2,SN2025,47.790,Detaljhandel med brukte varer,5,47.791|47.792|47.799|47.820|47.890|47.911|47.912|47.913|47.914|47.915|47.916|47.919|47.990,"Butikkhandel med antikviteter | Butikkhandel med brukte klær | Butikkhandel med brukte varer ellers | Torghandel med tekstiler, klær, skotøy og utstyrsvarer | Torghandel med andre varer | Postordre-/Internetthandel med bredt vareutvalg | Postordre-/Internetthandel med tekstiler, utstyrsvarer, klær, skotøy, reiseeffekter og lærvarer | Postordre-/Internetthandel med belysningsutstyr, kjøkkenutstyr, møbler og innredningsartikler | Postordre-/Internetthandel med elektriske husholdningsapparater, radio, fjernsyn, plater, kassetter og musikkinstrumenter | Postordre-/internetthandel med bøker, papir, aviser og blader | Postordre-/Internetthandel med IKT-utstyr | Postordre-/Internetthandel med annet spesialisert vareutvalg | Detaljhandel utenom utsalgssted ellers",korrespondanse 1:n,47,false,false,false,
Andre tjenester tilknyttet utvinning av råolje og naturgass,false,,7,2022-03-25,2025-11-28,5,2,begge,T1,SN2007,09.109,Andre tjenester tilknyttet utvinning av råolje og naturgass,5,09.109,Andre tjenester tilknyttet utvinning av råolje og naturgass,direkte SN2007,09,false,false,false,
Agenturhandel med bredt vareutvalg,false,,7,2023-05-26,2026-06-25,3,4,begge,T1,SN2007,46.190,Agenturhandel med bredt vareutvalg,5,46.190,Agenturhandel med bredt vareutvalg,direkte SN2007,46,false,false,false,
Butikkhandel med datamaskiner og utstyr til datamaskiner,false,,7,2022-06-30,2025-05-23,7,0,SN2007,T1,SN2007,47.410,Butikkhandel med datamaskiner og utstyr til datamaskiner,5,47.410,Butikkhandel med datamaskiner og utstyr til datamaskiner,direkte SN2007,47,false,false,false,
Forskning og utviklingsarbeid innen bioteknologi,false,,7,2023-02-16,2025-04-22,7,0,SN2007,T1,SN2007,72.110,Forskning og utviklingsarbeid innen bioteknologi,5,72.110,Forskning og utviklingsarbeid innen bioteknologi,direkte SN2007,72,false,false,false,
Klinisk psykologtjeneste,false,,7,2023-06-14,2025-07-29,7,0,SN2007,T1,SN2007,86.905,Klinisk psykologtjeneste,5,86.905,Klinisk psykologtjeneste,direkte SN2007,86,false,false,false,
Fjernsynskringkasting,false,,7,2022-05-13,2024-08-05,7,0,SN2007,T1,SN2007,60.200,Fjernsynskringkasting,5,60.200,Fjernsynskringkasting,direkte SN2007,60,false,false,false,
PR og kommunikasjonstjenester,false,,7,2021-11-23,2025-05-12,7,0,SN2007,T1,SN2007,70.210,PR og kommunikasjonstjenester,5,70.210,PR og kommunikasjonstjenester,direkte SN2007,70,false,false,false,
Oversettelses- og tolkevirksomhet,false,,7,2023-10-30,2025-10-29,6,1,begge,T1,SN2007,74.300,Oversettelses- og tolkevirksomhet,5,74.300,Oversettelses- og tolkevirksomhet,direkte SN2007,74,false,false,false,
"Kongress-, messe- og utstillingsvirksomhet",false,,7,2022-02-18,2026-05-07,6,1,begge,T1,SN2007,82.300,"Kongress-, messe- og utstillingsvirksomhet",5,82.300,"Kongress-, messe- og utstillingsvirksomhet",direkte SN2007,82,false,false,false,
Detaljhandel med kjæledyr og varer til kjæledyr,false,,7,2025-09-17,2026-06-10,0,7,SN2025,T2,SN2025,47.762,Detaljhandel med kjæledyr og varer til kjæledyr,5,47.762|47.890|47.919|47.990,Butikkhandel med kjæledyr og fôrvarer til kjæledyr | Torghandel med andre varer | Postordre-/Internetthandel med annet spesialisert vareutvalg | Detaljhandel utenom utsalgssted ellers,korrespondanse 1:n,47,false,false,false,
Engroshandel med klær og skotøy,false,,7,2025-10-22,2026-08-11,0,7,SN2025,T2,SN2025,46.420,Engroshandel med klær og skotøy,5,46.421|46.422,Engroshandel med klær | Engroshandel med skotøy,korrespondanse 1:n,46,false,false,false,
Engroshandel med kontormøbler,false,,7,2023-05-31,2025-05-30,7,0,SN2007,T1,SN2007,46.650,Engroshandel med kontormøbler,5,46.650,Engroshandel med kontormøbler,direkte SN2007,46,false,false,false,
Annen virksomhet for distribuering av innhold,false,,7,2025-09-16,2026-06-26,0,7,SN2025,T2,SN2025,60.390,Annen virksomhet for distribuering av innhold,5,47.915|47.916|63.110|63.120,"Postordre-/internetthandel med bøker, papir, aviser og blader | Postordre-/Internetthandel med IKT-utstyr | Databehandling, datalagring og tilknyttede tjenester | Drift av web-portaler",korrespondanse 1:n,47|63,false,false,false,
"Datainfrastruktur, -behandling, -lagring og tilknyttede tjen",false,,7,2025-10-21,2026-08-07,0,7,SN2025,T2,SN2025,63.100,"Datainfrastruktur, -behandling, -lagring og tilknyttede tjenester",5,52.100|63.110,"Lagring | Databehandling, datalagring og tilknyttede tjenester",korrespondanse 1:n,52|63,false,false,false,
Reisebyråvirksomhet,false,,7,2020-12-08,2025-06-27,7,0,SN2007,T1,SN2007,79.110,Reisebyråvirksomhet,5,79.110,Reisebyråvirksomhet,direkte SN2007,79,false,false,false,
Innsamling av ikke-farlig avfall,false,,7,2020-06-23,2025-11-12,6,1,begge,T1,SN2007,38.110,Innsamling av ikke-farlig avfall,5,38.110,Innsamling av ikke-farlig avfall,direkte SN2007,38,false,false,false,
Produksjon av annet yttertøy,false,,6,2023-09-13,2025-02-26,6,0,SN2007,T1,SN2007,14.130,Produksjon av annet yttertøy,5,14.130,Produksjon av annet yttertøy,direkte SN2007,14,false,false,false,
Murerarbeid,false,,6,2025-12-19,2026-08-18,0,6,SN2025,T2,SN2025,43.910,Murerarbeid,5,43.990,Annen spesialisert bygge- og anleggsvirksomhet,korrespondanse 1:1,43,true,true,false,
Utleie og leasing av sjøtransportmateriell,false,,6,2024-04-25,2025-07-09,6,0,SN2007,T1,SN2007,77.340,Utleie og leasing av sjøtransportmateriell,5,77.340,Utleie og leasing av sjøtransportmateriell,direkte SN2007,77,false,false,false,
Produksjon av batterier og akkumulatorer,false,,6,2024-04-11,2026-05-07,3,3,begge,T1,SN2007,27.200,Produksjon av batterier og akkumulatorer,5,27.200,Produksjon av batterier og akkumulatorer,direkte SN2007,27,false,false,false,
Butikkhandel med kjøtt og kjøttvarer,false,,6,2022-03-17,2025-05-14,6,0,SN2007,T1,SN2007,47.220,Butikkhandel med kjøtt og kjøttvarer,5,47.220,Butikkhandel med kjøtt og kjøttvarer,direkte SN2007,47,false,false,false,
Detaljhandel med kulturvarer ikke nevnt annet sted,false,,6,2026-02-24,2026-08-12,0,6,SN2025,T2,SN2025,47.690,Detaljhandel med kulturvarer ikke nevnt annet sted,5,47.594|47.630|47.789|47.890|47.914|47.919|47.990,"Butikkhandel med musikkinstrumenter og noter | Butikkhandel med innspillinger av musikk og video | Butikkhandel ikke nevnt annet sted | Torghandel med andre varer | Postordre-/Internetthandel med elektriske husholdningsapparater, radio, fjernsyn, plater, kassetter og musikkinstrumenter | Postordre-/Internetthandel med annet spesialisert vareutvalg | Detaljhandel utenom utsalgssted ellers",korrespondanse 1:n,47,false,false,false,
Bearbeiding og konservering av kjøtt,false,,6,2022-01-14,2025-08-05,6,0,SN2007,T1,SN2007,10.110,Bearbeiding og konservering av kjøtt,5,10.110,Bearbeiding og konservering av kjøtt,direkte SN2007,10,false,false,false,
Produksjon av sportsartikler,false,,6,2024-10-22,2026-06-18,2,4,begge,T1,SN2007,32.300,Produksjon av sportsartikler,5,32.300,Produksjon av sportsartikler,direkte SN2007,32,false,false,false,
"Produksjon av andre tekstilvarer, unntatt klær",false,,6,2023-01-02,2025-01-20,6,0,SN2007,T1,SN2007,13.929,"Produksjon av andre tekstilvarer, unntatt klær",5,13.929,"Produksjon av andre tekstilvarer, unntatt klær",direkte SN2007,13,false,false,false,
Sortering og bearbeiding av avfall for materialgjenvinning,false,,6,2022-09-14,2024-09-24,6,0,SN2007,T1,SN2007,38.320,Sortering og bearbeiding av avfall for materialgjenvinning,5,38.320,Sortering og bearbeiding av avfall for materialgjenvinning,direkte SN2007,38,false,false,false,
Engroshandel med andre næringsmidler,false,,6,2025-12-16,2026-07-31,0,6,SN2025,T2,SN2025,46.380,Engroshandel med andre næringsmidler,5,46.389,Engroshandel med spesialisert utvalg av nærings- og nytelsesmidler ikke nevnt annet sted,korrespondanse 1:1,46,false,false,false,
Trafikkskoleundervisning,false,,6,2022-10-07,2025-08-14,6,0,SN2007,T1,SN2007,85.530,Trafikkskoleundervisning,5,85.530,Trafikkskoleundervisning,direkte SN2007,85,false,false,false,
Detaljhandel med spill og leker,false,,6,2025-10-14,2026-07-16,0,6,SN2025,T2,SN2025,47.640,Detaljhandel med spill og leker,5,47.650|47.890|47.919|47.990,Butikkhandel med spill og leker | Torghandel med andre varer | Postordre-/Internetthandel med annet spesialisert vareutvalg | Detaljhandel utenom utsalgssted ellers,korrespondanse 1:n,47,false,false,false,
Engroshandel med elektriske husholdningsapparater og -maskin,false,,6,2020-10-26,2025-06-06,6,0,SN2007,T1,SN2007,46.431,Engroshandel med elektriske husholdningsapparater og -maskiner,5,46.431,Engroshandel med elektriske husholdningsapparater og -maskiner,direkte SN2007,46,false,false,false,
Geologiske undersøkelser,false,,6,2024-09-04,2025-07-25,6,0,SN2007,T1,SN2007,71.122,Geologiske undersøkelser,5,71.122,Geologiske undersøkelser,direkte SN2007,71,false,false,false,
Fritidsvirksomhet ellers,false,,6,2023-07-05,2026-07-23,1,5,begge,T1,SN2007,93.299,Fritidsvirksomhet ellers,5,93.299,Fritidsvirksomhet ellers,direkte SN2007,93,false,false,false,
"Aktiviteter i dagspa, badstue og dampbad",false,,6,2025-10-14,2026-05-13,0,6,SN2025,T2,SN2025,96.230,"Aktiviteter i dagspa, badstue og dampbad",5,96.040,Virksomhet knyttet til kroppspleie og fysisk velvære,korrespondanse 1:1,96,false,false,false,
Kantiner drevet som selvstendig virksomhet,false,,6,2023-08-16,2025-04-24,6,0,SN2007,T1,SN2007,56.290,Kantiner drevet som selvstendig virksomhet,5,56.290,Kantiner drevet som selvstendig virksomhet,direkte SN2007,56,false,false,false,
Skogskjøtsel og andre skogbruksaktiviteter,false,,6,2023-07-24,2026-05-19,4,2,begge,T1,SN2007,02.100,Skogskjøtsel og andre skogbruksaktiviteter,5,02.100,Skogskjøtsel og andre skogbruksaktiviteter,direkte SN2007,02,false,false,false,
Reparasjon av andre husholdningsvarer og varer til personlig,false,,6,2023-04-19,2025-06-06,6,0,SN2007,T1,SN2007,95.290,Reparasjon av andre husholdningsvarer og varer til personlig bruk,5,95.290,Reparasjon av andre husholdningsvarer og varer til personlig bruk,direkte SN2007,95,false,false,false,
Telekommunikasjon ellers,false,,6,2023-12-12,2025-01-10,6,0,SN2007,T1,SN2007,61.900,Telekommunikasjon ellers,5,61.900,Telekommunikasjon ellers,direkte SN2007,61,false,false,false,
"Leasing av immateriell eiendom og lignende produkter, unntat",false,,6,2024-08-16,2026-06-16,3,3,begge,T1,SN2007,77.400,"Leasing av immateriell eiendom og lignende produkter, unntatt opphavsrettsbeskyttede verker",5,77.400,"Leasing av immateriell eiendom og lignende produkter, unntatt opphavsrettsbeskyttede verker",direkte SN2007,77,false,false,false,
Undervisning innenfor idrett og rekreasjon,false,,6,2025-09-22,2026-08-17,0,6,SN2025,T2,SN2025,85.510,Undervisning innenfor idrett og rekreasjon,5,85.510,Undervisning innen idrett og rekreasjon,korrespondanse 1:1,85,false,false,false,
Handel med elektrisitet,false,,6,2023-05-30,2026-08-24,4,2,begge,T1,SN2007,35.140,Handel med elektrisitet,5,35.140,Handel med elektrisitet,direkte SN2007,35,false,false,false,
"Engroshandel med husholdnings-, kontor- og butikkmøbler, gul",false,,6,2025-09-16,2026-07-27,0,6,SN2025,T2,SN2025,46.470,"Engroshandel med husholdnings-, kontor- og butikkmøbler, gulvtepper og belysningsutstyr",5,46.471|46.472|46.473|46.650,Engroshandel med møbler | Engroshandel med gulvtepper | Engroshandel med belysningsutstyr | Engroshandel med kontormøbler,korrespondanse 1:n,46,false,false,false,
"Agentur- og engroshandel med biler og lette motorvogner, unn",false,,6,2022-10-05,2025-06-11,6,0,SN2007,T1,SN2007,45.111,"Agentur- og engroshandel med biler og lette motorvogner, unntatt motorsykler",5,45.111,"Agentur- og engroshandel med biler og lette motorvogner, unntatt motorsykler",direkte SN2007,45,false,false,false,
"Saging, høvling og impregnering av tre",false,,6,2023-05-16,2025-01-28,6,0,SN2007,T1,SN2007,16.100,"Saging, høvling og impregnering av tre",5,16.100,"Saging, høvling og impregnering av tre",direkte SN2007,16,false,false,false,
Forsikringsformidling,false,,6,2022-05-18,2025-01-21,6,0,SN2007,T1,SN2007,66.220,Forsikringsformidling,5,66.220,Forsikringsformidling,direkte SN2007,66,false,false,false,
Pr og kommunikasjonstjenester,false,,6,2025-10-24,2026-08-20,0,6,SN2025,T5,SN2025,73.300,PR og kommunikasjonstjenester,5,70.210,PR og kommunikasjonstjenester,korrespondanse 1:1,70,false,false,false,
"Agentur- og engroshandel med andre motorvogner, unntatt moto",false,,5,2024-07-03,2025-06-25,5,0,SN2007,T1,SN2007,45.191,"Agentur- og engroshandel med andre motorvogner, unntatt motorsykler",5,45.191,"Agentur- og engroshandel med andre motorvogner, unntatt motorsykler",direkte SN2007,45,false,false,false,
"Aktiviteter innenfor tradisjonell, komplementær og alternati",false,,5,2026-01-22,2026-08-05,0,5,SN2025,T2,SN2025,86.960,"Aktiviteter innenfor tradisjonell, komplementær og alternativ medisin",5,86.909,Andre helsetjenester,korrespondanse 1:1,86,false,false,false,
Allmenn legetjeneste,false,,5,2024-03-11,2025-07-14,5,0,SN2007,T1,SN2007,86.211,Allmenn legetjeneste,5,86.211,Allmenn legetjeneste,direkte SN2007,86,false,false,false,
Andre personlige tjenester ikke nevnt annet sted,false,,5,2025-09-15,2026-06-30,0,5,SN2025,T2,SN2025,96.990,Andre personlige tjenester ikke nevnt annet sted,5,96.090,Personlig tjenesteyting ikke nevnt annet sted,korrespondanse 1:1,96,false,false,false,
Andre tjenester tilknyttet finansieringsvirksomhet,false,,5,2023-03-16,2024-10-18,5,0,SN2007,T1,SN2007,66.190,Andre tjenester tilknyttet finansieringsvirksomhet,5,66.190,Andre tjenester tilknyttet finansieringsvirksomhet,direkte SN2007,66,false,false,false,
Andre tjenester tilknyttet forsikringsvirksomhet og pensjons,false,,5,2020-03-12,2024-03-04,5,0,SN2007,T1,SN2007,66.290,Andre tjenester tilknyttet forsikringsvirksomhet og pensjonskasser,5,66.290,Andre tjenester tilknyttet forsikringsvirksomhet og pensjonskasser,direkte SN2007,66,false,false,false,
Andre tjenester tilknyttet informasjonsteknologi,false,,5,2023-02-07,2026-05-06,4,1,begge,T1,SN2007,62.090,Andre tjenester tilknyttet informasjonsteknologi,5,62.090,Andre tjenester tilknyttet informasjonsteknologi,direkte SN2007,62,false,false,false,
Butikkhandel med brukte klær,false,,5,2022-12-30,2025-07-15,5,0,SN2007,T1,SN2007,47.792,Butikkhandel med brukte klær,5,47.792,Butikkhandel med brukte klær,direkte SN2007,47,false,false,false,
Butikkhandel med sukkervarer,false,,5,2023-10-02,2025-01-24,5,0,SN2007,T1,SN2007,47.242,Butikkhandel med sukkervarer,5,47.242,Butikkhandel med sukkervarer,direkte SN2007,47,false,false,false,
Bygging av skip og skrog over 100 br.tonn,false,,5,2020-07-06,2025-03-03,5,0,SN2007,T1,SN2007,30.111,Bygging av skip og skrog over 100 br.tonn,5,30.111,Bygging av skip og skrog over 100 br.tonn,direkte SN2007,30,false,false,false,
Detaljhandel med elektriske husholdningsapparater,false,,5,2025-11-24,2026-07-03,0,5,SN2025,T2,SN2025,47.540,Detaljhandel med elektriske husholdningsapparater,5,47.540|47.890|47.914|47.990,"Butikkhandel med elektriske husholdningsapparater | Torghandel med andre varer | Postordre-/Internetthandel med elektriske husholdningsapparater, radio, fjernsyn, plater, kassetter og musikkinstrumenter | Detaljhandel utenom utsalgssted ellers",korrespondanse 1:n,47,false,false,false,
"Detaljhandel med motorsykler, deler og utstyr",false,,5,2023-06-02,2025-06-25,5,0,SN2007,T1,SN2007,45.402,"Detaljhandel med motorsykler, deler og utstyr",5,45.402,"Detaljhandel med motorsykler, deler og utstyr",direkte SN2007,45,false,false,false,
Drift av taxisentraler og annen formidling av persontranspor,false,,5,2024-06-03,2025-08-05,5,0,SN2007,T1,SN2007,52.214,Drift av taxisentraler og annen formidling av persontransport,5,52.214,Drift av taxisentraler og annen formidling av persontransport,direkte SN2007,52,false,false,false,
Dyrking av ettårige vekster ellers,false,,5,2024-02-26,2026-02-25,3,2,begge,T1,SN2007,01.190,Dyrking av ettårige vekster ellers,5,01.190,Dyrking av ettårige vekster ellers,direkte SN2007,01,false,false,false,
Engroshandel med apotekvarer og medisinske varer,false,,5,2025-10-10,2026-08-14,0,5,SN2025,T2,SN2025,46.460,Engroshandel med apotekvarer og medisinske varer,5,46.460,Engroshandel med sykepleie- og apotekvarer,korrespondanse 1:1,46,false,false,false,
Engroshandel med innsatsvarer ikke nevnt annet sted,false,,5,2023-07-05,2025-03-21,5,0,SN2007,T1,SN2007,46.769,Engroshandel med innsatsvarer ikke nevnt annet sted,5,46.769,Engroshandel med innsatsvarer ikke nevnt annet sted,direkte SN2007,46,false,false,false,
"Engroshandel med meierivarer, egg, matolje og -fett",false,,5,2022-08-30,2024-11-19,5,0,SN2007,T1,SN2007,46.330,"Engroshandel med meierivarer, egg, matolje og -fett",5,46.330,"Engroshandel med meierivarer, egg, matolje og -fett",direkte SN2007,46,false,false,false,
Engroshandel med rengjøringsmidler,false,,5,2023-06-21,2025-02-25,5,0,SN2007,T1,SN2007,46.442,Engroshandel med rengjøringsmidler,5,46.442,Engroshandel med rengjøringsmidler,direkte SN2007,46,false,false,false,
Forvaltning og drift av IT-systemer,false,,5,2023-05-15,2025-03-11,5,0,SN2007,T1,SN2007,62.030,Forvaltning og drift av IT-systemer,5,62.030,Forvaltning og drift av IT-systemer,direkte SN2007,62,false,false,false,
Hogging og bearbeiding av monument- og bygningsstein,false,,5,2023-04-03,2026-02-02,2,3,begge,T1,SN2007,23.700,Hogging og bearbeiding av monument- og bygningsstein,5,23.700,Hogging og bearbeiding av monument- og bygningsstein,direkte SN2007,23,false,false,false,
Impresariovirksomhet,false,,5,2022-11-30,2024-07-09,5,0,SN2007,T1,SN2007,74.903,Impresariovirksomhet,5,74.903,Impresariovirksomhet,direkte SN2007,74,false,false,false,
Innenriks sjøfart med gods,false,,5,2023-04-17,2026-07-31,1,4,begge,T1,SN2007,50.202,Innenriks sjøfart med gods,5,50.202,Innenriks sjøfart med gods,direkte SN2007,50,false,false,false,
Innrednings- og installasjonsarbeid utført på skip over 100,false,,5,2021-07-26,2024-09-04,5,0,SN2007,T1,SN2007,30.115,Innrednings- og installasjonsarbeid utført på skip over 100 br.tonn,5,30.115,Innrednings- og installasjonsarbeid utført på skip over 100 br.tonn,direkte SN2007,30,false,false,false,
"Kabelbasert, satellittbasert og trådløs telekommunikasjon",false,,5,2026-01-09,2026-07-24,0,5,SN2025,T2,SN2025,61.100,"Kabelbasert, satellittbasert og trådløs telekommunikasjon",5,61.100|61.200|61.300,Kabelbasert telekommunikasjon | Trådløs telekommunikasjon | Satellittbasert telekommunikasjon,korrespondanse 1:n,61,false,false,false,
"Miljørydding, miljørensing og lignende virksomhet",false,,5,2022-04-07,2024-04-05,5,0,SN2007,T1,SN2007,39.000,"Miljørydding, miljørensing og lignende virksomhet",5,39.000,"Miljørydding, miljørensing og lignende virksomhet",direkte SN2007,39,false,false,false,
Passasjertransport utenom rutetabell,false,,5,2025-11-04,2026-07-01,0,5,SN2025,T2,SN2025,49.320,Passasjertransport utenom rutetabell,5,49.392,Turbiltransport,korrespondanse 1:1,49,false,false,false,
Produksjon av andre bygningsartikler,false,,5,2025-09-22,2026-07-09,0,5,SN2025,T2,SN2025,16.230,Produksjon av andre bygningsartikler,5,16.231|16.232,Produksjon av monteringsferdige hus | Produksjon av bygningsartikler,korrespondanse 1:n,16,false,false,false,
Produksjon av annet elektrisk utstyr,false,,5,2024-07-05,2026-01-30,4,1,begge,T1,SN2007,27.900,Produksjon av annet elektrisk utstyr,5,27.900,Produksjon av annet elektrisk utstyr,direkte SN2007,27,false,false,false,
Produksjon av dører og vinduer av metall,false,,5,2024-04-04,2025-10-16,3,2,begge,T1,SN2007,25.120,Produksjon av dører og vinduer av metall,5,25.120,Produksjon av dører og vinduer av metall,direkte SN2007,25,false,false,false,
Produksjon av ferdigmat,false,,5,2023-10-06,2026-02-03,4,1,begge,T1,SN2007,10.850,Produksjon av ferdigmat,5,10.850,Produksjon av ferdigmat,direkte SN2007,10,false,false,false,
Produksjon av maskiner og utstyr til nærings- og nytelsesmid,false,,5,2022-09-06,2025-04-03,5,0,SN2007,T1,SN2007,28.930,Produksjon av maskiner og utstyr til nærings- og nytelsesmiddelindustri,5,28.930,Produksjon av maskiner og utstyr til nærings- og nytelsesmiddelindustri,direkte SN2007,28,false,false,false,
Produksjon av meierivarer,false,,5,2020-07-02,2025-09-02,4,1,begge,T1,SN2007,10.510,Produksjon av meierivarer,5,10.510,Produksjon av meierivarer,direkte SN2007,10,false,false,false,
"Spesialiserte legetjenester, unntatt psykiatriske legetjenes",false,,5,2025-09-18,2026-06-30,0,5,SN2025,T2,SN2025,86.221,"Spesialiserte legetjenester, unntatt psykiatriske legetjenester",5,86.212|86.221,"Somatiske poliklinikker | Spesialisert legetjeneste, unntatt psykiatrisk legetjeneste",korrespondanse 1:n,86,false,false,false,
Tannlegetjenester,false,,5,2025-09-10,2026-05-11,0,5,SN2025,T2,SN2025,86.230,Tannlegetjenester,5,86.230,Tannhelsetjenester,korrespondanse 1:1,86,false,false,false,
"Tjenester tilknyttet fiske, fangst og akvakultur",false,,5,2025-10-22,2026-06-30,0,5,SN2025,T2,SN2025,03.300,"Tjenester tilknyttet fiske, fangst og akvakultur",5,03.111|03.120|03.213|03.223|33.110,Hav- og kystfiske | Ferskvannsfiske | Tjenester tilknyttet hav- og kystbasert akvakultur | Tjenester tilknyttet ferskvannsbasert akvakultur | Reparasjon av bearbeidede metallprodukter,korrespondanse 1:n,03|33,false,false,false,
Tjenester tilknyttet husdyrhold,false,,5,2024-01-05,2026-01-30,3,2,begge,T1,SN2007,01.620,Tjenester tilknyttet husdyrhold,5,01.620,Tjenester tilknyttet husdyrhold,direkte SN2007,01,false,false,false,
Utgivelse av aviser,false,,5,2022-07-05,2026-03-25,4,1,begge,T1,SN2007,58.130,Utgivelse av aviser,5,58.130,Utgivelse av aviser,direkte SN2007,58,false,false,false,
Utgivelse av blader og tidsskrifter,false,,5,2023-05-19,2026-06-03,4,1,begge,T1,SN2007,58.140,Utgivelse av blader og tidsskrifter,5,58.140,Utgivelse av blader og tidsskrifter,direkte SN2007,58,false,false,false,
"Utvinning fra grus- og sandtak, og utvinning av leire og kao",false,,5,2023-05-03,2025-10-14,4,1,begge,T1,SN2007,08.120,"Utvinning fra grus- og sandtak, og utvinning av leire og kaolin",5,08.120,"Utvinning fra grus- og sandtak, og utvinning av leire og kaolin",direkte SN2007,08,false,false,false,
Veterinærtjenester,false,,5,2024-01-09,2025-09-15,4,1,begge,T1,SN2007,75.000,Veterinærtjenester,5,75.000,Veterinærtjenester,direkte SN2007,75,false,false,false,
Engroshandel med kjemiske produkter,false,,4,2023-01-03,2024-09-20,4,0,SN2007,T1,SN2007,46.750,Engroshandel med kjemiske produkter,5,46.750,Engroshandel med kjemiske produkter,direkte SN2007,46,false,false,false,
"Produksjon av måle-, kontroll- og navigasjonsinstrumenter",false,,4,2024-01-26,2025-08-12,4,0,SN2007,T1,SN2007,26.510,"Produksjon av måle-, kontroll- og navigasjonsinstrumenter",5,26.510,"Produksjon av måle-, kontroll- og navigasjonsinstrumenter",direkte SN2007,26,false,false,false,
"Etterarbeid knyttet til produksjon av film, video og fjernsy",false,,4,2023-08-21,2025-07-04,4,0,SN2007,T1,SN2007,59.120,"Etterarbeid knyttet til produksjon av film, video og fjernsynsprogrammer",5,59.120,"Etterarbeid knyttet til produksjon av film, video og fjernsynsprogrammer",direkte SN2007,59,false,false,false,
Engroshandel med informasjons- og kommunikasjonsteknologiuts,false,,4,2025-10-21,2026-06-26,0,4,SN2025,T2,SN2025,46.500,Engroshandel med informasjons- og kommunikasjonsteknologiutstyr,5,46.510|46.520|46.660,"Engroshandel med datamaskiner, tilleggsutstyr til datamaskiner samt programvare | Engroshandel med elektronikkutstyr og telekommunikasjonsutstyr samt deler | Engroshandel med maskiner og utstyr til kontor ellers",korrespondanse 1:n,46,false,false,false,
Utøvende kunstnere og underholdningsvirksomhet innen sceneku,false,,4,2023-06-09,2025-04-24,4,0,SN2007,T1,SN2007,90.012,Utøvende kunstnere og underholdningsvirksomhet innen scenekunst,5,90.012,Utøvende kunstnere og underholdningsvirksomhet innen scenekunst,direkte SN2007,90,false,false,false,
Undervisning i kunstfag,false,,4,2024-04-17,2025-07-10,4,0,SN2007,T1,SN2007,85.522,Undervisning i kunstfag,5,85.522,Undervisning i kunstfag,direkte SN2007,85,false,false,false,
Produksjon av løfte- og håndteringsutstyr til skip og båter,false,,4,2022-09-22,2023-08-18,4,0,SN2007,T1,SN2007,28.221,Produksjon av løfte- og håndteringsutstyr til skip og båter,5,28.221,Produksjon av løfte- og håndteringsutstyr til skip og båter,direkte SN2007,28,false,false,false,
Bygging av jernbaner og undergrunnsbaner,false,,4,2023-05-15,2026-06-24,2,2,begge,T1,SN2007,42.120,Bygging av jernbaner og undergrunnsbaner,5,42.120,Bygging av jernbaner og undergrunnsbaner,direkte SN2007,42,true,true,false,
Lagring,false,,4,2024-08-26,2026-04-30,1,3,begge,T1,SN2007,52.100,Lagring,5,52.100,Lagring,direkte SN2007,52,false,false,false,
Engroshandel med metaller og metallholdig malm,false,,4,2024-04-02,2026-02-23,3,1,begge,T1,SN2007,46.720,Engroshandel med metaller og metallholdig malm,5,46.720,Engroshandel med metaller og metallholdig malm,direkte SN2007,46,false,false,false,
Engroshandel med motorvogner,false,,4,2025-09-01,2026-06-16,0,4,SN2025,T2,SN2025,46.710,Engroshandel med motorvogner,5,45.111|45.191,"Agentur- og engroshandel med biler og lette motorvogner, unntatt motorsykler | Agentur- og engroshandel med andre motorvogner, unntatt motorsykler",korrespondanse 1:n,45,false,false,false,
Guider og reiseledere,false,,4,2023-10-11,2025-08-25,4,0,SN2007,T1,SN2007,79.902,Guider og reiseledere,5,79.902,Guider og reiseledere,direkte SN2007,79,false,false,false,
Bygging av anlegg for elektrisitet og telekommunikasjon på l,false,,4,2026-01-09,2026-04-07,0,4,SN2025,T2,SN2025,42.222,Bygging av anlegg for elektrisitet og telekommunikasjon på land,5,42.220,Bygging av anlegg for elektrisitet og telekommunikasjon,korrespondanse 1:1,42,true,true,false,
Materialgjenvinning,false,,4,2025-11-24,2026-07-14,0,4,SN2025,T2,SN2025,38.210,Materialgjenvinning,5,38.210|38.310|38.320,Behandling og disponering av ikke-farlig avfall | Demontering av vrakede gjenstander | Sortering og bearbeiding av avfall for materialgjenvinning,korrespondanse 1:n,38,false,false,false,
Butikkhandel med ur og klokker,false,,4,2023-06-29,2025-04-15,4,0,SN2007,T1,SN2007,47.771,Butikkhandel med ur og klokker,5,47.771,Butikkhandel med ur og klokker,direkte SN2007,47,false,false,false,
Tjenester tilknyttet landtransport ikke nevnt annet sted,false,,4,2025-09-26,2026-06-12,0,4,SN2025,T2,SN2025,52.219,Tjenester tilknyttet landtransport ikke nevnt annet sted,5,52.213|52.216|52.219,Drift av bomstasjoner | Kondensering av gass med henblikk på transport | Tjenester tilknyttet landtransport ellers,korrespondanse 1:n,52,false,false,false,
Produksjon av elektrisitet fra vannkraft,false,,4,2025-05-26,2025-12-22,2,2,begge,T1,SN2007,35.111,Produksjon av elektrisitet fra vannkraft,5,35.111,Produksjon av elektrisitet fra vannkraft,direkte SN2007,35,false,false,false,
Butikkhandel med apotekvarer,false,,4,2022-10-25,2024-02-23,4,0,SN2007,T1,SN2007,47.730,Butikkhandel med apotekvarer,5,47.730,Butikkhandel med apotekvarer,direkte SN2007,47,false,false,false,
Detaljhandel med informasjons- og kommunikasjonsteknologiuts,false,,4,2026-01-16,2026-06-22,0,4,SN2025,T2,SN2025,47.400,Detaljhandel med informasjons- og kommunikasjonsteknologiutstyr,5,47.410|47.420|47.430|47.890|47.914|47.916|47.990,"Butikkhandel med datamaskiner og utstyr til datamaskiner | Butikkhandel med telekommunikasjonsutstyr | Butikkhandel med audio- og videoutstyr | Torghandel med andre varer | Postordre-/Internetthandel med elektriske husholdningsapparater, radio, fjernsyn, plater, kassetter og musikkinstrumenter | Postordre-/Internetthandel med IKT-utstyr | Detaljhandel utenom utsalgssted ellers",korrespondanse 1:n,47,false,false,false,
"Produksjon av fisk, bløtdyr, krepsdyr og pigghuder i sjø og",false,,4,2025-09-18,2026-04-27,0,4,SN2025,T2,SN2025,03.211,"Produksjon av fisk, bløtdyr, krepsdyr og pigghuder i sjø og brakkvann",5,03.211,"Produksjon av matfisk, bløtdyr, krepsdyr og pigghuder i hav- og kystbasert akvakultur",korrespondanse 1:1,03,false,false,false,
"Produksjon av maskiner og utstyr til generell bruk, ikke nev",false,,4,2020-03-24,2025-01-28,4,0,SN2007,T1,SN2007,28.290,"Produksjon av maskiner og utstyr til generell bruk, ikke nevnt annet sted",5,28.290,"Produksjon av maskiner og utstyr til generell bruk, ikke nevnt annet sted",direkte SN2007,28,false,false,false,
Drift av parkeringsplasser og parkeringshus,false,,4,2023-09-13,2026-05-12,3,1,begge,T1,SN2007,52.212,Drift av parkeringsplasser og parkeringshus,5,52.212,Drift av parkeringsplasser og parkeringshus,direkte SN2007,52,false,false,false,
Kontortjenester,false,,4,2025-10-03,2026-04-13,0,4,SN2025,T2,SN2025,82.100,Kontortjenester,5,82.110|82.190,"Kombinerte kontortjenester | Fotokopiering, forberedelse av dokumenter og andre spesialiserte kontortjenester",korrespondanse 1:n,82,false,false,false,
Produksjon av papir og papp,false,,4,2017-12-19,2017-12-20,4,0,SN2007,T1,SN2007,17.120,Produksjon av papir og papp,5,17.120,Produksjon av papir og papp,direkte SN2007,17,false,false,false,
Husdyrhold ellers,false,,4,2023-03-30,2025-06-10,4,0,SN2007,T1,SN2007,01.490,Husdyrhold ellers,5,01.490,Husdyrhold ellers,direkte SN2007,01,false,false,false,
Butikkhandel med telekommunikasjonsutstyr,false,,4,2023-05-08,2024-10-08,4,0,SN2007,T1,SN2007,47.420,Butikkhandel med telekommunikasjonsutstyr,5,47.420,Butikkhandel med telekommunikasjonsutstyr,direkte SN2007,47,false,false,false,
Forlagsvirksomhet ellers,false,,4,2024-01-17,2025-05-15,4,0,SN2007,T1,SN2007,58.190,Forlagsvirksomhet ellers,5,58.190,Forlagsvirksomhet ellers,direkte SN2007,58,false,false,false,
Utleie og leasing av lastebiler,false,,4,2024-04-23,2025-10-16,3,1,begge,T1,SN2007,77.120,Utleie og leasing av lastebiler,5,77.120,Utleie og leasing av lastebiler,direkte SN2007,77,false,false,false,
Avvirkning,false,,4,2022-10-31,2024-12-03,4,0,SN2007,T1,SN2007,02.200,Avvirkning,5,02.200,Avvirkning,direkte SN2007,02,false,false,false,
Drift av mobile serveringssteder,false,,4,2026-02-13,2026-06-25,0,4,SN2025,T2,SN2025,56.120,Drift av mobile serveringssteder,5,56.102,Drift av gatekjøkken,korrespondanse 1:1,56,false,false,false,
Drift av fornøyelses- og temaparker,false,,4,2024-12-02,2026-07-27,3,1,begge,T1,SN2007,93.210,Drift av fornøyelses- og temaparker,5,93.210,Drift av fornøyelses- og temaparker,direkte SN2007,93,false,false,false,
Lufttransport med passasjerer,false,,4,2023-02-01,2025-12-03,3,1,begge,T1,SN2007,51.100,Lufttransport med passasjerer,5,51.100,Lufttransport med passasjerer,direkte SN2007,51,false,false,false,
Produksjon av medisinske og tanntekniske instrumenter og uts,false,,4,2023-06-20,2026-03-11,3,1,begge,T1,SN2007,32.500,Produksjon av medisinske og tanntekniske instrumenter og utstyr,5,32.500,Produksjon av medisinske og tanntekniske instrumenter og utstyr,direkte SN2007,32,false,false,false,
Engroshandel med blomster og planter,false,,4,2023-03-22,2025-08-21,4,0,SN2007,T1,SN2007,46.220,Engroshandel med blomster og planter,5,46.220,Engroshandel med blomster og planter,direkte SN2007,46,false,false,false,
"Produksjon av elektrisitet fra biobrensel, avfallsforbrennin",false,,4,2024-08-08,2025-08-19,4,0,SN2007,T5,SN2007,35.113,Produksjon av elektrisitet fra biobrensel,5,35.113,Produksjon av elektrisitet fra biobrensel,direkte SN2007,35,false,false,false,
Detaljhandel med apotekvarer,false,,4,2026-04-08,2026-06-26,0,4,SN2025,T2,SN2025,47.730,Detaljhandel med apotekvarer,5,47.730|47.919,Butikkhandel med apotekvarer | Postordre-/Internetthandel med annet spesialisert vareutvalg,korrespondanse 1:n,47,false,false,false,
Agenturhandel med nærings- og nytelsesmidler,false,,4,2024-09-17,2026-04-15,2,2,begge,T1,SN2007,46.170,Agenturhandel med nærings- og nytelsesmidler,5,46.170,Agenturhandel med nærings- og nytelsesmidler,direkte SN2007,46,false,false,false,
Inkasso- og kredittopplysningsvirksomhet,false,,4,2024-11-15,2026-05-05,3,1,begge,T1,SN2007,82.910,Inkasso- og kredittopplysningsvirksomhet,5,82.910,Inkasso- og kredittopplysningsvirksomhet,direkte SN2007,82,false,false,false,
Sportsaktiviteter ikke nevnt annet sted,false,,4,2026-01-02,2026-08-13,0,4,SN2025,T2,SN2025,93.190,Sportsaktiviteter ikke nevnt annet sted,5,93.190|93.299,Andre sportsaktiviteter | Fritidsvirksomhet ellers,korrespondanse 1:n,93,false,false,false,
Andre tjenester tilknyttet undervisning,false,,4,2023-04-11,2025-01-08,4,0,SN2007,T1,SN2007,85.609,Andre tjenester tilknyttet undervisning,5,85.609,Andre tjenester tilknyttet undervisning,direkte SN2007,85,false,false,false,
Grafisk design og visuell kommunikasjonsdesign,false,,4,2025-12-11,2026-06-29,0,4,SN2025,T2,SN2025,74.120,Grafisk design og visuell kommunikasjonsdesign,5,74.102,Grafisk og visuell kommunikasjonsdesign,korrespondanse 1:1,74,false,false,false,
Bearbeiding og konservering av frukt og grønnsaker ellers,false,,4,2022-04-06,2026-02-18,3,1,begge,T1,SN2007,10.390,Bearbeiding og konservering av frukt og grønnsaker ellers,5,10.390,Bearbeiding og konservering av frukt og grønnsaker ellers,direkte SN2007,10,false,false,false,
Utgivelse av programvare for dataspill,false,,4,2022-11-04,2026-02-02,3,1,begge,T1,SN2007,58.210,Utgivelse av programvare for dataspill,5,58.210,Utgivelse av programvare for dataspill,direkte SN2007,58,false,false,false,
Bygging av fritidsbåter,false,,4,2023-09-21,2025-02-04,4,0,SN2007,T1,SN2007,30.120,Bygging av fritidsbåter,5,30.120,Bygging av fritidsbåter,direkte SN2007,30,false,false,false,
Reparasjon av datamaskiner og tilleggsutstyr,false,,4,2023-05-19,2024-07-01,4,0,SN2007,T1,SN2007,95.110,Reparasjon av datamaskiner og tilleggsutstyr,5,95.110,Reparasjon av datamaskiner og tilleggsutstyr,direkte SN2007,95,false,false,false,
Barneverntjenester,false,,4,2025-09-10,2026-08-11,0,4,SN2025,T2,SN2025,88.991,Barneverntjenester,5,88.991,Barneverntjenester,identisk kode i begge standarder,88,false,false,false,
Detaljhandel med medisinske og ortopediske artikler,false,,4,2025-09-04,2026-03-27,0,4,SN2025,T2,SN2025,47.740,Detaljhandel med medisinske og ortopediske artikler,5,47.740|47.782|47.890|47.919|47.990,Butikkhandel med medisinske og ortopediske artikler | Butikkhandel med optiske artikler | Torghandel med andre varer | Postordre-/Internetthandel med annet spesialisert vareutvalg | Detaljhandel utenom utsalgssted ellers,korrespondanse 1:n,47,false,false,false,
"Psykolog- og psykoterapitjenester, unntatt legetjenester inn",false,,4,2025-10-16,2025-12-29,0,4,SN2025,T2,SN2025,86.930,"Psykolog- og psykoterapitjenester, unntatt legetjenester innenfor psykiatri",5,86.905|86.909,Klinisk psykologtjeneste | Andre helsetjenester,korrespondanse 1:n,86,false,false,false,
Andre sosialtjenester uten botilbud ellers,false,,4,2025-11-19,2026-07-21,0,4,SN2025,T2,SN2025,88.996,Andre sosialtjenester uten botilbud ellers,5,88.995|88.999,Sosiale velferdsorganisasjoner | Andre sosialtjenester uten botilbud,korrespondanse 1:n,88,false,false,false,
Produksjon av kjøtt- og fjørfevarer,false,,4,2021-08-09,2026-06-05,3,1,begge,T1,SN2007,10.130,Produksjon av kjøtt- og fjørfevarer,5,10.130,Produksjon av kjøtt- og fjørfevarer,direkte SN2007,10,false,false,false,
Kysttrafikk ellers med passasjerer,false,,4,2022-09-05,2024-09-04,4,0,SN2007,T1,SN2007,50.109,Kysttrafikk ellers med passasjerer,5,50.109,Kysttrafikk ellers med passasjerer,direkte SN2007,50,false,false,false,
Investeringsselskaper og lignende lukket for allmennheten,false,,4,2020-12-10,2023-09-18,4,0,SN2007,T6,,,,,,,,,,,,"Navn fra en tidligere utgave av SN2007 (før AIF-omleggingen av 64.30). Finnes ikke i Klass versjon 30 slik den står i dag. Ikke byggrelevant; beholdes i «øvrige» uten kode."
Engroshandel med kjøtt og kjøttvarer,false,,4,2024-01-03,2025-10-02,3,1,begge,T1,SN2007,46.320,Engroshandel med kjøtt og kjøttvarer,5,46.320,Engroshandel med kjøtt og kjøttvarer,direkte SN2007,46,false,false,false,
Bygging av bruer og tunneler,false,,4,2018-12-06,2023-04-14,4,0,SN2007,T1,SN2007,42.130,Bygging av bruer og tunneler,5,42.130,Bygging av bruer og tunneler,direkte SN2007,42,true,true,false,
"Engroshandel med kjøkkenutstyr, glass og steintøy",false,,4,2023-12-06,2025-06-10,4,0,SN2007,T1,SN2007,46.441,"Engroshandel med kjøkkenutstyr, glass og steintøy",5,46.441,"Engroshandel med kjøkkenutstyr, glass og steintøy",direkte SN2007,46,false,false,false,
"Detaljhandel med ur, klokker og smykker",false,,4,2026-02-19,2026-08-24,0,4,SN2025,T2,SN2025,47.770,"Detaljhandel med ur, klokker og smykker",5,47.771|47.772|47.890|47.919|47.990,Butikkhandel med ur og klokker | Butikkhandel med gull- og sølvvarer | Torghandel med andre varer | Postordre-/Internetthandel med annet spesialisert vareutvalg | Detaljhandel utenom utsalgssted ellers,korrespondanse 1:n,47,false,false,false,
"Engroshandel med korn, råtobakk, såvarer og fôrvarer",false,,4,2023-09-28,2025-06-10,4,0,SN2007,T1,SN2007,46.210,"Engroshandel med korn, råtobakk, såvarer og fôrvarer",5,46.210,"Engroshandel med korn, råtobakk, såvarer og fôrvarer",direkte SN2007,46,false,false,false,
Vedlikehold og reparasjon av motorsykler,false,,3,2025-01-03,2025-06-24,3,0,SN2007,T1,SN2007,45.403,Vedlikehold og reparasjon av motorsykler,5,45.403,Vedlikehold og reparasjon av motorsykler,direkte SN2007,45,false,false,false,
"Detaljhandel med tapet, gulvtepper og gulvbelegg",false,,3,2025-09-05,2026-01-22,0,3,SN2025,T2,SN2025,47.530,"Detaljhandel med tapet, gulvtepper og gulvbelegg",5,47.531|47.532|47.533|47.890|47.919|47.990,Butikkhandel med tapeter og gulvbelegg | Butikkhandel med tepper | Butikkhandel med gardiner | Torghandel med andre varer | Postordre-/Internetthandel med annet spesialisert vareutvalg | Detaljhandel utenom utsalgssted ellers,korrespondanse 1:n,47,false,false,false,
Produksjon av byggevarer av plast,false,,3,2023-05-31,2026-05-12,2,1,begge,T1,SN2007,22.230,Produksjon av byggevarer av plast,5,22.230,Produksjon av byggevarer av plast,direkte SN2007,22,false,false,false,
Produksjon av karosserier og tilhengere,false,,3,2021-12-10,2026-01-23,2,1,begge,T1,SN2007,29.200,Produksjon av karosserier og tilhengere,5,29.200,Produksjon av karosserier og tilhengere,direkte SN2007,29,false,false,false,
Produksjon av kjemiske produkter ikke nevnt annet sted,false,,3,2024-12-23,2025-02-07,3,0,SN2007,T1,SN2007,20.590,Produksjon av kjemiske produkter ikke nevnt annet sted,5,20.590,Produksjon av kjemiske produkter ikke nevnt annet sted,direkte SN2007,20,false,false,false,
Produksjon av yngel og settefisk i sjø og brakkvann,false,,3,2025-11-10,2026-02-02,0,3,SN2025,T2,SN2025,03.212,Produksjon av yngel og settefisk i sjø og brakkvann,5,03.212,Produksjon av yngel og settefisk i hav- og kystbasert akvakultur,korrespondanse 1:1,03,false,false,false,
Tjenester tilknyttet planteproduksjon,false,,3,2023-10-20,2025-10-07,2,1,begge,T1,SN2007,01.610,Tjenester tilknyttet planteproduksjon,5,01.610,Tjenester tilknyttet planteproduksjon,direkte SN2007,01,false,false,false,
Reparasjon av husholdningsvarer og hageredskaper,false,,3,2023-02-10,2023-12-20,3,0,SN2007,T1,SN2007,95.220,Reparasjon av husholdningsvarer og hageredskaper,5,95.220,Reparasjon av husholdningsvarer og hageredskaper,direkte SN2007,95,false,false,false,
"Detaljhandel med husholdningsredskaper og bestikk, servise,",false,,3,2026-02-26,2026-03-25,0,3,SN2025,T2,SN2025,47.553,"Detaljhandel med husholdningsredskaper og bestikk, servise, glassvarer, porselen og keramikk",5,47.593|47.890|47.913|47.990,"Butikkhandel med kjøkkenutstyr, glass og steintøy | Torghandel med andre varer | Postordre-/Internetthandel med belysningsutstyr, kjøkkenutstyr, møbler og innredningsartikler | Detaljhandel utenom utsalgssted ellers",korrespondanse 1:n,47,false,false,false,
Tjenester tilknyttet vakttjenester,false,,3,2023-02-10,2024-10-16,3,0,SN2007,T1,SN2007,80.200,Tjenester tilknyttet vakttjenester,5,80.200,Tjenester tilknyttet vakttjenester,direkte SN2007,80,false,false,false,
Butikkhandel med fotoutstyr,false,,3,2024-11-29,2025-03-31,3,0,SN2007,T1,SN2007,47.781,Butikkhandel med fotoutstyr,5,47.781,Butikkhandel med fotoutstyr,direkte SN2007,47,false,false,false,
Oppsamling og behandling av avløpsvann,false,,3,2023-03-01,2026-03-16,1,2,begge,T1,SN2007,37.000,Oppsamling og behandling av avløpsvann,5,37.000,Oppsamling og behandling av avløpsvann,direkte SN2007,37,false,false,false,
Engroshandel med drivstoff og brensel,false,,3,2022-10-19,2025-08-12,3,0,SN2007,T1,SN2007,46.710,Engroshandel med drivstoff og brensel,5,46.710,Engroshandel med drivstoff og brensel,direkte SN2007,46,false,false,false,
Etterbehandling av tekstiler,false,,3,2023-06-30,2026-06-12,2,1,begge,T1,SN2007,13.300,Etterbehandling av tekstiler,5,13.300,Etterbehandling av tekstiler,direkte SN2007,13,false,false,false,
Trådløs telekommunikasjon,false,,3,2024-01-30,2025-04-08,3,0,SN2007,T1,SN2007,61.200,Trådløs telekommunikasjon,5,61.200,Trådløs telekommunikasjon,direkte SN2007,61,false,false,false,
Annen spesialisert byggevirksomhet i forbindelse med oppføri,false,,3,2025-09-05,2026-08-11,0,3,SN2025,T2,SN2025,43.420,Annen spesialisert byggevirksomhet i forbindelse med oppføring av bygninger,5,43.990,Annen spesialisert bygge- og anleggsvirksomhet,korrespondanse 1:1,43,true,true,false,
Detaljhandel med fritidsbåter og tilhørende utstyr,false,,3,2025-10-30,2026-06-23,0,3,SN2025,T2,SN2025,47.632,Detaljhandel med fritidsbåter og tilhørende utstyr,5,47.642|47.890|47.919|47.990,Butikkhandel med fritidsbåter og -utstyr | Torghandel med andre varer | Postordre-/Internetthandel med annet spesialisert vareutvalg | Detaljhandel utenom utsalgssted ellers,korrespondanse 1:n,47,false,false,false,
Annen rengjøringsvirksomhet og snømåking,false,,3,2025-11-27,2026-07-13,0,3,SN2025,T2,SN2025,81.230,Annen rengjøringsvirksomhet og snømåking,5,81.291|81.299,Skadedyrkontroll | Annen rengjøringsvirksomhet ikke nevnt annet sted,korrespondanse 1:n,81,false,false,false,
Reparasjon og vedlikehold av datamaskiner og kommunikasjonsu,false,,3,2025-10-07,2026-08-05,0,3,SN2025,T2,SN2025,95.100,Reparasjon og vedlikehold av datamaskiner og kommunikasjonsutstyr,5,95.110|95.120,Reparasjon av datamaskiner og tilleggsutstyr | Reparasjon av kommunikasjonsutstyr,korrespondanse 1:n,95,false,false,false,
Undervisning ved godkjente trafikkskoler,false,,3,2025-10-14,2026-08-05,0,3,SN2025,T2,SN2025,85.531,Undervisning ved godkjente trafikkskoler,5,85.530,Trafikkskoleundervisning,korrespondanse 1:1,85,false,false,false,
Annen rengjøringsvirksomhet ikke nevnt annet sted,false,,3,2023-06-13,2025-07-07,3,0,SN2007,T1,SN2007,81.299,Annen rengjøringsvirksomhet ikke nevnt annet sted,5,81.299,Annen rengjøringsvirksomhet ikke nevnt annet sted,direkte SN2007,81,false,false,false,
"Detaljhandel med bakervarer, konditorvarer og sukkervarer",false,,3,2025-09-19,2026-02-17,0,3,SN2025,T2,SN2025,47.240,"Detaljhandel med bakervarer, konditorvarer og sukkervarer",5,47.241|47.242|47.810|47.919|47.990,"Butikkhandel med bakervarer og konditorvarer | Butikkhandel med sukkervarer | Torghandel med næringsmidler, drikkevarer og tobakksvarer | Postordre-/Internetthandel med annet spesialisert vareutvalg | Detaljhandel utenom utsalgssted ellers",korrespondanse 1:n,47,false,false,false,
Bygging av havne- og damanlegg,false,,3,2022-09-23,2024-10-09,3,0,SN2007,T1,SN2007,42.910,Bygging av havne- og damanlegg,5,42.910,Bygging av havne- og damanlegg,direkte SN2007,42,true,true,false,
"Butikkhandel med fisk, skalldyr og bløtdyr",false,,3,2022-06-01,2025-02-10,3,0,SN2007,T1,SN2007,47.230,"Butikkhandel med fisk, skalldyr og bløtdyr",5,47.230,"Butikkhandel med fisk, skalldyr og bløtdyr",direkte SN2007,47,false,false,false,
"Agenturhandel med tømmer, trelast og byggevarer",false,,3,2022-06-02,2025-03-07,3,0,SN2007,T1,SN2007,46.130,"Agenturhandel med tømmer, trelast og byggevarer",5,46.130,"Agenturhandel med tømmer, trelast og byggevarer",direkte SN2007,46,false,false,false,
"Distribusjon av film, video og fjernsynsprogrammer",false,,3,2024-11-04,2025-07-08,3,0,SN2007,T1,SN2007,59.130,"Distribusjon av film, video og fjernsynsprogrammer",5,59.130,"Distribusjon av film, video og fjernsynsprogrammer",direkte SN2007,59,false,false,false,
Andre sosialtjenester uten botilbud,false,,3,2024-07-23,2025-08-08,3,0,SN2007,T1,SN2007,88.999,Andre sosialtjenester uten botilbud,5,88.999,Andre sosialtjenester uten botilbud,direkte SN2007,88,false,false,false,
Kantinedrift og annen cateringvirksomhet,false,,3,2026-02-09,2026-08-24,0,3,SN2025,T2,SN2025,56.220,Kantinedrift og annen cateringvirksomhet,5,56.290,Kantiner drevet som selvstendig virksomhet,korrespondanse 1:1,56,false,false,false,
Engroshandel med maskiner og utstyr til kontor ellers,false,,3,2024-01-15,2024-12-06,3,0,SN2007,T1,SN2007,46.660,Engroshandel med maskiner og utstyr til kontor ellers,5,46.660,Engroshandel med maskiner og utstyr til kontor ellers,direkte SN2007,46,false,false,false,
Butikkhandel med bakervarer og konditorvarer,false,,3,2022-11-04,2025-03-05,3,0,SN2007,T1,SN2007,47.241,Butikkhandel med bakervarer og konditorvarer,5,47.241,Butikkhandel med bakervarer og konditorvarer,direkte SN2007,47,false,false,false,
Detaljhandel med bøker,false,,3,2025-09-11,2026-03-31,0,3,SN2025,T2,SN2025,47.610,Detaljhandel med bøker,5,47.610|47.890|47.915|47.990,"Butikkhandel med bøker | Torghandel med andre varer | Postordre-/internetthandel med bøker, papir, aviser og blader | Detaljhandel utenom utsalgssted ellers",korrespondanse 1:n,47,false,false,false,
Andre informasjonstjenester ikke nevnt annet sted,false,,3,2022-10-12,2025-07-07,3,0,SN2007,T1,SN2007,63.990,Andre informasjonstjenester ikke nevnt annet sted,5,63.990,Andre informasjonstjenester ikke nevnt annet sted,direkte SN2007,63,false,false,false,
Medieformidlingstjenester,false,,3,2023-04-26,2025-03-18,3,0,SN2007,T1,SN2007,73.120,Medieformidlingstjenester,5,73.120,Medieformidlingstjenester,direkte SN2007,73,false,false,false,
Postordre-/Internetthandel med helsekost,false,,3,2023-11-15,2024-12-17,3,0,SN2007,T1,SN2007,47.917,Postordre-/Internetthandel med helsekost,5,47.917,Postordre-/Internetthandel med helsekost,direkte SN2007,47,false,false,false,
Skipsmegling,false,,3,2023-06-21,2025-02-11,3,0,SN2007,T1,SN2007,52.292,Skipsmegling,5,52.292,Skipsmegling,direkte SN2007,52,false,false,false,
Bryting av stein til bygge- og anleggsvirksomhet,false,,3,2024-02-01,2025-08-15,3,0,SN2007,T1,SN2007,08.111,Bryting av stein til bygge- og anleggsvirksomhet,5,08.111,Bryting av stein til bygge- og anleggsvirksomhet,direkte SN2007,08,false,false,false,
Forebyggende helsearbeid,false,,3,2025-12-12,2026-05-22,0,3,SN2025,T2,SN2025,86.992,Forebyggende helsearbeid,5,86.904,Annen forebyggende helsetjeneste,korrespondanse 1:1,86,false,false,false,
Butikkhandel med musikkinstrumenter og noter,false,,3,2023-01-23,2024-07-26,3,0,SN2007,T1,SN2007,47.594,Butikkhandel med musikkinstrumenter og noter,5,47.594,Butikkhandel med musikkinstrumenter og noter,direkte SN2007,47,false,false,false,
Behandling og disponering av ikke-farlig avfall,false,,3,2023-06-09,2025-08-19,3,0,SN2007,T1,SN2007,38.210,Behandling og disponering av ikke-farlig avfall,5,38.210,Behandling og disponering av ikke-farlig avfall,direkte SN2007,38,false,false,false,
"Uttak fra kilde, rensing og distribusjon av vann",false,,3,2022-09-26,2025-04-08,3,0,SN2007,T1,SN2007,36.000,"Uttak fra kilde, rensing og distribusjon av vann",5,36.000,"Uttak fra kilde, rensing og distribusjon av vann",direkte SN2007,36,false,false,false,
Begravelsesbyråvirksomhet og drift av kirkegårder og kremato,false,,3,2023-02-08,2024-08-27,3,0,SN2007,T1,SN2007,96.030,Begravelsesbyråvirksomhet og drift av kirkegårder og krematorier,5,96.030,Begravelsesbyråvirksomhet og drift av kirkegårder og krematorier,direkte SN2007,96,false,false,false,
Butikkhandel med gull- og sølvvarer,false,,3,2023-12-06,2025-07-22,3,0,SN2007,T1,SN2007,47.772,Butikkhandel med gull- og sølvvarer,5,47.772,Butikkhandel med gull- og sølvvarer,direkte SN2007,47,false,false,false,
Fysioterapitjeneste,false,,3,2023-03-17,2023-10-03,3,0,SN2007,T1,SN2007,86.902,Fysioterapitjeneste,5,86.902,Fysioterapitjeneste,direkte SN2007,86,false,false,false,
Bearbeiding av te og kaffe,false,,3,2024-04-23,2026-06-22,2,1,begge,T1,SN2007,10.830,Bearbeiding av te og kaffe,5,10.830,Bearbeiding av te og kaffe,direkte SN2007,10,false,false,false,
Takseringsvirksomhet,false,,3,2022-01-18,2025-03-18,3,0,SN2007,T1,SN2007,74.901,Takseringsvirksomhet,5,74.901,Takseringsvirksomhet,direkte SN2007,74,false,false,false,
Bearbeiding av planglass,false,,3,2025-10-17,2026-02-13,0,3,SN2025,T2,SN2025,23.120,Bearbeiding av planglass,5,23.120,Bearbeiding av planglass,korrespondanse 1:1,23,false,false,false,
Omsorgsinstitusjoner ellers,false,,2,2023-06-05,2023-08-22,2,0,SN2007,T1,SN2007,87.909,Omsorgsinstitusjoner ellers,5,87.909,Omsorgsinstitusjoner ellers,direkte SN2007,87,false,false,false,
Produksjon av planglass,false,,2,2025-11-03,2026-03-20,0,2,SN2025,T2,SN2025,23.110,Produksjon av planglass,5,23.110,Produksjon av planglass,identisk kode i begge standarder,23,false,false,false,
Produksjon av pumper og kompressorer ellers,false,,2,2017-09-14,2026-07-23,1,1,begge,T1,SN2007,28.130,Produksjon av pumper og kompressorer ellers,5,28.130,Produksjon av pumper og kompressorer ellers,direkte SN2007,28,false,false,false,
Familieverntjenester,false,,2,2024-09-24,2025-04-09,2,0,SN2007,T1,SN2007,88.992,Familieverntjenester,5,88.992,Familieverntjenester,direkte SN2007,88,false,false,false,
"Produksjon av saltfisk, tørrfisk og klippfisk",false,,2,2019-03-06,2024-11-13,2,0,SN2007,T1,SN2007,10.201,"Produksjon av saltfisk, tørrfisk og klippfisk",5,10.201,"Produksjon av saltfisk, tørrfisk og klippfisk",direkte SN2007,10,false,false,false,
Kart og oppmåling,false,,2,2024-04-09,2024-08-09,2,0,SN2007,T1,SN2007,71.123,Kart og oppmåling,5,71.123,Kart og oppmåling,direkte SN2007,71,false,false,false,
Produksjon av spesialmaskiner ikke nevnt annet sted,false,,2,2023-08-01,2025-01-30,2,0,SN2007,T1,SN2007,28.990,Produksjon av spesialmaskiner ikke nevnt annet sted,5,28.990,Produksjon av spesialmaskiner ikke nevnt annet sted,direkte SN2007,28,false,false,false,
Kombinerte kontortjenester,false,,2,2024-04-09,2024-11-19,2,0,SN2007,T1,SN2007,82.110,Kombinerte kontortjenester,5,82.110,Kombinerte kontortjenester,direkte SN2007,82,false,false,false,
"Produksjon av såpe og vaskemidler, rense- og polermidler",false,,2,2023-09-06,2025-05-28,2,0,SN2007,T1,SN2007,20.410,"Produksjon av såpe og vaskemidler, rense- og polermidler",5,20.410,"Produksjon av såpe og vaskemidler, rense- og polermidler",direkte SN2007,20,false,false,false,
Engroshandel med skotøy,false,,2,2024-03-15,2024-11-07,2,0,SN2007,T1,SN2007,46.422,Engroshandel med skotøy,5,46.422,Engroshandel med skotøy,direkte SN2007,46,false,false,false,
Produksjon av andre metallvarer ikke nevnt annet sted,false,,2,2026-06-03,2026-06-03,0,2,SN2025,T2,SN2025,25.990,Produksjon av andre metallvarer ikke nevnt annet sted,5,25.990,Produksjon av metallvarer ikke nevnt annet sted,korrespondanse 1:1,25,false,false,false,
Produksjon av utstyrsvarer,false,,2,2024-10-28,2025-03-19,2,0,SN2007,T1,SN2007,13.921,Produksjon av utstyrsvarer,5,13.921,Produksjon av utstyrsvarer,direkte SN2007,13,false,false,false,
Produksjon av varer av papir og papp ellers,false,,2,2024-05-14,2024-08-16,2,0,SN2007,T1,SN2007,17.290,Produksjon av varer av papir og papp ellers,5,17.290,Produksjon av varer av papir og papp ellers,direkte SN2007,17,false,false,false,
Produksjon av andre spesialmaskiner ikke nevnt annet sted,false,,2,2026-04-09,2026-07-22,0,2,SN2025,T2,SN2025,28.990,Produksjon av andre spesialmaskiner ikke nevnt annet sted,5,28.990,Produksjon av spesialmaskiner ikke nevnt annet sted,korrespondanse 1:1,28,false,false,false,
Produksjon av yttertøy,false,,2,2025-12-02,2026-03-16,0,2,SN2025,T2,SN2025,14.210,Produksjon av yttertøy,5,14.130|14.140|14.190,Produksjon av annet yttertøy | Produksjon av undertøy og innertøy | Produksjon av klær og tilbehør ellers,korrespondanse 1:n,14,false,false,false,
Detaljhandel med skotøy og lærvarer,false,,2,2025-12-30,2026-01-06,0,2,SN2025,T2,SN2025,47.720,Detaljhandel med skotøy og lærvarer,5,47.721|47.722|47.820|47.912|47.990,"Butikkhandel med skotøy | Butikkhandel med reiseeffekter av lær og lærimitasjoner og varer av lær | Torghandel med tekstiler, klær, skotøy og utstyrsvarer | Postordre-/Internetthandel med tekstiler, utstyrsvarer, klær, skotøy, reiseeffekter og lærvarer | Detaljhandel utenom utsalgssted ellers",korrespondanse 1:n,47,false,false,false,
Produksjon av andre uorganiske kjemikalier,false,,2,2023-08-22,2024-12-17,2,0,SN2007,T1,SN2007,20.130,Produksjon av andre uorganiske kjemikalier,5,20.130,Produksjon av andre uorganiske kjemikalier,direkte SN2007,20,false,false,false,
"Engroshandel med bøker, aviser og blader",false,,2,2023-12-06,2024-05-28,2,0,SN2007,T1,SN2007,46.491,"Engroshandel med bøker, aviser og blader",5,46.491,"Engroshandel med bøker, aviser og blader",direkte SN2007,46,false,false,false,
Bygging av skip under 100 br.tonn,false,,2,2023-07-05,2023-07-11,2,0,SN2007,T1,SN2007,30.112,Bygging av skip under 100 br.tonn,5,30.112,Bygging av skip under 100 br.tonn,direkte SN2007,30,false,false,false,
Guide- og reiseledervirksomhet,false,,2,2026-05-04,2026-06-08,0,2,SN2025,T2,SN2025,79.902,Guide- og reiseledervirksomhet,5,79.902,Guider og reiseledere,korrespondanse 1:1,79,false,false,false,
Reisearrangørvirksomhet ellers,false,,2,2025-09-16,2025-12-16,0,2,SN2025,T2,SN2025,79.122,Reisearrangørvirksomhet ellers,5,79.120,Reisearrangørvirksomhet,korrespondanse 1:1,79,false,false,false,
Produksjon av bijouteri og lignende artikler,false,,2,2022-12-14,2025-06-16,2,0,SN2007,T1,SN2007,32.130,Produksjon av bijouteri og lignende artikler,5,32.130,Produksjon av bijouteri og lignende artikler,direkte SN2007,32,false,false,false,
Produksjon av brød og ferske konditorvarer \n Butikkhandel med,true,Produksjon av brød og ferske konditorvarer,2,2022-06-22,2025-08-25,2,0,SN2007,T1,SN2007,10.710,Produksjon av brød og ferske konditorvarer,5,10.710,Produksjon av brød og ferske konditorvarer,direkte SN2007,10,false,false,false,
Butikkhandel med frukt og grønnsaker,false,,2,2023-06-21,2023-06-23,2,0,SN2007,T1,SN2007,47.210,Butikkhandel med frukt og grønnsaker,5,47.210,Butikkhandel med frukt og grønnsaker,direkte SN2007,47,false,false,false,
Engroshandel med spill og leker,false,,2,2023-03-02,2024-10-09,2,0,SN2007,T1,SN2007,46.495,Engroshandel med spill og leker,5,46.495,Engroshandel med spill og leker,direkte SN2007,46,false,false,false,
Logistikktjenester,false,,2,2026-02-16,2026-06-09,0,2,SN2025,T2,SN2025,52.250,Logistikktjenester,5,52.291|52.299,Spedisjon | Transportformidling ellers,korrespondanse 1:n,52,false,false,false,
Utøvende kunstnere og underholdningsvirksomhet innen musikk,false,,2,2023-09-11,2023-12-22,2,0,SN2007,T1,SN2007,90.011,Utøvende kunstnere og underholdningsvirksomhet innen musikk,5,90.011,Utøvende kunstnere og underholdningsvirksomhet innen musikk,direkte SN2007,90,false,false,false,
Reparasjon av møbler og boliginnredning,false,,2,2023-11-28,2025-02-21,2,0,SN2007,T1,SN2007,95.240,Reparasjon av møbler og boliginnredning,5,95.240,Reparasjon av møbler og boliginnredning,direkte SN2007,95,false,false,false,
Lotteri- og gamblingvirksomhet,false,,2,2025-11-07,2026-01-21,0,2,SN2025,T2,SN2025,92.000,Lotteri- og gamblingvirksomhet,5,92.000,Lotteri og totalisatorspill,korrespondanse 1:1,92,false,false,false,
Lufttransport med passasjerer \n Lufttransport med gods,true,Lufttransport med passasjerer,2,2021-09-01,2025-03-03,2,0,SN2007,T1,SN2007,51.100,Lufttransport med passasjerer,5,51.100,Lufttransport med passasjerer,direkte SN2007,51,false,false,false,
Produksjon av elektriske fordelings- og kontrolltavler og pa,false,,2,2023-06-02,2026-06-22,1,1,begge,T1,SN2007,27.120,Produksjon av elektriske fordelings- og kontrolltavler og paneler,5,27.120,Produksjon av elektriske fordelings- og kontrolltavler og paneler,direkte SN2007,27,false,false,false,
Detaljhandel med motorsykler og tilhørende deler og utstyr,false,,2,2025-10-01,2025-12-22,0,2,SN2025,T2,SN2025,47.830,Detaljhandel med motorsykler og tilhørende deler og utstyr,5,45.402,"Detaljhandel med motorsykler, deler og utstyr",korrespondanse 1:1,45,false,false,false,
Hjemmehjelp,false,,2,2023-02-24,2023-09-12,2,0,SN2007,T1,SN2007,88.101,Hjemmehjelp,5,88.101,Hjemmehjelp,direkte SN2007,88,false,false,false,
Butikkhandel med belysningsutstyr,false,,2,2023-06-02,2023-10-16,2,0,SN2007,T1,SN2007,47.592,Butikkhandel med belysningsutstyr,5,47.592,Butikkhandel med belysningsutstyr,direkte SN2007,47,false,false,false,
Produksjon av ferdigblandet betong,false,,2,2023-06-08,2026-02-05,1,1,begge,T1,SN2007,23.630,Produksjon av ferdigblandet betong,5,23.630,Produksjon av ferdigblandet betong,direkte SN2007,23,false,false,false,
Riving av bygninger og andre byggverk,false,,2,2025-09-15,2026-01-21,0,2,SN2025,T2,SN2025,43.110,Riving av bygninger og andre byggverk,5,43.110,Riving av bygninger og andre konstruksjoner,korrespondanse 1:1,43,true,true,false,
Butikkhandel med audio- og videoutstyr,false,,2,2023-09-06,2024-06-06,2,0,SN2007,T1,SN2007,47.430,Butikkhandel med audio- og videoutstyr,5,47.430,Butikkhandel med audio- og videoutstyr,direkte SN2007,47,false,false,false,
Drift av vandrerhjem,false,,2,2022-03-29,2025-04-03,2,0,SN2007,T1,SN2007,55.201,Drift av vandrerhjem,5,55.201,Drift av vandrerhjem,direkte SN2007,55,false,false,false,
Fondsforvaltningsvirksomhet,false,,2,2023-12-21,2026-03-10,1,1,begge,T1,SN2007,66.300,Fondsforvaltningsvirksomhet,5,66.300,Fondsforvaltningsvirksomhet,direkte SN2007,66,false,false,false,
Husdyrhold ikke nevnt annet sted,false,,2,2025-09-29,2025-11-28,0,2,SN2025,T2,SN2025,01.489,Husdyrhold ikke nevnt annet sted,5,01.490|03.222,Husdyrhold ellers | Produksjon av yngel og settefisk i ferskvannsbasert akvakultur,korrespondanse 1:n,01|03,false,false,false,
Produksjon av halvfabrikater av plast,false,,2,2023-06-28,2025-06-05,2,0,SN2007,T1,SN2007,22.210,Produksjon av halvfabrikater av plast,5,22.210,Produksjon av halvfabrikater av plast,direkte SN2007,22,false,false,false,
Spesialisert byggevirksomhet i forbindelse med anleggsarbeid,false,,2,2025-11-03,2026-04-20,0,2,SN2025,T2,SN2025,43.500,Spesialisert byggevirksomhet i forbindelse med anleggsarbeid,5,42.110|43.990,Bygging av veier og motorveier | Annen spesialisert bygge- og anleggsvirksomhet,korrespondanse 1:n,42|43,true,true,false,
Engroshandel med avfall og skrap,false,,2,2024-01-22,2024-05-10,2,0,SN2007,T1,SN2007,46.770,Engroshandel med avfall og skrap,5,46.770,Engroshandel med avfall og skrap,direkte SN2007,46,false,false,false,
Spesialisert rusbehandling,false,,2,2025-10-22,2025-10-27,0,2,SN2025,T2,SN2025,86.103,Spesialisert rusbehandling,5,86.106|86.225,Rusmiddelinstitusjoner | Rusmiddelpoliklinikker,korrespondanse 1:n,86,false,false,false,
Dyrking av kjernefrukter og steinfrukter,false,,2,2023-10-24,2024-08-23,2,0,SN2007,T1,SN2007,01.240,Dyrking av kjernefrukter og steinfrukter,5,01.240,Dyrking av kjernefrukter og steinfrukter,direkte SN2007,01,false,false,false,
"Produksjon av kakao, sjokolade og sukkervarer",false,,2,2021-12-06,2024-08-16,2,0,SN2007,T1,SN2007,10.820,"Produksjon av kakao, sjokolade og sukkervarer",5,10.820,"Produksjon av kakao, sjokolade og sukkervarer",direkte SN2007,10,false,false,false,
Avvirkning \n Oppføring av bygninger,true,Avvirkning,2,2025-02-13,2026-07-03,1,1,begge,T1,SN2007,02.200,Avvirkning,5,02.200,Avvirkning,direkte SN2007,02,false,false,false,
"Agenturhandel med maskiner, produksjonsutstyr, båter og luft",false,,2,2024-01-18,2024-05-21,2,0,SN2007,T1,SN2007,46.140,"Agenturhandel med maskiner, produksjonsutstyr, båter og luftfartøyer",5,46.140,"Agenturhandel med maskiner, produksjonsutstyr, båter og luftfartøyer",direkte SN2007,46,false,false,false,
Asylmottakstjenester,false,,2,2025-11-24,2025-12-10,0,2,SN2025,T2,SN2025,87.992,Asylmottakstjenester,5,88.996,Asylmottak,korrespondanse 1:1,88,false,false,false,
Tjenester tilknyttet sjøtransport ellers,false,,2,2020-08-26,2025-02-05,2,0,SN2007,T1,SN2007,52.229,Tjenester tilknyttet sjøtransport ellers,5,52.229,Tjenester tilknyttet sjøtransport ellers,direkte SN2007,52,false,false,false,
Produksjon av kjøkkenmøbler,false,,2,2023-07-13,2024-10-30,2,0,SN2007,T1,SN2007,31.020,Produksjon av kjøkkenmøbler,5,31.020,Produksjon av kjøkkenmøbler,direkte SN2007,31,false,false,false,
"Torghandel med næringsmidler, drikkevarer og tobakksvarer",false,,2,2023-10-31,2024-07-24,2,0,SN2007,T1,SN2007,47.810,"Torghandel med næringsmidler, drikkevarer og tobakksvarer",5,47.810,"Torghandel med næringsmidler, drikkevarer og tobakksvarer",direkte SN2007,47,false,false,false,
Ordinær grunnskoleundervisning,false,,2,2025-08-05,2026-03-06,1,1,begge,T1,SN2007,85.201,Ordinær grunnskoleundervisning,5,85.201,Ordinær grunnskoleundervisning,direkte SN2007,85,false,false,false,
Produksjon av kontor- og butikkmøbler,false,,2,2024-06-18,2024-08-08,2,0,SN2007,T1,SN2007,31.010,Produksjon av kontor- og butikkmøbler,5,31.010,Produksjon av kontor- og butikkmøbler,direkte SN2007,31,false,false,false,
Ortopedi- og fotterapitjenester,false,,2,2025-12-11,2026-06-12,0,2,SN2025,T2,SN2025,86.991,Ortopedi- og fotterapitjenester,5,86.909,Andre helsetjenester,korrespondanse 1:1,86,false,false,false,
Engroshandel med elektriske husholdningsapparater,false,,2,2025-09-29,2025-10-31,0,2,SN2025,T2,SN2025,46.430,Engroshandel med elektriske husholdningsapparater,5,46.431|46.432|46.434|46.435,Engroshandel med elektriske husholdningsapparater og -maskiner | Engroshandel med radio og fjernsyn | Engroshandel med fotoutstyr | Engroshandel med optiske artikler,korrespondanse 1:n,46,false,false,false,
Produksjon av låser og beslag,false,,2,2023-05-25,2025-11-03,1,1,begge,T1,SN2007,25.720,Produksjon av låser og beslag,5,25.720,Produksjon av låser og beslag,direkte SN2007,25,false,false,false,
Installasjon av industrimaskiner og -utstyr,false,,2,2024-04-16,2024-09-03,2,0,SN2007,T1,SN2007,33.200,Installasjon av industrimaskiner og -utstyr,5,33.200,Installasjon av industrimaskiner og -utstyr,direkte SN2007,33,false,false,false,
Dyrking av annen frukt som vokser på trær eller busker samt,false,,2,2024-10-16,2026-07-24,1,1,begge,T1,SN2007,01.250,Dyrking av annen frukt som vokser på trær eller busker samt nøtter,5,01.250,Dyrking av annen frukt som vokser på trær eller busker samt nøtter,direkte SN2007,01,false,false,false,
Aktiviteter i andre interesseorganisasjoner ikke nevnt annet,false,,2,2023-08-29,2024-04-04,2,0,SN2007,T1,SN2007,94.991,Aktiviteter i andre interesseorganisasjoner ikke nevnt annet sted,5,94.991,Aktiviteter i andre interesseorganisasjoner ikke nevnt annet sted,direkte SN2007,94,false,false,false,
Produksjon av matfisk og skalldyr i ferskvannsbasert fiskeop,false,,2,2023-08-24,2025-03-05,2,0,SN2007,T6,SN2007,03.221,(manuelt tilordnet),5,03.221,(manuelt tilordnet),direkte SN2007,03,false,false,false,"Avkortet ved 60 tegn; ferskvannsparallellen til 03.211, dvs. 03.221 under 03.22 «Ferskvannsbasert akvakultur»."
Andre tjenester tilknyttet undervisning ikke nevnt annet ste,false,,2,2026-06-08,2026-06-26,0,2,SN2025,T2,SN2025,85.699,Andre tjenester tilknyttet undervisning ikke nevnt annet sted,5,85.609,Andre tjenester tilknyttet undervisning,korrespondanse 1:1,85,false,false,false,
"Engroshandel med sukker, sjokolade og sukkervarer",false,,2,2022-11-15,2023-12-29,2,0,SN2007,T1,SN2007,46.360,"Engroshandel med sukker, sjokolade og sukkervarer",5,46.360,"Engroshandel med sukker, sjokolade og sukkervarer",direkte SN2007,46,false,false,false,
Produksjon av metallvarer ikke nevnt annet sted,false,,2,2024-06-14,2024-09-10,2,0,SN2007,T1,SN2007,25.990,Produksjon av metallvarer ikke nevnt annet sted,5,25.990,Produksjon av metallvarer ikke nevnt annet sted,direkte SN2007,25,false,false,false,
Andre støttetjenester for transport,false,,2,2025-11-27,2026-06-26,0,2,SN2025,T2,SN2025,52.260,Andre støttetjenester for transport,5,52.291,Spedisjon,korrespondanse 1:1,52,false,false,false,
Engroshandel med klokker og ur,false,,2,2023-10-16,2024-02-06,2,0,SN2007,T1,SN2007,46.481,Engroshandel med klokker og ur,5,46.481,Engroshandel med klokker og ur,direkte SN2007,46,false,false,false,
Passasjertransport med jernbane,false,,2,2023-11-29,2025-07-28,2,0,SN2007,T1,SN2007,49.100,Passasjertransport med jernbane,5,49.100,Passasjertransport med jernbane,direkte SN2007,49,false,false,false,
Engroshandel med innsatsvarer ellers,false,,2,2025-10-23,2025-12-11,0,2,SN2025,T2,SN2025,46.860,Engroshandel med innsatsvarer ellers,5,46.761|46.769,Engroshandel med papir og papp | Engroshandel med innsatsvarer ikke nevnt annet sted,korrespondanse 1:n,46,false,false,false,
"Drift av hoteller, pensjonater og moteller med restaurant \n Dr",true,"Drift av hoteller, pensjonater og moteller med restaurant",2,2020-07-14,2025-02-25,2,0,SN2007,T1,SN2007,55.101,"Drift av hoteller, pensjonater og moteller med restaurant",5,55.101,"Drift av hoteller, pensjonater og moteller med restaurant",direkte SN2007,55,false,false,false,
Elektrisk installasjonsarbeid \n Rørleggerarbeid,true,Elektrisk installasjonsarbeid,2,2021-09-07,2023-07-05,2,0,SN2007,T1,SN2007,43.210,Elektrisk installasjonsarbeid,5,43.210,Elektrisk installasjonsarbeid,direkte SN2007,43,true,true,false,
Engroshandel med maskinverktøy,false,,2,2025-01-09,2025-05-22,2,0,SN2007,T1,SN2007,46.620,Engroshandel med maskinverktøy,5,46.620,Engroshandel med maskinverktøy,direkte SN2007,46,false,false,false,
Andre kombinerte tjenester tilknyttet eiendomsdrift,false,,2,2023-08-23,2024-08-22,2,0,SN2007,T1,SN2007,81.109,Andre kombinerte tjenester tilknyttet eiendomsdrift,5,81.109,Andre kombinerte tjenester tilknyttet eiendomsdrift,direkte SN2007,81,false,false,false,
Engroshandel med fritidsbåter og -utstyr,false,,2,2023-11-01,2025-03-12,2,0,SN2007,T1,SN2007,46.493,Engroshandel med fritidsbåter og -utstyr,5,46.493,Engroshandel med fritidsbåter og -utstyr,direkte SN2007,46,false,false,false,
Engroshandel med papir og papp,false,,2,2022-09-28,2025-01-07,2,0,SN2007,T1,SN2007,46.761,Engroshandel med papir og papp,5,46.761,Engroshandel med papir og papp,direkte SN2007,46,false,false,false,
Reparasjon av elektrisk utstyr,false,,1,2024-03-06,2024-03-06,1,0,SN2007,T1,SN2007,33.140,Reparasjon av elektrisk utstyr,5,33.140,Reparasjon av elektrisk utstyr,direkte SN2007,33,false,false,false,
Reparasjon av elektronisk og optisk utstyr,false,,1,2023-04-17,2023-04-17,1,0,SN2007,T1,SN2007,33.130,Reparasjon av elektronisk og optisk utstyr,5,33.130,Reparasjon av elektronisk og optisk utstyr,direkte SN2007,33,false,false,false,
"Butikkhandel med fisk, skalldyr og bløtdyr \n Utleie av egen el",true,"Butikkhandel med fisk, skalldyr og bløtdyr",1,2022-12-21,2022-12-21,1,0,SN2007,T1,SN2007,47.230,"Butikkhandel med fisk, skalldyr og bløtdyr",5,47.230,"Butikkhandel med fisk, skalldyr og bløtdyr",direkte SN2007,47,false,false,false,
Reparasjon av skotøy og lærvarer,false,,1,2025-01-03,2025-01-03,1,0,SN2007,T1,SN2007,95.230,Reparasjon av skotøy og lærvarer,5,95.230,Reparasjon av skotøy og lærvarer,direkte SN2007,95,false,false,false,
"Reparasjon av ur, gull- og sølvvarer",false,,1,2023-12-14,2023-12-14,1,0,SN2007,T1,SN2007,95.250,"Reparasjon av ur, gull- og sølvvarer",5,95.250,"Reparasjon av ur, gull- og sølvvarer",direkte SN2007,95,false,false,false,
Reparasjon og vedlikehold av andre transportmidler,false,,1,2024-04-11,2024-04-11,1,0,SN2007,T1,SN2007,33.170,Reparasjon og vedlikehold av andre transportmidler,5,33.170,Reparasjon og vedlikehold av andre transportmidler,direkte SN2007,33,false,false,false,
Reparasjon og vedlikehold av annet utstyr,false,,1,2025-11-13,2025-11-13,0,1,SN2025,T2,SN2025,33.190,Reparasjon og vedlikehold av annet utstyr,5,33.190,Reparasjon av annet utstyr,korrespondanse 1:1,33,false,false,false,
Reparasjon og vedlikehold av elektrisk utstyr,false,,1,2025-12-18,2025-12-18,0,1,SN2025,T2,SN2025,33.140,Reparasjon og vedlikehold av elektrisk utstyr,5,33.140,Reparasjon av elektrisk utstyr,korrespondanse 1:1,33,false,false,false,
Reparasjon og vedlikehold av luftfartøyer og romfartøyer,false,,1,2025-08-21,2025-08-21,1,0,SN2007,T1,SN2007,33.160,Reparasjon og vedlikehold av luftfartøyer og romfartøyer,5,33.160,Reparasjon og vedlikehold av luftfartøyer og romfartøyer,direkte SN2007,33,false,false,false,
Reparasjon og vedlikehold av motorsykler,false,,1,2026-05-26,2026-05-26,0,1,SN2025,T2,SN2025,95.320,Reparasjon og vedlikehold av motorsykler,5,45.403,Vedlikehold og reparasjon av motorsykler,korrespondanse 1:1,45,false,false,false,
Butikkhandel med bredt vareutvalg ellers \n Butikkhandel med in,true,Butikkhandel med bredt vareutvalg ellers,1,2023-02-27,2023-02-27,1,0,SN2007,T1,SN2007,47.190,Butikkhandel med bredt vareutvalg ellers,5,47.190,Butikkhandel med bredt vareutvalg ellers,direkte SN2007,47,false,false,false,
Reparasjon og vedlikehold av sivile skip og båter,false,,1,2025-10-21,2025-10-21,0,1,SN2025,T2,SN2025,33.150,Reparasjon og vedlikehold av sivile skip og båter,5,33.120|33.150,Reparasjon av maskiner | Reparasjon og vedlikehold av skip og båter,korrespondanse 1:n,33,false,false,false,
Revisjon,false,,1,2021-09-10,2021-09-10,1,0,SN2007,T1,SN2007,69.202,Revisjon,5,69.202,Revisjon,direkte SN2007,69,false,false,false,
Butikkhandel med bakervarer og konditorvarer \n Butikkhandel me,true,Butikkhandel med bakervarer og konditorvarer,1,2024-03-21,2024-03-21,1,0,SN2007,T1,SN2007,47.241,Butikkhandel med bakervarer og konditorvarer,5,47.241,Butikkhandel med bakervarer og konditorvarer,direkte SN2007,47,false,false,false,
Rørleggerarbeid \n Engroshandel med rengjøringsmidler,true,Rørleggerarbeid,1,2022-09-12,2022-09-12,1,0,SN2007,T1,SN2007,43.221,Rørleggerarbeid,5,43.221,Rørleggerarbeid,direkte SN2007,43,true,true,false,
Sauehold,false,,1,2024-01-19,2024-01-19,1,0,SN2007,T1,SN2007,01.451,Sauehold,5,01.451,Sauehold,direkte SN2007,01,false,false,false,
Selvstendig kunstnerisk virksomhet ikke nevnt annet sted,false,,1,2025-04-22,2025-04-22,1,0,SN2007,T1,SN2007,90.039,Selvstendig kunstnerisk virksomhet ikke nevnt annet sted,5,90.039,Selvstendig kunstnerisk virksomhet ikke nevnt annet sted,direkte SN2007,90,false,false,false,
Butikkhandel ikke nevnt annet sted \n Varig tilrettelagt arbeid,true,Butikkhandel ikke nevnt annet sted,1,2024-08-02,2024-08-02,1,0,SN2007,T1,SN2007,47.789,Butikkhandel ikke nevnt annet sted,5,47.789,Butikkhandel ikke nevnt annet sted,direkte SN2007,47,false,false,false,
Skadedyrkontroll,false,,1,2023-02-28,2023-02-28,1,0,SN2007,T1,SN2007,81.291,Skadedyrkontroll,5,81.291,Skadedyrkontroll,direkte SN2007,81,false,false,false,
Skapende kunstnerisk virksomhet innenfor komposisjon av musi,false,,1,2025-12-17,2025-12-17,0,1,SN2025,T2,SN2025,90.112,Skapende kunstnerisk virksomhet innenfor komposisjon av musikk,5,90.032,Selvstendig kunstnerisk virksomhet innen musikk,korrespondanse 1:1,90,false,false,false,
Bryting av ikke-jernholdig malm ellers,false,,1,2024-08-16,2024-08-16,1,0,SN2007,T1,SN2007,07.290,Bryting av ikke-jernholdig malm ellers,5,07.290,Bryting av ikke-jernholdig malm ellers,direkte SN2007,07,false,false,false,
"Slakting av fisk, skalldyr og bløtdyr",false,,1,2025-09-05,2025-09-05,0,1,SN2025,T2,SN2025,10.202,"Slakting av fisk, skalldyr og bløtdyr",5,10.209,"Slakting, bearbeiding og konservering av fisk og fiskevarer ellers",korrespondanse 1:1,10,false,false,false,
"Bryting av dekorstein, kalkstein, gips, skifer og annen stei",false,,1,2026-03-16,2026-03-16,0,1,SN2025,T2,SN2025,08.110,"Bryting av dekorstein, kalkstein, gips, skifer og annen stein",5,08.111|08.112|08.113,"Bryting av stein til bygge- og anleggsvirksomhet | Bryting av kalkstein, gips og kritt | Bryting av skifer",korrespondanse 1:n,08,false,false,false,
Slepebåter,false,,1,2022-07-13,2022-07-13,1,0,SN2007,T1,SN2007,50.203,Slepebåter,5,50.203,Slepebåter,direkte SN2007,50,false,false,false,
"Smiing, stansing og valsing av metall, og pulvermetallurgi",false,,1,2025-01-22,2025-01-22,1,0,SN2007,T1,SN2007,25.500,"Smiing, stansing og valsing av metall, og pulvermetallurgi",5,25.500,"Smiing, stansing og valsing av metall, og pulvermetallurgi",direkte SN2007,25,false,false,false,
Snekkerarbeid \n Reparasjon og vedlikehold av motorvogner,true,Snekkerarbeid,1,2026-02-18,2026-02-18,0,1,SN2025,T2,SN2025,43.320,Snekkerarbeid,5,43.320|43.390,Snekkerarbeid | Annen ferdiggjøring av bygninger,korrespondanse 1:n,43,true,true,false,
Begravelsesbyråvirksomhet og lignende tjenester,false,,1,2026-07-07,2026-07-07,0,1,SN2025,T2,SN2025,96.300,Begravelsesbyråvirksomhet og lignende tjenester,5,96.030,Begravelsesbyråvirksomhet og drift av kirkegårder og krematorier,korrespondanse 1:1,96,false,false,false,
Sosialtjenester for rusmiddelmisbrukere uten botilbud,false,,1,2025-04-14,2025-04-14,1,0,SN2007,T1,SN2007,88.997,Sosialtjenester for rusmiddelmisbrukere uten botilbud,5,88.997,Sosialtjenester for rusmiddelmisbrukere uten botilbud,direkte SN2007,88,false,false,false,
Bedriftsrådgivning og annen administrativ rådgivning \n Telefon,true,Bedriftsrådgivning og annen administrativ rådgivning,1,2024-09-03,2024-09-03,1,0,SN2007,T1,SN2007,70.220,Bedriftsrådgivning og annen administrativ rådgivning,5,70.220,Bedriftsrådgivning og annen administrativ rådgivning,direkte SN2007,70,false,false,false,
Spesielle holdingselskaper,false,,1,2024-10-07,2024-10-07,1,0,SN2007,T1,SN2007,64.202,Spesielle holdingselskaper,5,64.202,Spesielle holdingselskaper,direkte SN2007,64,false,false,false,
Stukkatørarbeid og pussing,false,,1,2024-03-01,2024-03-01,1,0,SN2007,T1,SN2007,43.310,Stukkatørarbeid og pussing,5,43.310,Stukkatørarbeid og pussing,direkte SN2007,43,true,true,false,
Svinehold,false,,1,2023-10-04,2023-10-04,1,0,SN2007,T1,SN2007,01.460,Svinehold,5,01.460,Svinehold,direkte SN2007,01,false,false,false,
Avvirkning \n Utleie av egen eller leid fast eiendom ellers,true,Avvirkning,1,2020-05-22,2020-05-22,1,0,SN2007,T1,SN2007,02.200,Avvirkning,5,02.200,Avvirkning,direkte SN2007,02,false,false,false,
Telefonvakttjenester,false,,1,2024-03-21,2024-03-21,1,0,SN2007,T1,SN2007,82.201,Telefonvakttjenester,5,82.201,Telefonvakttjenester,direkte SN2007,82,false,false,false,
Tjenester i seniorsentre,false,,1,2026-08-11,2026-08-11,0,1,SN2025,T2,SN2025,88.103,Tjenester i seniorsentre,5,88.103,Eldresentre,korrespondanse 1:1,88,false,false,false,
"Agenturhandel med møbler, husholdningsvarer og jernvarer",false,,1,2023-12-05,2023-12-05,1,0,SN2007,T1,SN2007,46.150,"Agenturhandel med møbler, husholdningsvarer og jernvarer",5,46.150,"Agenturhandel med møbler, husholdningsvarer og jernvarer",direkte SN2007,46,false,false,false,
Avlastningsboliger/-institusjoner,false,,1,2022-12-01,2022-12-01,1,0,SN2007,T1,SN2007,87.304,Avlastningsboliger/-institusjoner,5,87.304,Avlastningsboliger/-institusjoner,direkte SN2007,87,false,false,false,
Asylmottak,false,,1,2024-12-06,2024-12-06,1,0,SN2007,T1,SN2007,88.996,Asylmottak,5,88.996,Asylmottak,direkte SN2007,88,false,false,false,
Tjenester tilknyttet skogbruk \n Oppføring av bygninger,true,Tjenester tilknyttet skogbruk,1,2023-06-13,2023-06-13,1,0,SN2007,T1,SN2007,02.400,Tjenester tilknyttet skogbruk,5,02.400,Tjenester tilknyttet skogbruk,direkte SN2007,02,false,false,false,
Arkitekttjenester vedrørende byggverk \n Byggeteknisk konsulent,true,Arkitekttjenester vedrørende byggverk,1,2024-05-13,2024-05-13,1,0,SN2007,T1,SN2007,71.112,Arkitekttjenester vedrørende byggverk,5,71.112,Arkitekttjenester vedrørende byggverk,direkte SN2007,71,false,false,false,
Arbeidstrening for ordinært arbeidsmarked,false,,1,2025-01-28,2025-01-28,1,0,SN2007,T1,SN2007,88.993,Arbeidstrening for ordinært arbeidsmarked,5,88.993,Arbeidstrening for ordinært arbeidsmarked,direkte SN2007,88,false,false,false,
Transportformidling ellers,false,,1,2023-10-13,2023-10-13,1,0,SN2007,T1,SN2007,52.299,Transportformidling ellers,5,52.299,Transportformidling ellers,direkte SN2007,52,false,false,false,
Annet fjørfehold,false,,1,2022-09-30,2022-09-30,1,0,SN2007,T1,SN2007,01.479,Annet fjørfehold,5,01.479,Annet fjørfehold,direkte SN2007,01,false,false,false,
Engroshandel med skipsutstyr og fiskeredskap,false,,1,2025-08-21,2025-08-21,1,0,SN2007,T1,SN2007,46.692,Engroshandel med skipsutstyr og fiskeredskap,5,46.692,Engroshandel med skipsutstyr og fiskeredskap,direkte SN2007,46,false,false,false,
Annen teknisk konsulentvirksomhet \n Utleie av arbeidskraft,true,Annen teknisk konsulentvirksomhet,1,2020-06-09,2020-06-09,1,0,SN2007,T1,SN2007,71.129,Annen teknisk konsulentvirksomhet,5,71.129,Annen teknisk konsulentvirksomhet,direkte SN2007,71,false,false,false,
Trykking ellers \n Bokbinding og tilknyttede tjenester,true,Trykking ellers,1,2026-06-19,2026-06-19,0,1,SN2025,T2,SN2025,18.120,Trykking ellers,5,18.120|74.200|82.190,"Trykking ellers | Fotografvirksomhet | Fotokopiering, forberedelse av dokumenter og andre spesialiserte kontortjenester",korrespondanse 1:n,18|74|82,false,false,false,
Trykking ellers \n Kontortjenester,true,Trykking ellers,1,2026-06-19,2026-06-19,0,1,SN2025,T2,SN2025,18.120,Trykking ellers,5,18.120|74.200|82.190,"Trykking ellers | Fotografvirksomhet | Fotokopiering, forberedelse av dokumenter og andre spesialiserte kontortjenester",korrespondanse 1:n,18|74|82,false,false,false,
Turistkontorvirksomhet og destinasjonsselskaper,false,,1,2024-11-20,2024-11-20,1,0,SN2007,T1,SN2007,79.901,Turistkontorvirksomhet og destinasjonsselskaper,5,79.901,Turistkontorvirksomhet og destinasjonsselskaper,direkte SN2007,79,false,false,false,
Annen spesialisert bygge- og anleggsvirksomhet \n Utleie og lea,true,Annen spesialisert bygge- og anleggsvirksomhet,1,2023-02-07,2023-02-07,1,0,SN2007,T1,SN2007,43.990,Annen spesialisert bygge- og anleggsvirksomhet,5,43.990,Annen spesialisert bygge- og anleggsvirksomhet,direkte SN2007,43,true,true,false,
Undervisning innenfor kort høyere yrkesfaglig utdanning \n Anne,true,Undervisning innenfor kort høyere yrkesfaglig utdanning,1,2026-01-05,2026-01-05,0,1,SN2025,T2,SN2025,85.330,Undervisning innenfor kort høyere yrkesfaglig utdanning,5,85.410,Undervisning ved fagskoler,korrespondanse 1:1,85,false,false,false,
Undervisning ved andre høgskoler,false,,1,2023-09-04,2023-09-04,1,0,SN2007,T1,SN2007,85.429,Undervisning ved andre høgskoler,5,85.429,Undervisning ved andre høgskoler,direkte SN2007,85,false,false,false,
Undervisning ved fagskoler,false,,1,2025-02-12,2025-02-12,1,0,SN2007,T1,SN2007,85.410,Undervisning ved fagskoler,5,85.410,Undervisning ved fagskoler,direkte SN2007,85,false,false,false,
Annen bryting og utvinning ikke nevnt annet sted,false,,1,2023-07-13,2023-07-13,1,0,SN2007,T1,SN2007,08.990,Annen bryting og utvinning ikke nevnt annet sted,5,08.990,Annen bryting og utvinning ikke nevnt annet sted,direkte SN2007,08,false,false,false,
Andre tjenester tilknyttet utvinning av råolje og naturgass \n ,true,Andre tjenester tilknyttet utvinning av råolje og naturgass,1,2017-02-28,2017-02-28,1,0,SN2007,T1,SN2007,09.109,Andre tjenester tilknyttet utvinning av råolje og naturgass,5,09.109,Andre tjenester tilknyttet utvinning av råolje og naturgass,direkte SN2007,09,false,false,false,
Utenriks sjøfart med passasjerer,false,,1,2023-09-07,2023-09-07,1,0,SN2007,T1,SN2007,50.101,Utenriks sjøfart med passasjerer,5,50.101,Utenriks sjøfart med passasjerer,direkte SN2007,50,false,false,false,
Verdipapirmegling,false,,1,2026-03-24,2026-03-24,0,1,SN2025,T2,SN2025,66.120,Verdipapirmegling,5,66.120,Verdipapirmegling,identisk kode i begge standarder,66,false,false,false,
Voksenopplæringssentre \n Annen undervisning ikke nevnt annet s,true,Voksenopplæringssentre,1,2025-04-08,2025-04-08,1,0,SN2007,T1,SN2007,85.594,Voksenopplæringssentre,5,85.594,Voksenopplæringssentre,direkte SN2007,85,false,false,false,
Andre tjenester tilknyttet sjøtransport,false,,1,2026-05-04,2026-05-04,0,1,SN2025,T2,SN2025,52.220,Andre tjenester tilknyttet sjøtransport,5,52.221|52.222|52.223|52.229,Drift av havne- og kaianlegg | Redningstjeneste | Forsyningsbaser | Tjenester tilknyttet sjøtransport ellers,korrespondanse 1:n,52,false,false,false,
Andre tjenester tilknyttet lufttransport,false,,1,2021-05-27,2021-05-27,1,0,SN2007,T1,SN2007,52.230,Andre tjenester tilknyttet lufttransport,5,52.230,Andre tjenester tilknyttet lufttransport,direkte SN2007,52,false,false,false,
Andre tjenester tilknyttet finansieringsvirksomhet og kollek,false,,1,2025-12-10,2025-12-10,0,1,SN2025,T2,SN2025,66.190,Andre tjenester tilknyttet finansieringsvirksomhet og kollektive investeringsfond,5,66.190,Andre tjenester tilknyttet finansieringsvirksomhet,korrespondanse 1:1,66,false,false,false,
"Engroshandel med klokker, ur og smykker",false,,1,2026-04-08,2026-04-08,0,1,SN2025,T2,SN2025,46.480,"Engroshandel med klokker, ur og smykker",5,46.481|46.482,Engroshandel med klokker og ur | Engroshandel med gull- og sølvvarer,korrespondanse 1:n,46,false,false,false,
Engroshandel med klær \n Butikkhandel med klær,true,Engroshandel med klær,1,2024-08-06,2024-08-06,1,0,SN2007,T1,SN2007,46.421,Engroshandel med klær,5,46.421,Engroshandel med klær,direkte SN2007,46,false,false,false,
"Engroshandel med kjøkkenutstyr av porselen, glass og steintø",false,,1,2026-02-26,2026-02-26,0,1,SN2025,T2,SN2025,46.440,"Engroshandel med kjøkkenutstyr av porselen, glass og steintøy og rengjøringsmidler",5,46.441|46.442,"Engroshandel med kjøkkenutstyr, glass og steintøy | Engroshandel med rengjøringsmidler",korrespondanse 1:n,46,false,false,false,
"Engroshandel med kaffe, te, kakao og krydder",false,,1,2024-04-22,2024-04-22,1,0,SN2007,T1,SN2007,46.370,"Engroshandel med kaffe, te, kakao og krydder",5,46.370,"Engroshandel med kaffe, te, kakao og krydder",direkte SN2007,46,false,false,false,
Engroshandel med gulvtepper,false,,1,2025-04-23,2025-04-23,1,0,SN2007,T1,SN2007,46.472,Engroshandel med gulvtepper,5,46.472,Engroshandel med gulvtepper,direkte SN2007,46,false,false,false,
Engroshandel med gull- og sølvvarer,false,,1,2025-01-06,2025-01-06,1,0,SN2007,T1,SN2007,46.482,Engroshandel med gull- og sølvvarer,5,46.482,Engroshandel med gull- og sølvvarer,direkte SN2007,46,false,false,false,
Engroshandel med optiske artikler,false,,1,2025-01-28,2025-01-28,1,0,SN2007,T1,SN2007,46.435,Engroshandel med optiske artikler,5,46.435,Engroshandel med optiske artikler,direkte SN2007,46,false,false,false,
Engroshandel med fotoutstyr,false,,1,2025-07-30,2025-07-30,1,0,SN2007,T1,SN2007,46.434,Engroshandel med fotoutstyr,5,46.434,Engroshandel med fotoutstyr,direkte SN2007,46,false,false,false,
Engroshandel med parfyme og kosmetikk \n Engroshandel med sykep,true,Engroshandel med parfyme og kosmetikk,1,2025-03-06,2025-03-06,1,0,SN2007,T1,SN2007,46.450,Engroshandel med parfyme og kosmetikk,5,46.450,Engroshandel med parfyme og kosmetikk,direkte SN2007,46,false,false,false,
Annen trafikkskoleundervisning,false,,1,2025-12-19,2025-12-19,0,1,SN2025,T2,SN2025,85.532,Annen trafikkskoleundervisning,5,85.530,Trafikkskoleundervisning,korrespondanse 1:1,85,false,false,false,
Engroshandel med fargevarer \n Butikkhandel med fargevarer,true,Engroshandel med fargevarer,1,2023-12-19,2023-12-19,1,0,SN2007,T1,SN2007,46.733,Engroshandel med fargevarer,5,46.733,Engroshandel med fargevarer,direkte SN2007,46,false,false,false,
Engroshandel med deler og utstyr for motorvogner,false,,1,2026-06-19,2026-06-19,0,1,SN2025,T2,SN2025,46.720,Engroshandel med deler og utstyr for motorvogner,5,45.310,"Agentur- og engroshandel med deler og utstyr til motorvogner, unntatt motorsykler",korrespondanse 1:1,45,false,false,false,
Engroshandel med belysningsutstyr \n Butikkhandel med belysning,true,Engroshandel med belysningsutstyr,1,2023-06-30,2023-06-30,1,0,SN2007,T1,SN2007,46.473,Engroshandel med belysningsutstyr,5,46.473,Engroshandel med belysningsutstyr,direkte SN2007,46,false,false,false,
Etterbehandling av treprodukter,false,,1,2025-10-27,2025-10-27,0,1,SN2025,T2,SN2025,16.270,Etterbehandling av treprodukter,5,16.210|16.220|16.232|16.240|16.290,"Produksjon av finerplater og andre bygnings- og møbelplater av tre | Produksjon av sammensatte parkettstaver | Produksjon av bygningsartikler | Produksjon av treemballasje | Produksjon av andre trevarer og varer av kork, strå og flettematerialer",korrespondanse 1:n,16,false,false,false,
Etterforskningstjenester og private vakttjenester,false,,1,2026-03-12,2026-03-12,0,1,SN2025,T2,SN2025,80.010,Etterforskningstjenester og private vakttjenester,5,80.100|80.300,Private vakttjenester | Etterforsking,korrespondanse 1:n,80,false,false,false,
Filmframvisning,false,,1,2024-10-18,2024-10-18,1,0,SN2007,T1,SN2007,59.140,Filmframvisning,5,59.140,Filmframvisning,direkte SN2007,59,false,false,false,
Elektrisk installasjonsarbeid \n Detaljhandel med deler og utst,true,Elektrisk installasjonsarbeid,1,2022-07-08,2022-07-08,1,0,SN2007,T1,SN2007,43.210,Elektrisk installasjonsarbeid,5,43.210,Elektrisk installasjonsarbeid,direkte SN2007,43,true,true,false,
"Dyrking av krydder og aromatiske, medisinske og farmasøytisk",false,,1,2024-07-11,2024-07-11,1,0,SN2007,T1,SN2007,01.280,"Dyrking av krydder og aromatiske, medisinske og farmasøytiske vekster",5,01.280,"Dyrking av krydder og aromatiske, medisinske og farmasøytiske vekster",direkte SN2007,01,false,false,false,
"Dyrking av korn, unntatt ris, belgvekster og oljeholdige vek",false,,1,2025-12-08,2025-12-08,0,1,SN2025,T2,SN2025,01.110,"Dyrking av korn, unntatt ris, belgvekster og oljeholdige vekster",5,01.110,"Dyrking av korn (unntatt ris), belgvekster og oljeholdige vekster",korrespondanse 1:1,01,false,false,false,
Folkehøgskoleundervisning,false,,1,2024-07-31,2024-07-31,1,0,SN2007,T1,SN2007,85.591,Folkehøgskoleundervisning,5,85.591,Folkehøgskoleundervisning,direkte SN2007,85,false,false,false,
Formidlingstjenester tilknyttet detaljhandel med bredt vareu,false,,1,2025-10-23,2025-10-23,0,1,SN2025,T2,SN2025,47.910,Formidlingstjenester tilknyttet detaljhandel med bredt vareutvalg,5,47.111|47.112|47.190|47.791|47.792|47.799|47.890|47.911|47.990|82.990,Butikkhandel med bredt vareutvalg med hovedvekt på nærings- og nytelsesmidler | Kioskhandel med bredt vareutvalg med hovedvekt på nærings- og nytelsesmidler | Butikkhandel med bredt vareutvalg ellers | Butikkhandel med antikviteter | Butikkhandel med brukte klær | Butikkhandel med brukte varer ellers | Torghandel med andre varer | Postordre-/Internetthandel med bredt vareutvalg | Detaljhandel utenom utsalgssted ellers | Annen forretningsmessig tjenesteyting ikke nevnt annet sted,korrespondanse 1:n,47|82,false,false,false,
Formidlingstjenester tilknyttet forretningsmessig tjenesteyt,false,,1,2026-06-04,2026-06-04,0,1,SN2025,T2,SN2025,82.400,Formidlingstjenester tilknyttet forretningsmessig tjenesteyting ikke nevnt annet sted,5,79.909|82.990,Turistrelaterte tjenester ikke nevnt annet sted | Annen forretningsmessig tjenesteyting ikke nevnt annet sted,korrespondanse 1:n,79|82,false,false,false,
Formidlingstjenester tilknyttet kurs og veiledere,false,,1,2026-03-30,2026-03-30,0,1,SN2025,T2,SN2025,85.610,Formidlingstjenester tilknyttet kurs og veiledere,5,82.990,Annen forretningsmessig tjenesteyting ikke nevnt annet sted,korrespondanse 1:1,82,false,false,false,
"Dyrking av grønnsaker, meloner, rot- og knollvekster \n Svineho",true,"Dyrking av grønnsaker, meloner, rot- og knollvekster",1,2025-10-15,2025-10-15,0,1,SN2025,T2,SN2025,01.130,"Dyrking av grønnsaker, meloner, rot- og knollvekster",5,01.130|01.190|01.280,"Dyrking av grønnsaker, meloner, rot- og knollvekster | Dyrking av ettårige vekster ellers | Dyrking av krydder og aromatiske, medisinske og farmasøytiske vekster",korrespondanse 1:n,01,false,false,false,
Drosjebiltransport \n Trafikkskoleundervisning,true,Drosjebiltransport,1,2023-09-11,2023-09-11,1,0,SN2007,T1,SN2007,49.320,Drosjebiltransport,5,49.320,Drosjebiltransport,direkte SN2007,49,false,false,false,
Forskning og utviklingsarbeid innen samfunnsvitenskap og hum,false,,1,2023-05-12,2023-05-12,1,0,SN2007,T1,SN2007,72.200,Forskning og utviklingsarbeid innen samfunnsvitenskap og humanistiske fag,5,72.200,Forskning og utviklingsarbeid innen samfunnsvitenskap og humanistiske fag,direkte SN2007,72,false,false,false,
Forsyningsbaser,false,,1,2023-04-17,2023-04-17,1,0,SN2007,T1,SN2007,52.223,Forsyningsbaser,5,52.223,Forsyningsbaser,direkte SN2007,52,false,false,false,
Utleie og leasing av kontor- og datamaskiner,false,,1,2024-04-12,2024-04-12,1,0,SN2007,T1,SN2007,77.330,Utleie og leasing av kontor- og datamaskiner,5,77.330,Utleie og leasing av kontor- og datamaskiner,direkte SN2007,77,false,false,false,
Drosjebiltransport \n Frisering og annen skjønnhetspleie,true,Drosjebiltransport,1,2025-01-21,2025-01-21,1,0,SN2007,T1,SN2007,49.320,Drosjebiltransport,5,49.320,Drosjebiltransport,direkte SN2007,49,false,false,false,
"Fotokopiering, forberedelse av dokumenter og andre spesialis",false,,1,2025-06-16,2025-06-16,1,0,SN2007,T1,SN2007,82.190,"Fotokopiering, forberedelse av dokumenter og andre spesialiserte kontortjenester",5,82.190,"Fotokopiering, forberedelse av dokumenter og andre spesialiserte kontortjenester",direkte SN2007,82,false,false,false,
Drift av vandrerhjem og ferieleiligheter \n Drift av restaurant,true,Drift av vandrerhjem og ferieleiligheter,1,2025-09-10,2025-09-10,0,1,SN2025,T2,SN2025,55.200,Drift av vandrerhjem og ferieleiligheter,5,55.201|55.202,Drift av vandrerhjem | Drift av ferieleiligheter,korrespondanse 1:n,55,false,false,false,
Drift av vandrerhjem og ferieleiligheter,false,,1,2025-12-01,2025-12-01,0,1,SN2025,T2,SN2025,55.200,Drift av vandrerhjem og ferieleiligheter,5,55.201|55.202,Drift av vandrerhjem | Drift av ferieleiligheter,korrespondanse 1:n,55,false,false,false,
Drift av søkemotorer,false,,1,2026-02-06,2026-02-06,0,1,SN2025,T2,SN2025,63.910,Drift av søkemotorer,5,63.120,Drift av web-portaler,korrespondanse 1:1,63,false,false,false,
"Frysing av fisk, fiskefileter, skalldyr og bløtdyr",false,,1,2024-08-07,2024-08-07,1,0,SN2007,T1,SN2007,10.202,"Frysing av fisk, fiskefileter, skalldyr og bløtdyr",5,10.202,"Frysing av fisk, fiskefileter, skalldyr og bløtdyr",direkte SN2007,10,false,false,false,
"Frysing og videre bearbeiding av fisk, skalldyr og bløtdyr",false,,1,2025-09-22,2025-09-22,0,1,SN2025,T2,SN2025,10.203,"Frysing og videre bearbeiding av fisk, skalldyr og bløtdyr",5,10.202|10.203|10.209,"Frysing av fisk, fiskefileter, skalldyr og bløtdyr | Produksjon av fiskehermetikk | Slakting, bearbeiding og konservering av fisk og fiskevarer ellers",korrespondanse 1:n,10,false,false,false,
Fysioterapi- og ergoterapitjenester,false,,1,2026-07-08,2026-07-08,0,1,SN2025,T2,SN2025,86.950,Fysioterapi- og ergoterapitjenester,5,86.107|86.902|86.909,Rehabiliterings- og opptreningsinstitusjoner | Fysioterapitjeneste | Andre helsetjenester,korrespondanse 1:n,86,false,false,false,
Førskoleundervisning og drift av barnehager,false,,1,2025-10-07,2025-10-07,0,1,SN2025,T2,SN2025,85.100,Førskoleundervisning og drift av barnehager,5,85.100|88.911,Førskoleundervisning | Barnehager,korrespondanse 1:n,85|88,false,false,false,
Geitehold,false,,1,2026-05-06,2026-05-06,0,1,SN2025,T2,SN2025,01.452,Geitehold,5,01.452,Geitehold,identisk kode i begge standarder,01,false,false,false,
Geitehold \n Byggeteknisk konsulentvirksomhet,true,Geitehold,1,2024-05-13,2024-05-13,1,0,SN2007,T1,SN2007,01.452,Geitehold,5,01.452,Geitehold,direkte SN2007,01,false,false,false,
Drift av restauranter og kafeer \n Frisering og annen skjønnhet,true,Drift av restauranter og kafeer,1,2023-10-06,2023-10-06,1,0,SN2007,T1,SN2007,56.101,Drift av restauranter og kafeer,5,56.101,Drift av restauranter og kafeer,direkte SN2007,56,false,false,false,
Drift av restauranter og kafeer \n Drift av gatekjøkken,true,Drift av restauranter og kafeer,1,2023-01-16,2023-01-16,1,0,SN2007,T1,SN2007,56.101,Drift av restauranter og kafeer,5,56.101,Drift av restauranter og kafeer,direkte SN2007,56,false,false,false,
Drift av restauranter og kafeer \n Drift av barer ellers,true,Drift av restauranter og kafeer,1,2024-06-13,2024-06-13,1,0,SN2007,T1,SN2007,56.101,Drift av restauranter og kafeer,5,56.101,Drift av restauranter og kafeer,direkte SN2007,56,false,false,false,
Godstransport på vei \n Andre post- og budtjenester,true,Godstransport på vei,1,2025-05-13,2025-05-13,1,0,SN2007,T1,SN2007,49.410,Godstransport på vei,5,49.410,Godstransport på vei,direkte SN2007,49,false,false,false,
Godstransport på vei \n Programmeringstjenester,true,Godstransport på vei,1,2023-05-09,2023-05-09,1,0,SN2007,T1,SN2007,49.410,Godstransport på vei,5,49.410,Godstransport på vei,direkte SN2007,49,false,false,false,
Drift av restauranter og kafeer \n Cateringvirksomhet,true,Drift av restauranter og kafeer,1,2023-06-23,2023-06-23,1,0,SN2007,T1,SN2007,56.101,Drift av restauranter og kafeer,5,56.101,Drift av restauranter og kafeer,direkte SN2007,56,false,false,false,
Drift av restauranter og kafeer \n Bedriftsrådgivning og annen,true,Drift av restauranter og kafeer,1,2022-12-30,2022-12-30,1,0,SN2007,T1,SN2007,56.101,Drift av restauranter og kafeer,5,56.101,Drift av restauranter og kafeer,direkte SN2007,56,false,false,false,
Grunnarbeid \n Utleie og leasing av bygge- og anleggsmaskiner o,true,Grunnarbeid,1,2026-03-13,2026-03-13,0,1,SN2025,T2,SN2025,43.120,Grunnarbeid,5,43.120,Grunnarbeid,identisk kode i begge standarder,43,true,true,false,
Drift av restauranter \n Utleie av egen eller leid fast eiendom,true,Drift av restauranter,1,2026-01-29,2026-01-29,0,1,SN2025,T2,SN2025,56.110,Drift av restauranter,5,56.101|56.102,Drift av restauranter og kafeer | Drift av gatekjøkken,korrespondanse 1:n,56,false,false,false,
Drift av restauranter \n Andre tjenester tilknyttet kunstnerisk,true,Drift av restauranter,1,2025-09-09,2025-09-09,0,1,SN2025,T2,SN2025,56.110,Drift av restauranter,5,56.101|56.102,Drift av restauranter og kafeer | Drift av gatekjøkken,korrespondanse 1:n,56,false,false,false,
Hjemmesykepleie,false,,1,2024-02-23,2024-02-23,1,0,SN2007,T1,SN2007,86.901,Hjemmesykepleie,5,86.901,Hjemmesykepleie,direkte SN2007,86,false,false,false,
Utleie og leasing av landbruksmaskiner og -utstyr,false,,1,2023-03-09,2023-03-09,1,0,SN2007,T1,SN2007,77.310,Utleie og leasing av landbruksmaskiner og -utstyr,5,77.310,Utleie og leasing av landbruksmaskiner og -utstyr,direkte SN2007,77,false,false,false,
Hold av verpehøner for konsumeggproduksjon \n Butikkhandel med,true,Hold av verpehøner for konsumeggproduksjon,1,2024-04-16,2024-04-16,1,0,SN2007,T1,SN2007,01.471,Hold av verpehøner for konsumeggproduksjon,5,01.471,Hold av verpehøner for konsumeggproduksjon,direkte SN2007,01,false,false,false,
Idrettslag og -klubber,false,,1,2024-10-22,2024-10-22,1,0,SN2007,T1,SN2007,93.120,Idrettslag og -klubber,5,93.120,Idrettslag og -klubber,direkte SN2007,93,false,false,false,
Drift av lokaler tilknyttet kunstnerisk virksomhet,false,,1,2023-03-30,2023-03-30,1,0,SN2007,T1,SN2007,90.040,Drift av lokaler tilknyttet kunstnerisk virksomhet,5,90.040,Drift av lokaler tilknyttet kunstnerisk virksomhet,direkte SN2007,90,false,false,false,
Andre helsetjenester ellers \n Omsorgstjenester i botilbud for,true,Andre helsetjenester ellers,1,2025-10-22,2025-10-22,0,1,SN2025,T2,SN2025,86.993,Andre helsetjenester ellers,5,86.906|86.909,Medisinske laboratorietjenester | Andre helsetjenester,korrespondanse 1:n,86,false,false,false,
Innrednings- og installasjonsarbeid utført på borerigger og,false,,1,2023-03-01,2023-03-01,1,0,SN2007,INGEN,,,,,,,,,,,,
Alternative investeringsfond (AIF) som ikke er verdipapirfon,false,,1,2023-10-20,2023-10-20,1,0,SN2007,T1,SN2007,64.302,Alternative investeringsfond (AIF) som ikke er verdipapirfond,5,64.302,Alternative investeringsfond (AIF) som ikke er verdipapirfond,direkte SN2007,64,false,false,false,
Innsamling av farlig avfall,false,,1,2020-11-23,2020-11-23,1,0,SN2007,T1,SN2007,38.120,Innsamling av farlig avfall,5,38.120,Innsamling av farlig avfall,direkte SN2007,38,false,false,false,
"Drift av hoteller, pensjonater og moteller uten restaurant",false,,1,2025-05-26,2025-05-26,1,0,SN2007,T1,SN2007,55.102,"Drift av hoteller, pensjonater og moteller uten restaurant",5,55.102,"Drift av hoteller, pensjonater og moteller uten restaurant",direkte SN2007,55,false,false,false,
"Drift av hoteller, pensjonater og moteller med restaurant \n Ut",true,"Drift av hoteller, pensjonater og moteller med restaurant",1,2020-07-15,2020-07-15,1,0,SN2007,T1,SN2007,55.101,"Drift av hoteller, pensjonater og moteller med restaurant",5,55.101,"Drift av hoteller, pensjonater og moteller med restaurant",direkte SN2007,55,false,false,false,
"Drift av hoteller, pensjonater og moteller med restaurant \n Ko",true,"Drift av hoteller, pensjonater og moteller med restaurant",1,2023-02-15,2023-02-15,1,0,SN2007,T1,SN2007,55.101,"Drift av hoteller, pensjonater og moteller med restaurant",5,55.101,"Drift av hoteller, pensjonater og moteller med restaurant",direkte SN2007,55,false,false,false,
Drift av historiske steder og bygninger og lignende severdig,false,,1,2025-06-25,2025-06-25,1,0,SN2007,T1,SN2007,91.030,Drift av historiske steder og bygninger og lignende severdigheter,5,91.030,Drift av historiske steder og bygninger og lignende severdigheter,direkte SN2007,91,false,false,false,
Drift av havne- og kaianlegg,false,,1,2024-01-11,2024-01-11,1,0,SN2007,T1,SN2007,52.221,Drift av havne- og kaianlegg,5,52.221,Drift av havne- og kaianlegg,direkte SN2007,52,false,false,false,
Drift av ferieleiligheter \n Drift av puber,true,Drift av ferieleiligheter,1,2024-10-14,2024-10-14,1,0,SN2007,T1,SN2007,55.202,Drift av ferieleiligheter,5,55.202,Drift av ferieleiligheter,direkte SN2007,55,false,false,false,
Drift av campingplasser,false,,1,2026-04-07,2026-04-07,0,1,SN2025,T2,SN2025,55.300,Drift av campingplasser,5,55.300,Drift av campingplasser,identisk kode i begge standarder,55,false,false,false,
Detaljhandel med tekstiler og utstyrsvarer \n Detaljhandel med,true,Detaljhandel med tekstiler og utstyrsvarer,1,2026-02-12,2026-02-12,0,1,SN2025,T2,SN2025,47.510,Detaljhandel med tekstiler og utstyrsvarer,5,47.510|47.820|47.912|47.990,"Butikkhandel med tekstiler og utstyrsvarer | Torghandel med tekstiler, klær, skotøy og utstyrsvarer | Postordre-/Internetthandel med tekstiler, utstyrsvarer, klær, skotøy, reiseeffekter og lærvarer | Detaljhandel utenom utsalgssted ellers",korrespondanse 1:n,47,false,false,false,
Detaljhandel med motorvogner \n Reparasjon og vedlikehold av mo,true,Detaljhandel med motorvogner,1,2026-06-01,2026-06-01,0,1,SN2025,T2,SN2025,47.810,Detaljhandel med motorvogner,5,45.112|45.192,"Detaljhandel med biler og lette motorvogner, unntatt motorsykler | Detaljhandel med andre motorvogner, unntatt motorsykler",korrespondanse 1:n,45,false,false,false,
Kysttrafikk med passasjerer ikke nevnt annet sted,false,,1,2026-08-12,2026-08-12,0,1,SN2025,T2,SN2025,50.109,Kysttrafikk med passasjerer ikke nevnt annet sted,5,50.109,Kysttrafikk ellers med passasjerer,korrespondanse 1:1,50,false,false,false,
Landskapsarkitekttjenester,false,,1,2025-04-01,2025-04-01,1,0,SN2007,T1,SN2007,71.113,Landskapsarkitekttjenester,5,71.113,Landskapsarkitekttjenester,direkte SN2007,71,false,false,false,
Detaljhandel med motorsykler og tilhørende deler og utstyr \n R,true,Detaljhandel med motorsykler og tilhørende deler og utstyr,1,2026-07-09,2026-07-09,0,1,SN2025,T2,SN2025,47.830,Detaljhandel med motorsykler og tilhørende deler og utstyr,5,45.402,"Detaljhandel med motorsykler, deler og utstyr",korrespondanse 1:1,45,false,false,false,
Legetjenester innen psykisk helsevern,false,,1,2024-11-04,2024-11-04,1,0,SN2007,T1,SN2007,86.222,Legetjenester innen psykisk helsevern,5,86.222,Legetjenester innen psykisk helsevern,direkte SN2007,86,false,false,false,
Lotteri og totalisatorspill,false,,1,2024-09-25,2024-09-25,1,0,SN2007,T1,SN2007,92.000,Lotteri og totalisatorspill,5,92.000,Lotteri og totalisatorspill,direkte SN2007,92,false,false,false,
Malerarbeid \n Butikkhandel med fargevarer,true,Malerarbeid,1,2025-05-27,2025-05-27,1,0,SN2007,T1,SN2007,43.341,Malerarbeid,5,43.341,Malerarbeid,direkte SN2007,43,true,true,false,
Markeds- og opinionsundersøkelser,false,,1,2020-04-16,2020-04-16,1,0,SN2007,T1,SN2007,73.200,Markeds- og opinionsundersøkelser,5,73.200,Markeds- og opinionsundersøkelser,direkte SN2007,73,false,false,false,
Medisinske laboratorietjenester,false,,1,2024-07-02,2024-07-02,1,0,SN2007,T1,SN2007,86.906,Medisinske laboratorietjenester,5,86.906,Medisinske laboratorietjenester,direkte SN2007,86,false,false,false,
Melkeproduksjon på storfe,false,,1,2024-10-16,2024-10-16,1,0,SN2007,T1,SN2007,01.410,Melkeproduksjon på storfe,5,01.410,Melkeproduksjon på storfe,direkte SN2007,01,false,false,false,
Melkeproduksjon på storfe \n Svinehold,true,Melkeproduksjon på storfe,1,2023-08-15,2023-08-15,1,0,SN2007,T1,SN2007,01.410,Melkeproduksjon på storfe,5,01.410,Melkeproduksjon på storfe,direkte SN2007,01,false,false,false,
Allmennlegetjenester,false,,1,2026-05-28,2026-05-28,0,1,SN2025,T2,SN2025,86.210,Allmennlegetjenester,5,86.211,Allmenn legetjeneste,korrespondanse 1:1,86,false,false,false,
"Miljøutbedring, opprydding og lignende aktivitet",false,,1,2025-11-17,2025-11-17,0,1,SN2025,T2,SN2025,39.000,"Miljøutbedring, opprydding og lignende aktivitet",5,39.000,"Miljørydding, miljørensing og lignende virksomhet",korrespondanse 1:1,39,false,false,false,
"Detaljhandel med klær \n Industri-, produkt- og motedesignvirks",true,Detaljhandel med klær,1,2026-08-13,2026-08-13,0,1,SN2025,T2,SN2025,47.710,Detaljhandel med klær,5,47.710|47.820|47.912|47.990,"Butikkhandel med klær | Torghandel med tekstiler, klær, skotøy og utstyrsvarer | Postordre-/Internetthandel med tekstiler, utstyrsvarer, klær, skotøy, reiseeffekter og lærvarer | Detaljhandel utenom utsalgssted ellers",korrespondanse 1:n,47,false,false,false,
Nyhetsbyråer,false,,1,2024-08-19,2024-08-19,1,0,SN2007,T1,SN2007,63.910,Nyhetsbyråer,5,63.910,Nyhetsbyråer,direkte SN2007,63,false,false,false,
Omsorgstjenester i botilbud for personer med psykiske helsep,false,,1,2025-10-23,2025-10-23,0,1,SN2025,T2,SN2025,87.201,Omsorgstjenester i botilbud for personer med psykiske helseproblemer og/eller rusmiddelproblemer,5,86.106|87.201|87.202|87.302|87.303,Rusmiddelinstitusjoner | Psykiatriske sykehjem | Omsorgsinstitusjoner for rusmiddelmisbrukere | Bofellesskap for eldre og funksjonshemmede med fast tilknyttet personell hele døgnet | Bofellesskap for eldre og funksjonshemmede med fast tilknyttet personell deler av døgnet,korrespondanse 1:n,86|87,false,false,false,
Oppdrett av annet storfe til kjøttproduksjon og sædproduksjo,false,,1,2025-10-14,2025-10-14,0,1,SN2025,T2,SN2025,01.420,Oppdrett av annet storfe til kjøttproduksjon og sædproduksjon,5,01.420,Oppdrett av annet storfe,korrespondanse 1:1,01,false,false,false,
Oppdrett av hester og andre dyr av hestefamilien,false,,1,2025-05-07,2025-05-07,1,0,SN2007,T1,SN2007,01.430,Oppdrett av hester og andre dyr av hestefamilien,5,01.430,Oppdrett av hester og andre dyr av hestefamilien,direkte SN2007,01,false,false,false,
Detaljhandel med klær \n Detaljhandel med kosmetikk og toaletta,true,Detaljhandel med klær,1,2025-11-25,2025-11-25,0,1,SN2025,T2,SN2025,47.710,Detaljhandel med klær,5,47.710|47.820|47.912|47.990,"Butikkhandel med klær | Torghandel med tekstiler, klær, skotøy og utstyrsvarer | Postordre-/Internetthandel med tekstiler, utstyrsvarer, klær, skotøy, reiseeffekter og lærvarer | Detaljhandel utenom utsalgssted ellers",korrespondanse 1:n,47,false,false,false,
Oppføring av bygninger \n Eiendomsmegling,true,Oppføring av bygninger,1,2024-11-25,2024-11-25,1,0,SN2007,T1,SN2007,41.200,Oppføring av bygninger,5,41.200,Oppføring av bygninger,direkte SN2007,41,true,true,false,
Detaljhandel med frukt og grønnsaker,false,,1,2025-11-06,2025-11-06,0,1,SN2025,T2,SN2025,47.210,Detaljhandel med frukt og grønnsaker,5,47.210|47.810|47.919|47.990,"Butikkhandel med frukt og grønnsaker | Torghandel med næringsmidler, drikkevarer og tobakksvarer | Postordre-/Internetthandel med annet spesialisert vareutvalg | Detaljhandel utenom utsalgssted ellers",korrespondanse 1:n,47,false,false,false,
Overflatebehandling av metaller \n Annen spesialisert bygge- og,true,Overflatebehandling av metaller,1,2024-02-13,2024-02-13,1,0,SN2007,T1,SN2007,25.610,Overflatebehandling av metaller,5,25.610,Overflatebehandling av metaller,direkte SN2007,25,false,false,false,
"Detaljhandel med fisk, skalldyr og bløtdyr",false,,1,2026-06-23,2026-06-23,0,1,SN2025,T2,SN2025,47.230,"Detaljhandel med fisk, skalldyr og bløtdyr",5,47.230|47.810|47.919|47.990,"Butikkhandel med fisk, skalldyr og bløtdyr | Torghandel med næringsmidler, drikkevarer og tobakksvarer | Postordre-/Internetthandel med annet spesialisert vareutvalg | Detaljhandel utenom utsalgssted ellers",korrespondanse 1:n,47,false,false,false,
PR og kommunikasjonstjenester \n Reklamebyråer,true,PR og kommunikasjonstjenester,1,2023-06-14,2023-06-14,1,0,SN2007,T1,SN2007,70.210,PR og kommunikasjonstjenester,5,70.210,PR og kommunikasjonstjenester,direkte SN2007,70,false,false,false,
PR og kommunikasjonstjenester \n Telefonsalg,true,PR og kommunikasjonstjenester,1,2024-02-22,2024-02-22,1,0,SN2007,T1,SN2007,70.210,PR og kommunikasjonstjenester,5,70.210,PR og kommunikasjonstjenester,direkte SN2007,70,false,false,false,
Pakkevirksomhet,false,,1,2023-03-24,2023-03-24,1,0,SN2007,T1,SN2007,82.920,Pakkevirksomhet,5,82.920,Pakkevirksomhet,direkte SN2007,82,false,false,false,
Detaljhandel med deler og utstyr til motorvogner \n Reparasjon,true,Detaljhandel med deler og utstyr til motorvogner,1,2026-05-28,2026-05-28,0,1,SN2025,T2,SN2025,47.820,Detaljhandel med deler og utstyr til motorvogner,5,45.320,"Detaljhandel med deler og utstyr til motorvogner, unntatt motorsykler",korrespondanse 1:1,45,false,false,false,
Allmenn legetjeneste \n Tannhelsetjenester,true,Allmenn legetjeneste,1,2024-11-13,2024-11-13,1,0,SN2007,T1,SN2007,86.211,Allmenn legetjeneste,5,86.211,Allmenn legetjeneste,direkte SN2007,86,false,false,false,
Plan- og reguleringsarbeid,false,,1,2024-02-14,2024-02-14,1,0,SN2007,T1,SN2007,71.111,Plan- og reguleringsarbeid,5,71.111,Plan- og reguleringsarbeid,direkte SN2007,71,false,false,false,
Postordre-/Internetthandel med IKT-utstyr,false,,1,2024-11-05,2024-11-05,1,0,SN2007,T1,SN2007,47.916,Postordre-/Internetthandel med IKT-utstyr,5,47.916,Postordre-/Internetthandel med IKT-utstyr,direkte SN2007,47,false,false,false,
"Detaljhandel med andre motorvogner, unntatt motorsykler \n Vedl",true,"Detaljhandel med andre motorvogner, unntatt motorsykler",1,2023-02-03,2023-02-03,1,0,SN2007,T1,SN2007,45.192,"Detaljhandel med andre motorvogner, unntatt motorsykler",5,45.192,"Detaljhandel med andre motorvogner, unntatt motorsykler",direkte SN2007,45,false,false,false,
"Destillering, rektifisering og blanding av sprit",false,,1,2025-06-19,2025-06-19,1,0,SN2007,T1,SN2007,11.010,"Destillering, rektifisering og blanding av sprit",5,11.010,"Destillering, rektifisering og blanding av sprit",direkte SN2007,11,false,false,false,
Demontering av vrakede gjenstander,false,,1,2024-11-26,2024-11-26,1,0,SN2007,T1,SN2007,38.310,Demontering av vrakede gjenstander,5,38.310,Demontering av vrakede gjenstander,direkte SN2007,38,false,false,false,
Dataprogrammeringstjenester \n Frisering og barbering,true,Dataprogrammeringstjenester,1,2026-04-07,2026-04-07,0,1,SN2025,T2,SN2025,62.100,Dataprogrammeringstjenester,5,62.010,Programmeringstjenester,korrespondanse 1:1,62,false,false,false,
Praktisk bistand i hjemmet,false,,1,2026-04-09,2026-04-09,0,1,SN2025,T2,SN2025,88.101,Praktisk bistand i hjemmet,5,88.101,Hjemmehjelp,korrespondanse 1:1,88,false,false,false,
Damp- og varmtvannsforsyning,false,,1,2024-12-18,2024-12-18,1,0,SN2007,T1,SN2007,35.300,Damp- og varmtvannsforsyning,5,35.300,Damp- og varmtvannsforsyning,direkte SN2007,35,false,false,false,
Aktiviteter utført av turistkontorer og destinasjonsselskape,false,,1,2026-07-22,2026-07-22,0,1,SN2025,T2,SN2025,79.901,Aktiviteter utført av turistkontorer og destinasjonsselskaper,5,79.901,Turistkontorvirksomhet og destinasjonsselskaper,korrespondanse 1:1,79,false,false,false,
Produksjon av andre deler og annet utstyr til motorvogner,false,,1,2025-03-25,2025-03-25,1,0,SN2007,T1,SN2007,29.320,Produksjon av andre deler og annet utstyr til motorvogner,5,29.320,Produksjon av andre deler og annet utstyr til motorvogner,direkte SN2007,29,false,false,false,
Produksjon av andre keramiske produkter for teknisk bruk,false,,1,2024-10-25,2024-10-25,1,0,SN2007,T1,SN2007,23.440,Produksjon av andre keramiske produkter for teknisk bruk,5,23.440,Produksjon av andre keramiske produkter for teknisk bruk,direkte SN2007,23,false,false,false,
Dagaktivitetstilbud tilpasset målgrupper,false,,1,2025-12-12,2025-12-12,0,1,SN2025,T2,SN2025,88.102,Dagaktivitetstilbud tilpasset målgrupper,5,88.102,Dagsentra/aktivitetssentra for eldre og funksjonshemmede,korrespondanse 1:1,88,false,false,false,
"Produksjon av andre tekstilvarer, unntatt klær \n Butikkhandel",true,"Produksjon av andre tekstilvarer, unntatt klær",1,2021-12-23,2021-12-23,1,0,SN2007,T1,SN2007,13.929,"Produksjon av andre tekstilvarer, unntatt klær",5,13.929,"Produksjon av andre tekstilvarer, unntatt klær",direkte SN2007,13,false,false,false,
Cateringvirksomhet \n Arbeidstrening for ordinært arbeidsmarked,true,Cateringvirksomhet,1,2023-11-08,2023-11-08,1,0,SN2007,T1,SN2007,56.210,Cateringvirksomhet,5,56.210,Cateringvirksomhet,direkte SN2007,56,false,false,false,
Produksjon av andre uorganiske kjemiske råvarer,false,,1,2026-01-12,2026-01-12,0,1,SN2025,T2,SN2025,20.130,Produksjon av andre uorganiske kjemiske råvarer,5,20.130,Produksjon av andre uorganiske kjemikalier,korrespondanse 1:1,20,false,false,false,
"Agentur- og engroshandel med motorsykler, deler og utstyr",false,,1,2024-02-21,2024-02-21,1,0,SN2007,T1,SN2007,45.401,"Agentur- og engroshandel med motorsykler, deler og utstyr",5,45.401,"Agentur- og engroshandel med motorsykler, deler og utstyr",direkte SN2007,45,false,false,false,
Bygging av skip og skrog over 100 br.tonn \n Reparasjon og vedl,true,Bygging av skip og skrog over 100 br.tonn,1,2025-06-02,2025-06-02,1,0,SN2007,T1,SN2007,30.111,Bygging av skip og skrog over 100 br.tonn,5,30.111,Bygging av skip og skrog over 100 br.tonn,direkte SN2007,30,false,false,false,
Produksjon av belysningsutstyr,false,,1,2023-11-24,2023-11-24,1,0,SN2007,T1,SN2007,27.400,Produksjon av belysningsutstyr,5,27.400,Produksjon av belysningsutstyr,direkte SN2007,27,false,false,false,
Bygging av skip og skrog over 100 br.tonn \n Innrednings- og in,true,Bygging av skip og skrog over 100 br.tonn,1,2024-01-30,2024-01-30,1,0,SN2007,T1,SN2007,30.111,Bygging av skip og skrog over 100 br.tonn,5,30.111,Bygging av skip og skrog over 100 br.tonn,direkte SN2007,30,false,false,false,
Bygging av skip og skrog over 100 br.tonn \n Annen teknisk kons,true,Bygging av skip og skrog over 100 br.tonn,1,2024-05-22,2024-05-22,1,0,SN2007,T1,SN2007,30.111,Bygging av skip og skrog over 100 br.tonn,5,30.111,Bygging av skip og skrog over 100 br.tonn,direkte SN2007,30,false,false,false,
Produksjon av brød og ferske konditorvarer \n Detaljhandel med,true,Produksjon av brød og ferske konditorvarer,1,2025-09-09,2025-09-09,0,1,SN2025,T2,SN2025,10.710,Produksjon av brød og ferske konditorvarer,5,10.710|10.860,Produksjon av brød og ferske konditorvarer | Produksjon av homogeniserte matprodukter og diettmat,korrespondanse 1:n,10,false,false,false,
Bygging av sivile skip og flytende materiell,false,,1,2026-05-26,2026-05-26,0,1,SN2025,T2,SN2025,30.110,Bygging av sivile skip og flytende materiell,5,30.111|30.112|30.113|30.114|30.115|30.116,Bygging av skip og skrog over 100 br.tonn | Bygging av skip under 100 br.tonn | Bygging av oljeplattformer og moduler | Produksjon av annet flytende materiell | Innrednings- og installasjonsarbeid utført på skip over 100 br.tonn | Innrednings- og installasjonsarbeid utført på oljeplattformer og moduler,korrespondanse 1:n,30,false,false,false,
Produksjon av datamaskiner og tilleggsutstyr \n Utgivelse av an,true,Produksjon av datamaskiner og tilleggsutstyr,1,2024-02-01,2024-02-01,1,0,SN2007,T1,SN2007,26.200,Produksjon av datamaskiner og tilleggsutstyr,5,26.200,Produksjon av datamaskiner og tilleggsutstyr,direkte SN2007,26,false,false,false,
Produksjon av dører og vinduer av plast,false,,1,2026-04-17,2026-04-17,0,1,SN2025,T2,SN2025,22.230,Produksjon av dører og vinduer av plast,5,22.230,Produksjon av byggevarer av plast,korrespondanse 1:1,22,false,false,false,
Produksjon av elektrisitet ellers,false,,1,2024-08-28,2024-08-28,1,0,SN2007,T1,SN2007,35.119,Produksjon av elektrisitet ellers,5,35.119,Produksjon av elektrisitet ellers,direkte SN2007,35,false,false,false,
Produksjon av elektrisitet fra vindkraft,false,,1,2023-11-23,2023-11-23,1,0,SN2007,T1,SN2007,35.112,Produksjon av elektrisitet fra vindkraft,5,35.112,Produksjon av elektrisitet fra vindkraft,direkte SN2007,35,false,false,false,
Produksjon av elektriske husholdningsmaskiner og -apparater,false,,1,2025-08-29,2025-08-29,1,0,SN2007,T2,SN2025,27.510,Produksjon av elektriske husholdningsmaskiner og -apparater,5,27.510,Produksjon av elektriske husholdningsmaskiner og apparater,korrespondanse 1:1,27,false,false,false,
"Produksjon av elektromotorer, generatorer og transformatorer",false,,1,2024-04-18,2024-04-18,1,0,SN2007,T1,SN2007,27.110,"Produksjon av elektromotorer, generatorer og transformatorer",5,27.110,"Produksjon av elektromotorer, generatorer og transformatorer",direkte SN2007,27,false,false,false,
Produksjon av elektronikk til husholdningsbruk,false,,1,2021-07-06,2021-07-06,1,0,SN2007,T1,SN2007,26.400,Produksjon av elektronikk til husholdningsbruk,5,26.400,Produksjon av elektronikk til husholdningsbruk,direkte SN2007,26,false,false,false,
"Produksjon av film, video og fjernsynsprogrammer \n Fotografvir",true,"Produksjon av film, video og fjernsynsprogrammer",1,2025-12-01,2025-12-01,0,1,SN2025,T2,SN2025,59.110,"Produksjon av film, video og fjernsynsprogrammer",5,59.110,"Produksjon av film, video og fjernsynsprogrammer",identisk kode i begge standarder,59,false,false,false,
Produksjon av finerplater og andre bygnings- og møbelplater,false,,1,2024-12-23,2024-12-23,1,0,SN2007,T1,SN2007,16.210,Produksjon av finerplater og andre bygnings- og møbelplater av tre,5,16.210,Produksjon av finerplater og andre bygnings- og møbelplater av tre,direkte SN2007,16,false,false,false,
"Produksjon av fisk, bløtdyr, krepsdyr og andre dyr som lever",false,,1,2026-02-24,2026-02-24,0,1,SN2025,T2,SN2025,03.221,"Produksjon av fisk, bløtdyr, krepsdyr og andre dyr som lever i ferskvann",5,03.221,"Produksjon av matfisk, bløtdyr og krepsdyr i ferskvannsbasert akvakultur",korrespondanse 1:1,03,false,false,false,
Produksjon av fôrvarer for akvakultur,false,,1,2025-09-17,2025-09-17,0,1,SN2025,T2,SN2025,10.912,Produksjon av fôrvarer for akvakultur,5,10.910,Produksjon av fôrvarer til husdyrhold,korrespondanse 1:1,10,false,false,false,
Produksjon av fôrvarer til husdyrhold,false,,1,2024-01-10,2024-01-10,1,0,SN2007,T1,SN2007,10.910,Produksjon av fôrvarer til husdyrhold,5,10.910,Produksjon av fôrvarer til husdyrhold,direkte SN2007,10,false,false,false,
Produksjon av fôrvarer til kjæledyr,false,,1,2026-01-20,2026-01-20,0,1,SN2025,T2,SN2025,10.920,Produksjon av fôrvarer til kjæledyr,5,10.920,Produksjon av fôrvarer til kjæledyr,identisk kode i begge standarder,10,false,false,false,
Produksjon av fôrvarer til kjæledyr \n Annen teknisk konsulentv,true,Produksjon av fôrvarer til kjæledyr,1,2026-03-18,2026-03-18,0,1,SN2025,T2,SN2025,10.920,Produksjon av fôrvarer til kjæledyr,5,10.920,Produksjon av fôrvarer til kjæledyr,identisk kode i begge standarder,10,false,false,false,
Produksjon av gjødsel og nitrogenforbindelser,false,,1,2026-08-12,2026-08-12,0,1,SN2025,T2,SN2025,20.150,Produksjon av gjødsel og nitrogenforbindelser,5,20.150,"Produksjon av gjødsel, nitrogenforbindelser og vekstjord",korrespondanse 1:1,20,false,false,false,
"Produksjon av gjødsel, nitrogenforbindelser og vekstjord",false,,1,2024-12-10,2024-12-10,1,0,SN2007,T1,SN2007,20.150,"Produksjon av gjødsel, nitrogenforbindelser og vekstjord",5,20.150,"Produksjon av gjødsel, nitrogenforbindelser og vekstjord",direkte SN2007,20,false,false,false,
Produksjon av halvfabrikater av aluminium,false,,1,2023-05-04,2023-05-04,1,0,SN2007,T1,SN2007,24.422,Produksjon av halvfabrikater av aluminium,5,24.422,Produksjon av halvfabrikater av aluminium,direkte SN2007,24,false,false,false,
Produksjon av homogeniserte matprodukter og diettmat,false,,1,2022-10-21,2022-10-21,1,0,SN2007,T1,SN2007,10.860,Produksjon av homogeniserte matprodukter og diettmat,5,10.860,Produksjon av homogeniserte matprodukter og diettmat,direkte SN2007,10,false,false,false,
Produksjon av håndverktøy,false,,1,2026-07-07,2026-07-07,0,1,SN2025,T2,SN2025,25.630,Produksjon av håndverktøy,5,25.730,Produksjon av håndverktøy,korrespondanse 1:1,25,false,false,false,
Produksjon av ikke-elektriske husholdningsmaskiner og -appar,false,,1,2024-08-20,2024-08-20,1,0,SN2007,T2,SN2025,27.520,Produksjon av ikke-elektriske husholdningsmaskiner og -apparater,5,27.520,Produksjon av ikke-elektriske husholdningsmaskiner og apparater,korrespondanse 1:1,27,false,false,false,
Produksjon av ikke-metallholdige mineralprodukter ikke nevnt,false,,1,2025-02-27,2025-02-27,1,0,SN2007,T1,SN2007,23.990,Produksjon av ikke-metallholdige mineralprodukter ikke nevnt annet sted,5,23.990,Produksjon av ikke-metallholdige mineralprodukter ikke nevnt annet sted,direkte SN2007,23,false,false,false,
Produksjon av industrigasser,false,,1,2023-11-23,2023-11-23,1,0,SN2007,T1,SN2007,20.110,Produksjon av industrigasser,5,20.110,Produksjon av industrigasser,direkte SN2007,20,false,false,false,
Produksjon av iskrem,false,,1,2023-06-27,2023-06-27,1,0,SN2007,T1,SN2007,10.520,Produksjon av iskrem,5,10.520,Produksjon av iskrem,direkte SN2007,10,false,false,false,
"Produksjon av kavringer, kjeks og konserverte konditorvarer",false,,1,2025-02-05,2025-02-05,1,0,SN2007,T1,SN2007,10.720,"Produksjon av kavringer, kjeks og konserverte konditorvarer",5,10.720,"Produksjon av kavringer, kjeks og konserverte konditorvarer",direkte SN2007,10,false,false,false,
Produksjon av kjøkkenredskaper og skjære- og klipperedskaper,false,,1,2024-08-13,2024-08-13,1,0,SN2007,T1,SN2007,25.710,Produksjon av kjøkkenredskaper og skjære- og klipperedskaper,5,25.710,Produksjon av kjøkkenredskaper og skjære- og klipperedskaper,direkte SN2007,25,false,false,false,
Produksjon av klær av lær,false,,1,2025-03-13,2025-03-13,1,0,SN2007,T1,SN2007,14.110,Produksjon av klær av lær,5,14.110,Produksjon av klær av lær,direkte SN2007,14,false,false,false,
Produksjon av klær av trikotasje og heklede klær,false,,1,2025-11-12,2025-11-12,0,1,SN2025,T2,SN2025,14.100,Produksjon av klær av trikotasje og heklede klær,5,14.130|14.140|14.190|14.310|14.390,Produksjon av annet yttertøy | Produksjon av undertøy og innertøy | Produksjon av klær og tilbehør ellers | Produksjon av strømpevarer | Produksjon av andre klær av trikotasje,korrespondanse 1:n,14,false,false,false,
Produksjon av kontorartikler av papir,false,,1,2025-08-20,2025-08-20,1,0,SN2007,T1,SN2007,17.230,Produksjon av kontorartikler av papir,5,17.230,Produksjon av kontorartikler av papir,direkte SN2007,17,false,false,false,
Produksjon av kornvarer,false,,1,2025-01-02,2025-01-02,1,0,SN2007,T1,SN2007,10.610,Produksjon av kornvarer,5,10.610,Produksjon av kornvarer,direkte SN2007,10,false,false,false,
Produksjon av lokomotiver og annet rullende materiell til je,false,,1,2025-11-11,2025-11-11,0,1,SN2025,T2,SN2025,30.200,Produksjon av lokomotiver og annet rullende materiell til jernbane og sporvei,5,30.200,Produksjon av lokomotiver og annet rullende materiell til jernbane og sporvei,identisk kode i begge standarder,30,false,false,false,
Produksjon av løfte- og håndteringsutstyr ellers,false,,1,2023-05-23,2023-05-23,1,0,SN2007,T1,SN2007,28.229,Produksjon av løfte- og håndteringsutstyr ellers,5,28.229,Produksjon av løfte- og håndteringsutstyr ellers,direkte SN2007,28,false,false,false,
Produksjon av maskiner og utstyr til bergverksdrift og bygge,false,,1,2023-11-02,2023-11-02,1,0,SN2007,T1,SN2007,28.920,Produksjon av maskiner og utstyr til bergverksdrift og bygge- og anleggsvirksomhet,5,28.920,Produksjon av maskiner og utstyr til bergverksdrift og bygge- og anleggsvirksomhet,direkte SN2007,28,false,false,false,
Produksjon av maskiner og utstyr til generell bruk ikke nevn,false,,1,2026-06-03,2026-06-03,0,1,SN2025,T2,SN2025,28.290,Produksjon av maskiner og utstyr til generell bruk ikke nevnt annet sted,5,28.290,"Produksjon av maskiner og utstyr til generell bruk, ikke nevnt annet sted",korrespondanse 1:1,28,false,false,false,
Produksjon av metallkonstruksjoner og deler \n Ventilasjonsarbe,true,Produksjon av metallkonstruksjoner og deler,1,2026-08-06,2026-08-06,0,1,SN2025,T2,SN2025,25.110,Produksjon av metallkonstruksjoner og deler,5,25.110,Produksjon av metallkonstruksjoner og deler,identisk kode i begge standarder,25,false,false,false,
"Produksjon av mineralvann, leskedrikker og annet vann på fla",false,,1,2023-02-14,2023-02-14,1,0,SN2007,T1,SN2007,11.070,"Produksjon av mineralvann, leskedrikker og annet vann på flaske",5,11.070,"Produksjon av mineralvann, leskedrikker og annet vann på flaske",direkte SN2007,11,false,false,false,
Produksjon av monteringsferdige hus \n Oppføring av bygninger,true,Produksjon av monteringsferdige hus,1,2023-09-12,2023-09-12,1,0,SN2007,T1,SN2007,16.231,Produksjon av monteringsferdige hus,5,16.231,Produksjon av monteringsferdige hus,direkte SN2007,16,false,false,false,
Bygging av broer og tunneler,false,,1,2026-07-07,2026-07-07,0,1,SN2025,T2,SN2025,42.130,Bygging av broer og tunneler,5,42.130,Bygging av bruer og tunneler,korrespondanse 1:1,42,true,true,false,
Produksjon av møbler \n Oppføring av bygninger,true,Produksjon av møbler,1,2026-05-21,2026-05-21,0,1,SN2025,T2,SN2025,31.000,Produksjon av møbler,5,23.420|31.010|31.020|31.030|31.090,Produksjon av sanitærutstyr av keramisk materiale | Produksjon av kontor- og butikkmøbler | Produksjon av kjøkkenmøbler | Produksjon av madrasser | Produksjon av møbler ellers,korrespondanse 1:n,23|31,false,false,false,
Produksjon av optiske instrumenter og fotografisk utstyr,false,,1,2024-11-04,2024-11-04,1,0,SN2007,T1,SN2007,26.700,Produksjon av optiske instrumenter og fotografisk utstyr,5,26.700,Produksjon av optiske instrumenter og fotografisk utstyr,direkte SN2007,26,false,false,false,
"Produksjon av optiske instrumenter, magnetiske og optiske me",false,,1,2026-04-13,2026-04-13,0,1,SN2025,T2,SN2025,26.700,"Produksjon av optiske instrumenter, magnetiske og optiske medier og fotografisk utstyr",5,26.700|26.800,Produksjon av optiske instrumenter og fotografisk utstyr | Produksjon av magnetiske og optiske media,korrespondanse 1:n,26,false,false,false,
Produksjon av parfyme og toalettartikler,false,,1,2024-03-22,2024-03-22,1,0,SN2007,T1,SN2007,20.420,Produksjon av parfyme og toalettartikler,5,20.420,Produksjon av parfyme og toalettartikler,direkte SN2007,20,false,false,false,
Produksjon av plastemballasje,false,,1,2024-07-03,2024-07-03,1,0,SN2007,T1,SN2007,22.220,Produksjon av plastemballasje,5,22.220,Produksjon av plastemballasje,direkte SN2007,22,false,false,false,
Produksjon av raffinerte petroleumsprodukter,false,,1,2024-12-17,2024-12-17,1,0,SN2007,T1,SN2007,19.200,Produksjon av raffinerte petroleumsprodukter,5,19.200,Produksjon av raffinerte petroleumsprodukter,direkte SN2007,19,false,false,false,
Produksjon av reiseeffekter og salmakerartikler,false,,1,2024-07-04,2024-07-04,1,0,SN2007,T1,SN2007,15.120,Produksjon av reiseeffekter og salmakerartikler,5,15.120,Produksjon av reiseeffekter og salmakerartikler,direkte SN2007,15,false,false,false,
Produksjon av sider og annen fruktvin,false,,1,2024-03-22,2024-03-22,1,0,SN2007,T1,SN2007,11.030,Produksjon av sider og annen fruktvin,5,11.030,Produksjon av sider og annen fruktvin,direkte SN2007,11,false,false,false,
Produksjon av skotøy,false,,1,2023-10-12,2023-10-12,1,0,SN2007,T1,SN2007,15.200,Produksjon av skotøy,5,15.200,Produksjon av skotøy,direkte SN2007,15,false,false,false,
Produksjon av smakstilsettingsstoffer og krydderier,false,,1,2023-02-03,2023-02-03,1,0,SN2007,T1,SN2007,10.840,Produksjon av smakstilsettingsstoffer og krydderier,5,10.840,Produksjon av smakstilsettingsstoffer og krydderier,direkte SN2007,10,false,false,false,
Produksjon av spill og leker,false,,1,2025-01-14,2025-01-14,1,0,SN2007,T1,SN2007,32.400,Produksjon av spill og leker,5,32.400,Produksjon av spill og leker,direkte SN2007,32,false,false,false,
Butikkhandel med trelast,false,,1,2023-03-27,2023-03-27,1,0,SN2007,T1,SN2007,47.524,Butikkhandel med trelast,5,47.524,Butikkhandel med trelast,direkte SN2007,47,false,false,false,
Produksjon av stivelse og stivelsesprodukter,false,,1,2024-04-05,2024-04-05,1,0,SN2007,T1,SN2007,10.620,Produksjon av stivelse og stivelsesprodukter,5,10.620,Produksjon av stivelse og stivelsesprodukter,direkte SN2007,10,false,false,false,
Produksjon av teknisk glass og andre glassvarer,false,,1,2024-04-15,2024-04-15,1,0,SN2007,T1,SN2007,23.190,Produksjon av teknisk glass og andre glassvarer,5,23.190,Produksjon av teknisk glass og andre glassvarer,direkte SN2007,23,false,false,false,
Produksjon av tekstiler ikke nevnt annet sted,false,,1,2026-06-17,2026-06-17,0,1,SN2025,T2,SN2025,13.990,Produksjon av tekstiler ikke nevnt annet sted,5,13.990,Produksjon av tekstiler ikke nevnt annet sted,identisk kode i begge standarder,13,false,false,false,
Produksjon av tekstiler til teknisk og industriell bruk,false,,1,2026-08-24,2026-08-24,0,1,SN2025,T2,SN2025,13.960,Produksjon av tekstiler til teknisk og industriell bruk,5,13.200|13.929|13.960,"Veving av tekstiler | Produksjon av andre tekstilvarer, unntatt klær | Produksjon av tekstiler til teknisk og industriell bruk",korrespondanse 1:n,13,false,false,false,
Produksjon av treemballasje,false,,1,2024-03-12,2024-03-12,1,0,SN2007,T1,SN2007,16.240,Produksjon av treemballasje,5,16.240,Produksjon av treemballasje,direkte SN2007,16,false,false,false,
Produksjon av vin,false,,1,2026-01-23,2026-01-23,0,1,SN2025,T2,SN2025,11.020,Produksjon av vin,5,11.020,Produksjon av vin,identisk kode i begge standarder,11,false,false,false,
Produksjon av yngel og settefisk i ferskvannsbasert fiskeopp,false,,1,2024-11-05,2024-11-05,1,0,SN2007,T5,SN2025,03.222,Produksjon av yngel og settefisk i ferskvann,5,03.222,Produksjon av yngel og settefisk i ferskvannsbasert akvakultur,korrespondanse 1:1,03,false,false,false,
Butikkhandel med tobakksvarer,false,,1,2024-04-15,2024-04-15,1,0,SN2007,T1,SN2007,47.260,Butikkhandel med tobakksvarer,5,47.260,Butikkhandel med tobakksvarer,direkte SN2007,47,false,false,false,
Butikkhandel med tekstiler og utstyrsvarer \n Butikkhandel med,true,Butikkhandel med tekstiler og utstyrsvarer,1,2024-04-18,2024-04-18,1,0,SN2007,T1,SN2007,47.510,Butikkhandel med tekstiler og utstyrsvarer,5,47.510,Butikkhandel med tekstiler og utstyrsvarer,direkte SN2007,47,false,false,false,
Programmeringstjenester \n Annen forretningsmessig tjenesteytin,true,Programmeringstjenester,1,2023-04-21,2023-04-21,1,0,SN2007,T1,SN2007,62.010,Programmeringstjenester,5,62.010,Programmeringstjenester,direkte SN2007,62,false,false,false,
Prøveboring,false,,1,2025-11-18,2025-11-18,0,1,SN2025,T2,SN2025,43.130,Prøveboring,5,43.130,Prøveboring,identisk kode i begge standarder,43,true,true,false,
Radiokringkasting og distribuering av musikk og andre lydmed,false,,1,2026-05-05,2026-05-05,0,1,SN2025,T2,SN2025,60.100,Radiokringkasting og distribuering av musikk og andre lydmedier,5,60.100,Radiokringkasting,korrespondanse 1:1,60,false,false,false,
Redningstjeneste,false,,1,2022-09-06,2022-09-06,1,0,SN2007,T1,SN2007,52.222,Redningstjeneste,5,52.222,Redningstjeneste,direkte SN2007,52,false,false,false,
Butikkhandel med tapeter og gulvbelegg,false,,1,2024-03-27,2024-03-27,1,0,SN2007,T1,SN2007,47.531,Butikkhandel med tapeter og gulvbelegg,5,47.531,Butikkhandel med tapeter og gulvbelegg,direkte SN2007,47,false,false,false,
Butikkhandel med reiseeffekter av lær og lærimitasjoner og v,false,,1,2024-11-28,2024-11-28,1,0,SN2007,T1,SN2007,47.722,Butikkhandel med reiseeffekter av lær og lærimitasjoner og varer av lær,5,47.722,Butikkhandel med reiseeffekter av lær og lærimitasjoner og varer av lær,direkte SN2007,47,false,false,false,
Butikkhandel med møbler \n Postordre-/Internetthandel med belys,true,Butikkhandel med møbler,1,2025-01-14,2025-01-14,1,0,SN2007,T1,SN2007,47.591,Butikkhandel med møbler,5,47.591,Butikkhandel med møbler,direkte SN2007,47,false,false,false,
Butikkhandel med medisinske og ortopediske artikler,false,,1,2023-09-14,2023-09-14,1,0,SN2007,T1,SN2007,47.740,Butikkhandel med medisinske og ortopediske artikler,5,47.740,Butikkhandel med medisinske og ortopediske artikler,direkte SN2007,47,false,false,false,
Butikkhandel med klær \n Frisering og annen skjønnhetspleie,true,Butikkhandel med klær,1,2024-03-26,2024-03-26,1,0,SN2007,T1,SN2007,47.710,Butikkhandel med klær,5,47.710,Butikkhandel med klær,direkte SN2007,47,false,false,false,
Butikkhandel med gardiner,false,,1,2023-04-18,2023-04-18,1,0,SN2007,T1,SN2007,47.533,Butikkhandel med gardiner,5,47.533,Butikkhandel med gardiner,direkte SN2007,47,false,false,false,
Reparasjon av annet utstyr,false,,1,2024-01-30,2024-01-30,1,0,SN2007,T1,SN2007,33.190,Reparasjon av annet utstyr,5,33.190,Reparasjon av annet utstyr,direkte SN2007,33,false,false,false,
Reparasjon av bearbeidede metallprodukter,false,,1,2025-01-21,2025-01-21,1,0,SN2007,T1,SN2007,33.110,Reparasjon av bearbeidede metallprodukter,5,33.110,Reparasjon av bearbeidede metallprodukter,direkte SN2007,33,false,false,false,
